entryId,numOfScans,macAddress,ssid,countOfMac,avgStrength,stdDev,avgStrengthNoOutliers,countNoOutliers,stdDevNoOutliers
1,20,00:22:b0:05:f3:bc,CSE-204,16,-61.88,2.5,-61.88,16,2.5
1,20,bc:22:28:21:55:6e,CSE-104,7,-69.57,1.99,-68.83,6,0.9
1,20,60:63:4c:31:37:40,CSE-303,13,-51.92,2.97,-51.33,12,2.25
1,20,36:62:f9:a1:88:57,CSE OFFICE,18,-80.56,3.96,-80.56,18,3.96
1,20,18:0f:76:c3:06:8d,CSE-304,16,-48.62,3.53,-48.62,16,3.53
1,20,bc:22:28:21:09:21,CSE-205,20,-73.45,3.44,-72.61,18,2.38
1,20,36:62:f9:a1:88:63,CSE OFFICE,17,-86.24,1.48,-86.24,17,1.48
1,20,26:94:5a:1b:90:4d,Tatakae🥷,15,-66.53,5.0,-68.92,12,1.71
1,20,d2:21:d7:af:f0:ae,Fihad's Galaxy,18,-64.94,2.84,-64.94,18,2.84
1,20,34:60:f9:a1:88:57,,6,-80.5,1.89,-80.5,6,1.89
1,20,bc:22:28:21:55:6b,CSE-104,16,-74.94,2.14,-74.94,16,2.14
1,20,a6:59:c9:64:d6:36,Pixel_5325,9,-65.67,2.98,-65.67,9,2.98
1,20,bc:22:28:21:09:b8,,10,-84.9,2.3,-84.9,10,2.3
1,20,52:29:6f:70:e8:02,Shakshor,18,-82.39,2.45,-82.39,18,2.45
1,20,60:63:4c:31:37:60,CSE-306,2,-86.0,1.0,-86.0,2,1.0
1,20,36:20:f9:a1:88:56,CSE OFFICE,7,-59.86,3.23,-59.86,7,3.23
1,20,34:60:f9:a1:88:63,,4,-86.5,1.8,-86.5,4,1.8
1,20,5c:e9:31:22:be:d6,,3,-73.0,0.82,-73.0,3,0.82
1,20,36:56:20:d4:75:60,Rayyan's Galaxy A24,1,-80.0,0.0,-80.0,1,0.0
1,20,bc:22:28:21:09:22,,7,-75.86,3.83,-75.8,5,0.98
1,20,5e:a9:31:22:be:d6,CSE-LAB,1,-74.0,0.0,-74.0,1,0.0
1,20,34:e8:94:10:7d:fa,Hall of Fame,1,-84.0,0.0,-84.0,1,0.0
1,20,70:4c:a5:95:b6:00,BUET-Free-WiFi,1,-85.0,0.0,-85.0,1,0.0
1,20,bc:22:28:21:09:b7,,3,-84.33,1.89,-84.33,3,1.89
1,20,80:af:ca:11:95:ea,Graduate Lobby,1,-86.0,0.0,-86.0,1,0.0
1,20,30:b5:c2:ea:5b:44,DataLab@BUET,4,-71.0,1.73,-71.0,4,1.73
1,20,bc:22:28:21:55:6c,,7,-73.29,0.7,-73.0,6,0.0
1,20,70:4c:a5:95:b6:01,eduroam,3,-80.0,0.0,-80.0,3,0.0
1,20,26:2f:d0:88:39:a2,IAC,1,-62.0,0.0,-62.0,1,0.0
1,20,5c:e9:31:22:bb:0b,,4,-89.25,0.43,-89.25,4,0.43
1,20,24:2f:d0:88:39:a2,,1,-55.0,0.0,-55.0,1,0.0
1,20,34:60:f9:a1:88:56,,4,-60.25,3.77,-60.25,4,3.77
1,20,5c:e9:31:22:bb:0a,,1,-66.0,0.0,-66.0,1,0.0
1,20,bc:22:28:21:09:ba,CSE-206,1,-70.0,0.0,-70.0,1,0.0
1,20,56:24:f1:d4:40:ff,Redmi Note 10,1,-67.0,0.0,-67.0,1,0.0
1,20,5e:ea:31:22:bb:0b,CSE-LAB,3,-89.0,0.0,-89.0,3,0.0
2,1,26:94:5a:1b:90:4d,Tatakae🥷,1,-58.0,0.0,-58.0,1,0.0
2,1,56:24:f1:d4:40:ff,Redmi Note 10,1,-71.0,0.0,-71.0,1,0.0
2,1,34:60:f9:a1:88:57,,1,-68.0,0.0,-68.0,1,0.0
2,1,70:4c:a5:95:a4:21,eduroam,1,-91.0,0.0,-91.0,1,0.0
2,1,34:60:f9:a1:88:56,,1,-52.0,0.0,-52.0,1,0.0
2,1,30:b5:c2:ea:5b:44,DataLab@BUET,1,-61.0,0.0,-61.0,1,0.0
2,1,a6:59:c9:64:d6:36,Pixel_5325,1,-61.0,0.0,-61.0,1,0.0
2,1,bc:22:28:21:09:b7,,1,-84.0,0.0,-84.0,1,0.0
2,1,d2:21:d7:af:f0:ae,Fihad's Galaxy,1,-52.0,0.0,-52.0,1,0.0
3,1,26:94:5a:1b:90:4d,Tatakae🥷,1,-75.0,0.0,-75.0,1,0.0
3,1,60:63:4c:31:37:40,CSE-303,1,-58.0,0.0,-58.0,1,0.0
3,1,34:60:f9:a1:88:57,,1,-82.0,0.0,-82.0,1,0.0
4,2,1e:61:b4:ac:79:f3,CSE-306BL,2,-91.0,0.0,-91.0,2,0.0
4,2,34:60:f9:a1:8b:8f,,2,-89.0,0.0,-89.0,2,0.0
4,2,34:60:f9:a1:88:63,,2,-82.0,0.0,-82.0,2,0.0
4,2,30:b5:c2:ea:5b:44,DataLab@BUET,2,-71.0,0.0,-71.0,2,0.0
4,2,36:62:f9:a1:8b:8f,CSE OFFICE,1,-89.0,0.0,-89.0,1,0.0
4,2,bc:22:28:21:55:6b,CSE-104,1,-83.0,0.0,-83.0,1,0.0
4,2,52:29:6f:70:e8:02,Shakshor,1,-70.0,0.0,-70.0,1,0.0
4,2,60:63:4c:31:37:60,CSE-306,1,-59.0,0.0,-59.0,1,0.0
4,2,36:62:f9:a1:88:63,CSE OFFICE,1,-82.0,0.0,-82.0,1,0.0
4,2,bc:22:28:21:09:21,CSE-205,1,-54.0,0.0,-54.0,1,0.0
4,2,00:22:b0:05:f3:bc,CSE-204,1,-58.0,0.0,-58.0,1,0.0
4,2,18:0f:76:c3:06:8d,CSE-304,1,-58.0,0.0,-58.0,1,0.0
5,20,26:94:5a:1b:90:4d,Tatakae🥷,1,-57.0,0.0,-57.0,1,0.0
5,20,46:b7:e8:94:1b:31,Galaxy A54 5G DACD,1,-67.0,0.0,-67.0,1,0.0
5,20,34:60:f9:a1:88:56,,2,-75.5,5.5,-75.5,2,5.5
5,20,34:60:f9:a1:88:63,,20,-85.95,2.69,-86.0,18,0.0
5,20,bc:22:28:21:09:b8,,20,-74.6,1.36,-75.0,18,0.0
5,20,bc:22:28:21:09:b7,,20,-75.45,1.99,-76.0,18,0.0
5,20,52:29:6f:70:e8:02,Shakshor,20,-60.75,2.38,-60.0,18,0.0
5,20,36:20:f9:a1:88:62,CSE OFFICE,19,-55.05,0.22,-55.0,18,0.0
5,20,36:62:f9:a1:88:63,CSE OFFICE,20,-85.75,2.19,-86.0,18,0.0
5,20,bc:22:28:21:09:24,CSE-205,19,-59.47,2.01,-59.0,18,0.0
5,20,bc:22:28:21:09:22,,19,-61.74,3.13,-61.0,18,0.0
5,20,bc:22:28:21:09:21,CSE-205,20,-61.9,3.49,-61.0,18,0.0
5,20,36:20:f9:a1:88:56,CSE OFFICE,2,-76.0,5.0,-76.0,2,5.0
5,20,bc:22:28:21:55:6e,CSE-104,2,-74.5,1.5,-74.5,2,1.5
5,20,18:0f:76:c3:06:8d,CSE-304,20,-55.4,1.2,-55.0,18,0.0
5,20,70:4c:a5:95:b6:18,BUET-Free-WiFi,18,-86.0,0.0,-86.0,18,0.0
5,20,1e:61:b4:ac:79:f3,CSE-306BL,19,-87.37,1.56,-87.0,18,0.0
5,20,30:b5:c2:ea:5b:44,DataLab@BUET,18,-74.0,0.0,-74.0,18,0.0
5,20,d2:21:d7:af:f0:ae,Fihad's Galaxy,19,-67.11,0.45,-67.0,18,0.0
5,20,24:2f:d0:88:39:a2,,18,-66.0,0.0,-66.0,18,0.0
5,20,bc:22:28:21:55:6b,CSE-104,18,-89.0,0.0,-89.0,18,0.0
5,20,60:63:4c:31:37:60,CSE-306,19,-69.32,1.34,-69.0,18,0.0
5,20,82:af:ca:21:95:ea,,19,-86.05,0.22,-86.0,18,0.0
5,20,56:24:f1:d4:40:ff,Redmi Note 10,1,-72.0,0.0,-72.0,1,0.0
5,20,60:63:4c:31:37:40,CSE-303,1,-66.0,0.0,-66.0,1,0.0
5,20,00:22:b0:05:f3:51,CSE-108,1,-77.0,0.0,-77.0,1,0.0
5,20,76:b5:7d:a1:24:cb,Rishuk,1,-82.0,0.0,-82.0,1,0.0
5,20,80:af:ca:11:95:ea,Graduate Lobby,1,-87.0,0.0,-87.0,1,0.0
5,20,00:22:b0:05:f3:bc,CSE-204,1,-62.0,0.0,-62.0,1,0.0
6,5,66:79:f0:36:84:ea,DIRECT-DCLAPTOP-LIA41UT4msFN,5,-64.8,4.62,-67.0,4,1.58
6,5,60:63:4c:31:37:40,CSE-303,3,-62.67,0.94,-62.67,3,0.94
6,5,8e:94:9f:cb:b9:b0,Fuad's A54,4,-53.5,6.73,-53.5,4,6.73
6,5,46:44:d1:b3:33:78,Galaxy M12 396F,4,-54.75,2.95,-54.75,4,2.95
6,5,5c:e9:31:22:be:d6,,1,-77.0,0.0,-77.0,1,0.0
6,5,30:b5:c2:ea:5b:44,DataLab@BUET,3,-59.33,6.85,-59.33,3,6.85
6,5,5e:a9:31:22:be:d6,CSE-LAB,1,-79.0,0.0,-79.0,1,0.0
6,5,8e:f6:fd:8d:6d:a4,POCO X3 Pro,5,-47.0,6.45,-47.0,5,6.45
6,5,8e:fa:5f:79:06:05,Ei j eta amar wifi,3,-58.33,2.49,-58.33,3,2.49
6,5,5c:e8:d3:0a:1e:e0,!FreeNet,4,-79.25,7.29,-79.25,4,7.29
6,5,52:29:6f:70:e8:02,Shakshor,3,-85.0,1.41,-85.0,3,1.41
6,5,36:20:f9:a1:88:62,CSE OFFICE,2,-63.0,4.0,-63.0,2,4.0
6,5,bc:22:28:21:09:24,CSE-205,4,-53.0,5.92,-53.0,4,5.92
6,5,bc:22:28:21:09:21,CSE-205,5,-58.2,5.64,-58.2,5,5.64
6,5,36:20:f9:a1:88:56,CSE OFFICE,2,-69.5,2.5,-69.5,2,2.5
6,5,00:22:b0:05:f3:bc,CSE-204,2,-64.0,5.0,-64.0,2,5.0
6,5,26:94:5a:1b:90:4d,Tatakae🥷,3,-63.67,3.09,-63.67,3,3.09
6,5,34:60:f9:a1:88:56,,2,-66.5,0.5,-66.5,2,0.5
6,5,34:60:f9:a1:88:62,,1,-66.0,0.0,-66.0,1,0.0
6,5,bc:22:28:21:09:b8,,1,-78.0,0.0,-78.0,1,0.0
6,5,bc:22:28:21:55:6c,,1,-91.0,0.0,-91.0,1,0.0
6,5,bc:22:28:21:55:6b,CSE-104,3,-87.0,2.94,-87.0,3,2.94
6,5,36:62:f9:a1:88:63,CSE OFFICE,1,-83.0,0.0,-83.0,1,0.0
6,5,bc:22:28:21:09:22,,1,-63.0,0.0,-63.0,1,0.0
6,5,5e:a9:31:22:bb:0a,CSE-LAB,1,-67.0,0.0,-67.0,1,0.0
6,5,d2:21:d7:af:f0:ae,Fihad's Galaxy,1,-77.0,0.0,-77.0,1,0.0
6,5,34:e8:94:10:7d:fa,Hall of Fame,1,-67.0,0.0,-67.0,1,0.0
6,5,bc:22:28:20:b9:f6,CSE-503,1,-86.0,0.0,-86.0,1,0.0
6,5,d6:2c:9e:ee:4a:20,Jo,2,-56.0,2.0,-56.0,2,2.0
7,20,34:60:f9:a1:88:57,,11,-88.82,2.69,-87.67,9,1.25
7,20,60:63:4c:31:37:48,dlink,18,-87.72,2.82,-87.72,18,2.82
7,20,34:60:f9:a1:88:56,,3,-64.67,0.47,-64.67,3,0.47
7,20,34:60:f9:a1:88:63,,7,-95.29,0.7,-95.29,7,0.7
7,20,bc:22:28:21:09:b7,,8,-92.88,1.69,-92.88,8,1.69
7,20,d2:21:d7:af:f0:ae,Fihad's Galaxy,4,-66.5,2.06,-66.5,4,2.06
7,20,bc:22:28:21:55:6c,,4,-87.25,1.3,-87.25,4,1.3
7,20,bc:22:28:21:55:6b,CSE-104,6,-87.83,2.61,-87.83,6,2.61
7,20,52:29:6f:70:e8:02,Shakshor,16,-85.94,3.13,-85.94,16,3.13
7,20,36:20:f9:a1:88:62,CSE OFFICE,1,-68.0,0.0,-68.0,1,0.0
7,20,36:62:f9:a1:88:63,CSE OFFICE,9,-95.78,0.92,-95.78,9,0.92
7,20,36:62:f9:a1:88:57,CSE OFFICE,15,-89.0,3.29,-87.92,13,1.94
7,20,bc:22:28:21:09:22,,9,-78.11,2.18,-78.11,9,2.18
7,20,bc:22:28:21:09:21,CSE-205,18,-79.44,4.5,-78.0,16,2.0
7,20,36:20:f9:a1:88:56,CSE OFFICE,3,-64.33,2.36,-64.33,3,2.36
7,20,00:22:b0:05:f3:bc,CSE-204,17,-61.12,6.57,-61.12,17,6.57
7,20,bc:22:28:21:09:24,CSE-205,1,-68.0,0.0,-68.0,1,0.0
7,20,18:0f:76:c3:06:8d,CSE-304,5,-56.2,0.4,-56.0,4,0.0
7,20,5c:e9:31:22:be:d6,,2,-84.0,0.0,-84.0,2,0.0
7,20,30:b5:c2:ea:5b:44,DataLab@BUET,2,-78.0,0.0,-78.0,2,0.0
7,20,5e:a9:31:22:be:d6,CSE-LAB,2,-83.0,0.0,-83.0,2,0.0
7,20,5c:e9:31:22:bb:0a,,3,-72.0,1.41,-72.0,3,1.41
7,20,36:56:20:d4:75:60,Rayyan's Galaxy A24,2,-79.0,0.0,-79.0,2,0.0
7,20,bc:22:28:21:09:ba,CSE-206,4,-80.0,1.0,-80.0,4,1.0
7,20,26:94:5a:1b:90:4d,Tatakae🥷,2,-76.0,0.0,-76.0,2,0.0
7,20,bc:22:28:21:55:6e,CSE-104,2,-74.0,0.0,-74.0,2,0.0
7,20,60:63:4c:31:37:40,CSE-303,3,-66.33,2.36,-66.33,3,2.36
7,20,bc:22:28:21:09:b8,,5,-91.2,4.75,-91.2,5,4.75
7,20,5e:a9:31:22:bb:0a,CSE-LAB,1,-71.0,0.0,-71.0,1,0.0
8,11,60:63:4c:31:37:48,dlink,11,-82.91,1.73,-82.91,11,1.73
8,11,34:60:f9:a1:88:56,,9,-53.56,2.01,-53.56,9,2.01
8,11,34:60:f9:a1:88:62,,5,-57.6,1.96,-57.6,5,1.96
8,11,34:60:f9:a1:88:63,,2,-87.0,0.0,-87.0,2,0.0
8,11,30:b5:c2:ea:5b:44,DataLab@BUET,11,-67.09,5.02,-67.09,11,5.02
8,11,a6:59:c9:64:d6:36,Pixel_5325,2,-61.0,0.0,-61.0,2,0.0
8,11,bc:22:28:21:09:b7,,4,-85.0,3.0,-85.0,4,3.0
8,11,d2:21:d7:af:f0:ae,Fihad's Galaxy,11,-57.0,1.21,-57.0,7,0.0
8,11,bc:22:28:21:55:6c,,4,-80.5,0.5,-80.5,4,0.5
8,11,bc:22:28:21:55:6b,CSE-104,11,-77.0,1.54,-77.0,11,1.54
8,11,52:29:6f:70:e8:02,Shakshor,9,-83.44,2.01,-83.44,9,2.01
8,11,36:62:f9:a1:88:63,CSE OFFICE,5,-83.4,2.94,-83.4,5,2.94
8,11,36:62:f9:a1:88:57,CSE OFFICE,11,-79.82,3.64,-79.82,11,3.64
8,11,bc:22:28:21:09:22,,4,-70.0,4.0,-70.0,4,4.0
8,11,bc:22:28:21:09:21,CSE-205,11,-72.18,4.99,-72.18,11,4.99
8,11,bc:22:28:21:09:ba,CSE-206,2,-74.0,0.0,-74.0,2,0.0
8,11,36:20:f9:a1:88:56,CSE OFFICE,11,-54.64,1.97,-54.64,11,1.97
8,11,18:0f:76:c3:06:8d,CSE-304,7,-49.14,2.95,-49.14,7,2.95
8,11,5c:e9:31:22:bb:0a,,7,-64.71,1.67,-64.71,7,1.67
8,11,5e:a9:31:22:bb:0a,CSE-LAB,6,-67.67,5.25,-67.67,6,5.25
8,11,26:94:5a:1b:90:4d,Tatakae🥷,5,-56.0,2.45,-56.0,5,2.45
8,11,60:63:4c:31:37:40,CSE-303,7,-60.14,5.38,-60.14,7,5.38
8,11,34:60:f9:a1:88:57,,7,-78.57,2.26,-78.57,7,2.26
8,11,bc:22:28:21:09:b8,,5,-83.6,1.96,-83.6,5,1.96
8,11,36:56:20:d4:75:60,Rayyan's Galaxy A24,2,-79.0,0.0,-79.0,2,0.0
8,11,24:2f:d0:88:39:a2,,2,-55.0,0.0,-55.0,2,0.0
8,11,26:2f:d0:88:39:a2,IAC,2,-56.0,0.0,-56.0,2,0.0
8,11,00:22:b0:05:f3:bc,CSE-204,5,-54.0,0.0,-54.0,5,0.0
8,11,26:2a:d0:88:39:a3,IAC,3,-88.0,0.0,-88.0,3,0.0
8,11,70:4c:a5:95:b6:01,eduroam,3,-81.0,0.0,-81.0,3,0.0
8,11,34:e8:94:10:7d:fa,Hall of Fame,3,-65.0,0.0,-65.0,3,0.0
8,11,36:20:f9:a1:88:62,CSE OFFICE,3,-59.0,0.0,-59.0,3,0.0
9,20,96:33:56:57:7a:84,iPhone (3),10,-72.6,3.83,-72.0,6,0.0
9,20,34:60:f9:a1:88:62,,5,-65.6,2.42,-64.5,4,1.12
9,20,5c:e8:d3:0a:1e:e0,!FreeNet,11,-66.91,6.76,-66.91,11,6.76
9,20,34:60:f9:a1:88:63,,7,-87.86,0.35,-88.0,6,0.0
9,20,bc:22:28:21:09:24,CSE-205,15,-53.13,2.39,-52.71,14,1.87
9,20,5c:e9:31:22:be:d6,,1,-72.0,0.0,-72.0,1,0.0
9,20,bc:22:28:21:09:22,,4,-60.5,1.8,-60.5,4,1.8
9,20,bc:22:28:21:09:21,CSE-205,20,-60.15,1.39,-60.17,18,1.07
9,20,26:94:5a:1b:90:4d,Tatakae🥷,14,-58.43,6.83,-58.43,14,6.83
9,20,30:b5:c2:ea:5b:44,DataLab@BUET,5,-69.2,1.94,-69.2,5,1.94
9,20,66:79:f0:36:84:ea,DIRECT-DCLAPTOP-LIA41UT4msFN,8,-73.62,1.87,-74.0,6,0.0
9,20,bc:22:28:21:09:b7,,8,-88.88,0.33,-89.0,7,0.0
9,20,34:60:f9:a1:8b:8e,,3,-72.0,0.82,-72.0,3,0.82
9,20,5e:a9:31:22:be:d6,CSE-LAB,1,-72.0,0.0,-72.0,1,0.0
9,20,36:20:f9:a1:88:62,CSE OFFICE,7,-65.29,2.55,-65.29,7,2.55
9,20,60:63:4c:31:37:40,CSE-303,11,-54.55,4.68,-54.55,11,4.68
9,20,aa:bb:60:c1:1d:bd,Tanveer's Galaxy A32,1,-64.0,0.0,-64.0,1,0.0
9,20,8e:94:9f:cb:b9:b0,Fuad's A54,18,-58.0,4.01,-58.0,18,4.01
9,20,8e:fa:5f:79:06:05,Ei j eta amar wifi,19,-47.37,9.29,-47.37,19,9.29
9,20,8e:f6:fd:8d:6d:a4,POCO X3 Pro,13,-63.15,1.41,-63.0,8,0.0
9,20,46:44:d1:b3:33:78,Galaxy M12 396F,18,-64.67,3.23,-64.67,18,3.23
9,20,bc:22:28:21:55:6c,,2,-91.0,1.0,-91.0,2,1.0
9,20,bc:22:28:21:55:6b,CSE-104,2,-91.5,0.5,-91.5,2,0.5
9,20,00:22:b0:05:f3:bc,CSE-204,7,-74.0,0.53,-74.0,5,0.0
9,20,56:f1:5f:2e:db:20,Horion_j6,6,-73.0,0.0,-73.0,6,0.0
9,20,18:0f:76:c3:06:8d,CSE-304,8,-65.5,1.73,-65.0,6,0.0
9,20,10:62:eb:77:b7:42,CSE-G04,7,-70.43,1.05,-70.0,6,0.0
9,20,36:62:f9:a1:88:63,CSE OFFICE,8,-86.75,1.09,-87.0,6,0.0
9,20,56:f1:5f:2e:f3:7a,Horion_yj,2,-74.5,3.5,-74.5,2,3.5
9,20,d2:21:d7:af:f0:ae,Fihad's Galaxy,6,-71.33,0.75,-71.0,5,0.0
9,20,bc:22:28:21:09:b8,,2,-89.5,1.5,-89.5,2,1.5
9,20,bc:62:ce:6a:3a:2a,RBH 204,1,-71.0,0.0,-71.0,1,0.0
9,20,36:20:f9:a1:8b:8e,CSE OFFICE,1,-71.0,0.0,-71.0,1,0.0
10,20,5c:e9:31:22:be:d6,,20,-77.35,1.74,-77.83,18,1.01
10,20,bc:62:ce:6a:3a:2a,RBH 204,15,-72.07,1.34,-72.07,15,1.34
10,20,36:62:f9:a1:88:63,CSE OFFICE,20,-85.15,2.24,-84.84,19,1.84
10,20,2c:fe:e2:59:d0:c2,Horion_e9,20,-66.05,3.31,-66.05,20,3.31
10,20,bc:22:28:21:55:6c,,20,-86.1,1.58,-86.1,20,1.58
10,20,36:20:f9:a1:88:62,CSE OFFICE,20,-67.8,4.32,-67.8,20,4.32
10,20,96:33:56:57:7a:84,iPhone (3),17,-79.76,1.63,-79.38,16,0.48
10,20,bc:22:28:21:55:6b,CSE-104,20,-85.15,2.17,-85.15,20,2.17
10,20,bc:22:28:21:09:21,CSE-205,20,-59.7,2.24,-59.26,19,1.21
10,20,00:22:b0:05:f3:bc,CSE-204,20,-67.45,3.65,-67.45,20,3.65
10,20,bc:22:28:21:09:22,,20,-59.95,2.09,-59.5,16,0.79
10,20,8e:fa:5f:79:06:05,Ei j eta amar wifi,20,-60.65,4.14,-59.84,19,2.23
10,20,56:f1:5f:2e:f3:7a,Horion_yj,20,-74.8,3.25,-74.8,20,3.25
10,20,8e:f6:fd:8d:6d:a4,POCO X3 Pro,20,-52.0,3.32,-52.0,20,3.32
10,20,60:63:4c:31:37:40,CSE-303,20,-65.9,3.52,-65.9,20,3.52
10,20,60:63:4c:31:37:48,dlink,20,-83.2,2.6,-83.2,20,2.6
10,20,34:60:f9:a1:88:63,,20,-85.85,1.62,-85.39,18,0.83
10,20,bc:22:28:21:09:24,CSE-205,20,-57.55,3.5,-57.05,19,2.82
10,20,5e:a9:31:22:be:d6,CSE-LAB,16,-76.0,1.41,-76.0,16,1.41
10,20,d2:21:d7:af:f0:ae,Fihad's Galaxy,18,-79.78,2.39,-78.57,14,0.9
10,20,46:44:d1:b3:33:78,Galaxy M12 396F,20,-54.35,4.73,-54.35,20,4.73
10,20,26:94:5a:1b:90:4d,Tatakae🥷,20,-58.35,4.07,-58.35,20,4.07
10,20,8e:94:9f:cb:b9:b0,Fuad's A54,19,-62.32,7.81,-61.33,15,2.8
10,20,30:b5:c2:ea:5b:44,DataLab@BUET,19,-67.32,4.86,-67.32,19,4.86
10,20,34:60:f9:a1:88:62,,19,-67.16,4.17,-67.16,19,4.17
10,20,bc:22:28:21:09:b7,,19,-86.16,1.42,-86.16,19,1.42
10,20,34:60:f9:a1:8b:8e,,18,-82.33,1.49,-82.33,18,1.49
10,20,56:24:f1:d4:40:ff,Redmi Note 10,16,-81.38,3.39,-81.38,16,3.39
10,20,bc:22:28:21:09:b8,,18,-86.11,1.29,-86.11,18,1.29
10,20,5c:e9:31:22:bb:0a,,10,-81.0,0.0,-81.0,10,0.0
10,20,1c:61:b4:9c:79:f2,,13,-82.0,0.0,-82.0,13,0.0
10,20,5c:e8:d3:0a:1e:e0,!FreeNet,15,-74.8,4.32,-74.8,15,4.32
10,20,18:0f:76:c3:06:8d,CSE-304,14,-68.71,3.15,-68.71,14,3.15
10,20,bc:22:28:21:09:ba,CSE-206,14,-85.86,1.92,-85.86,14,1.92
10,20,66:79:f0:36:84:ea,DIRECT-DCLAPTOP-LIA41UT4msFN,12,-74.25,3.09,-74.25,12,3.09
10,20,34:60:f9:a1:88:56,,10,-72.9,3.45,-72.9,10,3.45
10,20,36:20:f9:a1:8b:8e,CSE OFFICE,10,-79.4,0.8,-79.0,8,0.0
10,20,36:20:f9:a1:88:56,CSE OFFICE,9,-73.56,2.99,-73.56,9,2.99
10,20,34:e8:94:10:7d:fa,Hall of Fame,8,-79.0,0.0,-79.0,8,0.0
10,20,10:62:eb:77:b7:42,CSE-G04,8,-80.0,0.0,-80.0,8,0.0
10,20,00:1e:2a:ba:c8:20,CSE-401,6,-79.0,0.0,-79.0,6,0.0
10,20,bc:22:28:21:55:6e,CSE-104,1,-79.0,0.0,-79.0,1,0.0
10,20,5e:a9:31:22:bb:0a,CSE-LAB,1,-80.0,0.0,-80.0,1,0.0
11,20,2c:fe:e2:59:d0:c2,Horion_e9,20,-67.95,2.46,-67.95,20,2.46
11,20,60:63:4c:31:37:40,CSE-303,13,-51.08,0.27,-51.0,12,0.0
11,20,8e:94:9f:cb:b9:b0,Fuad's A54,19,-69.84,3.7,-69.84,19,3.7
11,20,60:63:4c:31:37:48,dlink,20,-79.25,0.94,-79.25,20,0.94
11,20,30:b5:c2:ea:5b:44,DataLab@BUET,8,-73.88,0.78,-74.0,6,0.0
11,20,d2:21:d7:af:f0:ae,Fihad's Galaxy,13,-83.38,1.33,-83.0,12,0.0
11,20,5c:e8:d3:0a:1e:e0,!FreeNet,2,-79.5,1.5,-79.5,2,1.5
11,20,bc:22:28:21:09:21,CSE-205,20,-67.2,1.5,-67.2,20,1.5
11,20,26:94:5a:1b:90:4d,Tatakae🥷,8,-68.5,2.6,-70.0,6,0.0
11,20,46:44:d1:b3:33:78,Galaxy M12 396F,20,-57.55,2.94,-57.55,20,2.94
11,20,8e:f6:fd:8d:6d:a4,POCO X3 Pro,13,-56.69,2.4,-56.0,12,0.0
11,20,56:f1:5f:2e:f3:7a,Horion_yj,18,-79.0,4.32,-79.0,18,4.32
11,20,8e:fa:5f:79:06:05,Ei j eta amar wifi,19,-66.32,1.84,-66.32,19,1.84
11,20,66:79:f0:36:84:ea,DIRECT-DCLAPTOP-LIA41UT4msFN,13,-81.85,4.05,-81.85,13,4.05
11,20,bc:22:28:21:55:6e,CSE-104,6,-80.0,0.0,-80.0,6,0.0
11,20,bc:22:28:20:b9:f6,CSE-503,1,-84.0,0.0,-84.0,1,0.0
12,20,26:94:5a:1b:90:4d,Tatakae🥷,13,-66.38,6.44,-66.38,13,6.44
12,20,56:f1:5f:2e:f3:7a,Horion_yj,4,-82.5,0.87,-82.5,4,0.87
12,20,60:63:4c:31:37:40,CSE-303,3,-71.0,2.94,-71.0,3,2.94
12,20,8e:94:9f:cb:b9:b0,Fuad's A54,12,-61.75,3.03,-61.75,12,3.03
12,20,34:60:f9:a1:88:56,,1,-78.0,0.0,-78.0,1,0.0
12,20,46:44:d1:b3:33:78,Galaxy M12 396F,12,-61.08,5.31,-60.09,11,4.36
12,20,bc:22:28:21:09:21,CSE-205,20,-63.05,2.13,-63.05,20,2.13
12,20,bc:22:28:21:09:b8,,8,-94.0,1.12,-94.0,8,1.12
12,20,bc:22:28:21:09:b7,,7,-92.57,0.49,-92.57,7,0.49
12,20,18:0f:76:c3:06:8d,CSE-304,2,-74.5,3.5,-74.5,2,3.5
12,20,8e:fa:5f:79:06:05,Ei j eta amar wifi,16,-39.94,3.65,-38.93,14,2.66
12,20,8e:f6:fd:8d:6d:a4,POCO X3 Pro,18,-66.94,4.12,-66.94,18,4.12
12,20,5c:e8:d3:0a:1e:e0,!FreeNet,15,-77.53,4.67,-77.53,15,4.67
12,20,34:60:f9:a1:8b:8e,,1,-81.0,0.0,-81.0,1,0.0
12,20,36:20:f9:a1:88:62,CSE OFFICE,6,-69.5,2.99,-69.5,6,2.99
12,20,34:60:f9:a1:88:62,,3,-66.33,0.94,-66.33,3,0.94
12,20,bc:22:28:21:09:24,CSE-205,12,-60.08,2.87,-60.08,12,2.87
12,20,36:20:f9:a1:8b:8e,CSE OFFICE,3,-81.33,0.47,-81.33,3,0.47
12,20,36:62:f9:a1:88:63,CSE OFFICE,6,-91.0,1.53,-91.0,6,1.53
12,20,30:b5:c2:ea:5b:44,DataLab@BUET,8,-72.62,4.47,-72.62,8,4.47
12,20,00:22:b0:05:f3:bc,CSE-204,10,-69.8,2.32,-69.8,10,2.32
12,20,10:62:eb:77:b7:42,CSE-G04,3,-72.67,0.94,-72.67,3,0.94
12,20,96:33:56:57:7a:84,iPhone (3),4,-91.0,0.0,-91.0,4,0.0
12,20,5e:a9:31:22:c8:de,CSE-LAB,4,-84.0,0.0,-84.0,4,0.0
12,20,66:79:f0:36:84:ea,DIRECT-DCLAPTOP-LIA41UT4msFN,11,-70.73,3.14,-70.73,11,3.14
12,20,5c:e9:31:22:bb:0a,,4,-86.0,0.0,-86.0,4,0.0
12,20,84:d8:1b:92:d7:fa,Room-906,2,-91.0,0.0,-91.0,2,0.0
12,20,34:60:f9:a1:88:63,,3,-92.0,0.0,-92.0,3,0.0
12,20,bc:22:28:21:09:22,,9,-64.44,0.68,-64.44,9,0.68
12,20,56:f1:5f:2e:db:20,Horion_j6,2,-90.0,0.0,-90.0,2,0.0
12,20,5e:a9:31:22:bb:0a,CSE-LAB,1,-83.0,0.0,-83.0,1,0.0
12,20,34:0a:33:6a:24:5e,ROOM-713,2,-88.0,0.0,-88.0,2,0.0
12,20,bc:22:28:21:55:6b,CSE-104,1,-95.0,0.0,-95.0,1,0.0
12,20,36:20:f9:a1:88:56,CSE OFFICE,5,-83.0,2.0,-82.0,4,0.0
12,20,72:f1:12:0f:b9:81,Galaxy A34 5G EFE7,2,-85.5,0.5,-85.5,2,0.5
12,20,cc:2d:21:36:d7:90,Savage-us,1,-92.0,0.0,-92.0,1,0.0
12,20,5e:a9:31:22:be:d6,CSE-LAB,5,-77.6,0.8,-78.0,4,0.0
12,20,5c:e9:31:22:be:d6,,4,-75.0,0.0,-75.0,4,0.0
13,20,2c:fe:e2:59:d0:c2,Horion_e9,14,-72.36,3.26,-72.36,14,3.26
13,20,26:94:5a:1b:90:4d,Tatakae🥷,14,-71.93,5.11,-71.08,13,4.23
13,20,8e:94:9f:cb:b9:b0,Fuad's A54,14,-56.0,2.83,-56.0,14,2.83
13,20,36:62:f9:a1:88:63,CSE OFFICE,9,-95.56,1.17,-95.88,8,0.78
13,20,34:60:f9:a1:88:62,,4,-73.75,0.43,-73.75,4,0.43
13,20,34:60:f9:a1:88:63,,7,-94.86,1.73,-94.86,7,1.73
13,20,bc:22:28:21:09:21,CSE-205,18,-72.78,2.74,-73.5,16,1.94
13,20,10:62:eb:7d:61:95,Super girls,2,-76.5,0.5,-76.5,2,0.5
13,20,8e:fa:5f:79:06:05,Ei j eta amar wifi,14,-64.0,3.82,-64.0,14,3.82
13,20,36:20:f9:a1:88:62,CSE OFFICE,2,-76.5,0.5,-76.5,2,0.5
13,20,bc:22:28:21:09:24,CSE-205,11,-69.45,2.54,-69.45,11,2.54
13,20,bc:22:28:21:09:22,,8,-73.88,2.76,-73.88,8,2.76
13,20,36:20:f9:a1:8b:8e,CSE OFFICE,3,-81.0,1.63,-81.0,3,1.63
13,20,8e:f6:fd:8d:6d:a4,POCO X3 Pro,15,-68.6,4.62,-68.6,15,4.62
13,20,56:f1:5f:2e:f3:7a,Horion_yj,5,-86.4,1.5,-86.4,5,1.5
13,20,60:63:4c:31:37:40,CSE-303,3,-80.33,2.36,-80.33,3,2.36
13,20,60:63:4c:31:37:48,dlink,5,-94.8,0.98,-94.8,5,0.98
13,20,30:b5:c2:ea:5b:44,DataLab@BUET,8,-74.88,2.76,-74.0,7,1.6
13,20,d2:21:d7:af:f0:ae,Fihad's Galaxy,6,-89.83,4.34,-89.83,6,4.34
13,20,66:79:f0:36:84:ea,DIRECT-DCLAPTOP-LIA41UT4msFN,10,-51.3,4.08,-51.3,10,4.08
13,20,46:44:d1:b3:33:78,Galaxy M12 396F,7,-68.71,3.45,-68.71,7,3.45
13,20,5c:e9:31:22:be:d6,,1,-75.0,0.0,-75.0,1,0.0
13,20,96:33:56:57:7a:84,iPhone (3),2,-96.0,0.0,-96.0,2,0.0
13,20,34:60:f9:a1:8b:8e,,3,-80.33,0.94,-80.33,3,0.94
13,20,00:1e:2a:ba:c8:20,CSE-401,2,-85.5,1.5,-85.5,2,1.5
13,20,bc:22:28:21:09:ba,CSE-206,1,-94.0,0.0,-94.0,1,0.0
13,20,60:a4:b7:20:74:5c,Room-1114,1,-88.0,0.0,-88.0,1,0.0
13,20,d6:2c:9e:ee:4a:20,Jo,2,-61.5,2.5,-61.5,2,2.5
13,20,34:60:f9:a1:88:56,,2,-86.0,0.0,-86.0,2,0.0
13,20,36:20:f9:a1:88:56,CSE OFFICE,2,-87.0,0.0,-87.0,2,0.0
13,20,10:62:eb:77:b7:42,CSE-G04,4,-78.75,1.3,-78.75,4,1.3
13,20,5c:e8:d3:0a:1e:e0,!FreeNet,3,-86.33,5.25,-86.33,3,5.25
13,20,60:63:4c:31:37:60,CSE-306,1,-94.0,0.0,-94.0,1,0.0
13,20,cc:2d:21:3e:9d:18,Lapatta Ladies,1,-92.0,0.0,-92.0,1,0.0
13,20,b0:19:21:f7:f8:83,Room no. 614,2,-86.0,1.0,-86.0,2,1.0
13,20,18:0f:76:c3:06:8d,CSE-304,1,-78.0,0.0,-78.0,1,0.0
13,20,34:0a:33:6d:af:1e,Room 913,1,-97.0,0.0,-97.0,1,0.0
13,20,cc:2d:21:36:d7:90,Savage-us,1,-92.0,0.0,-92.0,1,0.0
13,20,bc:62:ce:6a:3a:2a,RBH 204,1,-87.0,0.0,-87.0,1,0.0
13,20,34:0a:33:6a:24:5e,ROOM-713,1,-94.0,0.0,-94.0,1,0.0
14,20,26:94:5a:1b:90:4d,Tatakae🥷,12,-65.92,1.26,-65.92,12,1.26
14,20,56:f1:5f:2e:f3:7a,Horion_yj,2,-80.5,1.5,-80.5,2,1.5
14,20,46:44:d1:b3:33:78,Galaxy M12 396F,9,-59.56,5.56,-59.56,9,5.56
14,20,30:b5:c2:ea:5b:44,DataLab@BUET,3,-66.0,4.97,-66.0,3,4.97
14,20,8e:f6:fd:8d:6d:a4,POCO X3 Pro,14,-44.14,2.1,-44.54,13,1.6
14,20,8e:fa:5f:79:06:05,Ei j eta amar wifi,9,-63.11,1.59,-62.29,7,0.45
14,20,bc:22:28:21:09:22,,4,-56.0,0.0,-56.0,4,0.0
14,20,bc:22:28:21:09:21,CSE-205,20,-57.75,5.88,-57.75,20,5.88
14,20,5c:e8:d3:0a:1e:e0,!FreeNet,10,-77.4,2.73,-77.4,10,2.73
14,20,00:22:b0:05:f3:bc,CSE-204,7,-63.0,3.38,-64.0,6,2.52
14,20,bc:22:28:21:55:6b,CSE-104,1,-91.0,0.0,-91.0,1,0.0
14,20,66:79:f0:36:84:ea,DIRECT-DCLAPTOP-LIA41UT4msFN,17,-80.94,4.43,-80.94,17,4.43
14,20,60:63:4c:31:37:40,CSE-303,9,-63.44,2.36,-64.12,8,1.45
14,20,34:60:f9:a1:88:57,,6,-89.0,2.24,-90.0,5,0.0
14,20,36:20:f9:a1:88:62,CSE OFFICE,6,-67.0,2.24,-66.0,5,0.0
14,20,5c:e9:31:22:bb:0a,,5,-75.0,0.0,-75.0,5,0.0
14,20,bc:22:28:21:09:24,CSE-205,9,-67.44,2.67,-68.86,7,0.35
14,20,36:62:f9:a1:88:57,CSE OFFICE,7,-88.0,3.16,-88.0,7,3.16
14,20,5e:a9:31:22:bb:0a,CSE-LAB,5,-75.0,0.0,-75.0,5,0.0
14,20,18:0f:76:c3:06:8d,CSE-304,2,-69.5,1.5,-69.5,2,1.5
14,20,d2:21:d7:af:f0:ae,Fihad's Galaxy,7,-71.43,2.97,-72.5,6,1.5
14,20,34:60:f9:a1:88:56,,1,-73.0,0.0,-73.0,1,0.0
14,20,34:60:f9:a1:88:62,,1,-68.0,0.0,-68.0,1,0.0
14,20,34:60:f9:a1:88:63,,1,-90.0,0.0,-90.0,1,0.0
14,20,36:20:f9:a1:8b:8e,CSE OFFICE,1,-83.0,0.0,-83.0,1,0.0
14,20,34:e8:94:10:7d:fa,Hall of Fame,2,-71.0,0.0,-71.0,2,0.0
14,20,36:62:f9:a1:88:63,CSE OFFICE,1,-91.0,0.0,-91.0,1,0.0
14,20,36:20:f9:a1:88:56,CSE OFFICE,1,-73.0,0.0,-73.0,1,0.0
14,20,d6:2c:9e:ee:4a:20,Jo,3,-55.0,3.74,-55.0,3,3.74
15,20,46:44:d1:b3:33:78,Galaxy M12 396F,17,-64.24,2.6,-64.24,17,2.6
15,20,34:60:f9:a1:88:62,,7,-67.71,0.7,-68.0,6,0.0
15,20,5c:e8:d3:0a:1e:e0,!FreeNet,13,-71.62,4.68,-71.62,13,4.68
15,20,bc:22:28:21:09:24,CSE-205,19,-56.05,2.5,-56.05,19,2.5
15,20,bc:22:28:21:09:21,CSE-205,20,-57.5,2.18,-57.89,19,1.37
15,20,26:94:5a:1b:90:4d,Tatakae🥷,20,-54.5,4.31,-54.5,20,4.31
15,20,bc:22:28:21:55:6b,CSE-104,17,-88.18,1.2,-88.0,11,0.0
15,20,56:f1:5f:2e:f3:7a,Horion_yj,1,-70.0,0.0,-70.0,1,0.0
15,20,bc:22:28:21:09:b8,,6,-86.5,0.5,-86.5,6,0.5
15,20,5e:a9:31:22:be:d6,CSE-LAB,2,-72.5,0.5,-72.5,2,0.5
15,20,36:20:f9:a1:88:62,CSE OFFICE,10,-67.0,2.05,-67.0,10,2.05
15,20,60:63:4c:31:37:40,CSE-303,13,-60.46,2.56,-60.46,13,2.56
15,20,8e:94:9f:cb:b9:b0,Fuad's A54,20,-63.55,3.37,-63.55,20,3.37
15,20,36:62:f9:a1:88:63,CSE OFFICE,19,-84.53,1.09,-84.07,14,0.26
15,20,8e:fa:5f:79:06:05,Ei j eta amar wifi,19,-55.0,3.71,-55.0,19,3.71
15,20,8e:f6:fd:8d:6d:a4,POCO X3 Pro,17,-63.06,2.88,-63.93,15,1.69
15,20,bc:22:28:21:09:22,,2,-57.5,1.5,-57.5,2,1.5
15,20,30:b5:c2:ea:5b:44,DataLab@BUET,13,-69.54,1.87,-69.78,9,0.79
15,20,bc:22:28:21:55:6c,,7,-88.14,1.12,-88.2,5,0.4
15,20,10:62:eb:77:b7:42,CSE-G04,2,-68.0,2.0,-68.0,2,2.0
15,20,d2:21:d7:af:f0:ae,Fihad's Galaxy,2,-72.0,7.0,-72.0,2,7.0
15,20,5c:e9:31:22:bb:0a,,1,-79.0,0.0,-79.0,1,0.0
15,20,5e:a9:31:22:c8:de,CSE-LAB,1,-79.0,0.0,-79.0,1,0.0
15,20,24:2f:d0:88:39:a2,,1,-73.0,0.0,-73.0,1,0.0
15,20,00:22:b0:05:f3:bc,CSE-204,6,-74.0,2.94,-74.0,6,2.94
15,20,18:0f:76:c3:06:8d,CSE-304,5,-62.8,3.92,-62.8,5,3.92
15,20,66:79:f0:36:84:ea,DIRECT-DCLAPTOP-LIA41UT4msFN,15,-75.93,3.86,-75.93,15,3.86
15,20,36:20:f9:a1:88:56,CSE OFFICE,5,-77.8,1.83,-77.8,5,1.83
15,20,34:60:f9:a1:88:63,,2,-85.5,0.5,-85.5,2,0.5
15,20,56:24:f1:d4:40:ff,Redmi Note 10,2,-81.0,4.0,-81.0,2,4.0
15,20,34:60:f9:a1:88:56,,5,-74.6,4.22,-75.33,3,0.47
15,20,bc:22:28:21:09:b7,,1,-86.0,0.0,-86.0,1,0.0
15,20,34:0a:33:6a:24:5e,ROOM-713,1,-84.0,0.0,-84.0,1,0.0
15,20,52:29:6f:70:e8:02,Shakshor,1,-92.0,0.0,-92.0,1,0.0
15,20,bc:62:ce:6a:3a:2a,RBH 204,1,-82.0,0.0,-82.0,1,0.0
15,20,5e:a9:31:22:bb:0a,CSE-LAB,4,-76.0,0.0,-76.0,4,0.0
15,20,b0:19:21:f7:f8:83,Room no. 614,4,-81.0,0.0,-81.0,4,0.0
15,20,56:f1:5f:2e:db:20,Horion_j6,1,-75.0,0.0,-75.0,1,0.0
15,20,34:60:f9:a1:8b:8e,,3,-73.67,0.47,-73.67,3,0.47
15,20,d6:2c:9e:ee:4a:20,Jo,3,-58.67,0.94,-58.67,3,0.94
15,20,36:20:f9:a1:8b:8e,CSE OFFICE,2,-74.0,0.0,-74.0,2,0.0
16,20,5c:e8:d3:0a:1e:e0,!FreeNet,13,-64.62,7.26,-64.73,11,3.96
16,20,2c:fe:e2:59:d0:c2,Horion_e9,20,-55.95,6.38,-55.95,20,6.38
16,20,bc:22:28:20:b9:f6,CSE-503,12,-73.75,4.21,-73.8,10,1.78
16,20,bc:22:28:21:55:6c,,7,-81.14,1.64,-81.14,7,1.64
16,20,bc:22:28:21:55:6b,CSE-104,10,-80.2,1.72,-80.2,10,1.72
16,20,60:63:4c:31:37:60,CSE-306,16,-81.25,3.42,-81.8,15,2.76
16,20,8e:94:9f:cb:b9:b0,Fuad's A54,14,-58.21,3.99,-58.21,14,3.99
16,20,36:62:f9:a1:88:63,CSE OFFICE,18,-80.56,2.43,-80.88,17,2.08
16,20,60:63:4c:31:37:48,dlink,20,-80.9,2.49,-81.21,19,2.14
16,20,34:60:f9:a1:88:62,,3,-61.33,0.47,-61.33,3,0.47
16,20,bc:22:28:21:09:24,CSE-205,16,-50.62,4.75,-50.62,16,4.75
16,20,00:1e:2a:ba:c8:20,CSE-401,15,-83.8,2.23,-83.8,15,2.23
16,20,bc:22:28:21:09:21,CSE-205,19,-54.32,2.85,-54.32,19,2.85
16,20,cc:2d:21:3e:5b:b0,Room 202,9,-87.22,1.87,-87.22,9,1.87
16,20,70:4c:a5:95:b6:00,BUET-Free-WiFi,5,-88.0,1.67,-87.25,4,0.83
16,20,5e:a9:31:22:be:d6,CSE-LAB,1,-54.0,0.0,-54.0,1,0.0
16,20,10:62:eb:77:b7:42,CSE-G04,3,-59.67,2.49,-59.67,3,2.49
16,20,34:e8:94:10:7d:fa,Hall of Fame,15,-80.33,3.34,-80.33,15,3.34
16,20,8e:fa:5f:79:06:05,Ei j eta amar wifi,13,-55.31,4.94,-55.27,11,2.96
16,20,8e:f6:fd:8d:6d:a4,POCO X3 Pro,20,-59.25,3.65,-59.25,20,3.65
16,20,b8:3a:08:dd:a2:98,Room no. 306,11,-86.27,1.86,-86.27,11,1.86
16,20,56:f1:5f:2e:f3:7a,Horion_yj,6,-69.67,2.21,-68.8,5,1.17
16,20,46:44:d1:b3:33:78,Galaxy M12 396F,10,-57.5,3.47,-58.44,9,2.11
16,20,30:b5:c2:ea:5b:44,DataLab@BUET,7,-65.43,2.32,-66.17,6,1.57
16,20,bc:22:28:21:09:b8,,5,-82.8,0.98,-83.0,3,0.0
16,20,bc:22:28:21:55:6e,CSE-104,15,-73.13,2.85,-73.13,15,2.85
16,20,18:0f:76:c3:06:8d,CSE-304,9,-60.56,3.27,-60.56,9,3.27
16,20,d2:21:d7:af:f0:ae,Fihad's Galaxy,4,-67.75,5.72,-67.75,4,5.72
16,20,60:63:4c:31:37:40,CSE-303,9,-55.67,3.65,-55.67,9,3.65
16,20,56:24:f1:d4:40:ff,Redmi Note 10,2,-70.0,2.0,-70.0,2,2.0
16,20,bc:62:ce:6a:3a:2a,RBH 204,2,-75.0,5.0,-75.0,2,5.0
16,20,00:04:56:fe:23:e7,00002DhkSknAp1,1,-87.0,0.0,-87.0,1,0.0
16,20,00:22:b0:05:f3:bc,CSE-204,5,-65.6,1.85,-65.6,5,1.85
16,20,66:79:f0:36:84:ea,DIRECT-DCLAPTOP-LIA41UT4msFN,12,-65.5,4.7,-65.5,12,4.7
16,20,36:20:f9:a1:88:62,CSE OFFICE,5,-61.4,1.62,-61.33,3,0.47
16,20,34:60:f9:a1:88:63,,9,-80.67,2.58,-81.38,8,1.73
16,20,fe:d3:3e:61:fb:b1,OnePlus 9R,1,-85.0,0.0,-85.0,1,0.0
16,20,0c:80:63:fb:72:74,Slow Wifi,8,-87.12,2.26,-87.12,8,2.26
16,20,96:33:56:57:7a:84,iPhone (3),1,-82.0,0.0,-82.0,1,0.0
16,20,52:29:6f:70:e8:02,Shakshor,8,-83.88,3.18,-84.86,7,1.96
16,20,34:60:f9:a1:8b:8e,,5,-73.2,2.93,-74.5,4,1.5
16,20,34:60:f9:a1:88:56,,2,-73.5,1.5,-73.5,2,1.5
16,20,36:20:f9:a1:88:56,CSE OFFICE,3,-76.67,2.49,-76.67,3,2.49
16,20,70:4c:a5:95:b6:01,eduroam,3,-86.33,1.7,-86.33,3,1.7
16,20,60:a4:b7:20:74:5c,Room-1114,3,-82.0,7.07,-82.0,3,7.07
16,20,82:af:ca:21:95:ea,,2,-89.0,1.0,-89.0,2,1.0
16,20,cc:2d:21:36:d7:90,Savage-us,2,-85.0,0.0,-85.0,2,0.0
16,20,c0:25:e9:5e:ba:d4,Group Of Crazy💃,2,-83.5,3.5,-83.5,2,3.5
16,20,e8:65:d4:fc:e2:68,Net lagbo,1,-80.0,0.0,-80.0,1,0.0
16,20,10:62:eb:7d:61:95,Super girls,1,-62.0,0.0,-62.0,1,0.0
16,20,bc:22:28:21:70:62,CSE-214,4,-87.25,1.3,-87.25,4,1.3
16,20,b0:19:21:f7:f8:83,Room no. 614,2,-76.5,2.5,-76.5,2,2.5
16,20,c6:6d:1d:f3:81:c0,Pixel_7669,1,-86.0,0.0,-86.0,1,0.0
16,20,cc:2d:21:01:cb:38,ROOM-812,1,-83.0,0.0,-83.0,1,0.0
16,20,5c:e9:31:22:be:d6,,1,-71.0,0.0,-71.0,1,0.0
16,20,d6:2c:9e:ee:4a:20,Jo,4,-55.25,3.56,-55.25,4,3.56
16,20,74:fe:ce:2c:3f:1a,ROOM:612,1,-84.0,0.0,-84.0,1,0.0
16,20,36:20:f9:a1:8b:8e,CSE OFFICE,1,-75.0,0.0,-75.0,1,0.0
16,20,f4:8c:eb:a1:c5:5f,Shantir Bari,1,-88.0,0.0,-88.0,1,0.0
16,20,bc:22:28:21:09:ba,CSE-206,1,-72.0,0.0,-72.0,1,0.0
16,20,40:ae:30:2b:87:ea,Room 813,1,-77.0,0.0,-77.0,1,0.0
16,20,70:4c:a5:95:b2:d1,eduroam,2,-87.0,1.0,-87.0,2,1.0
16,20,80:af:ca:11:95:ea,Graduate Lobby,2,-89.0,0.0,-89.0,2,0.0
16,20,00:22:b0:05:f3:bb,CSE-51I,2,-88.0,0.0,-88.0,2,0.0
16,20,70:4c:a5:95:b2:d0,BUET-Free-WiFi,1,-83.0,0.0,-83.0,1,0.0
17,20,2c:fe:e2:59:d0:c2,Horion_e9,20,-60.3,4.14,-59.63,19,3.01
17,20,5c:e9:31:22:be:d6,,6,-75.67,0.94,-75.67,6,0.94
17,20,8e:fa:5f:79:06:05,Ei j eta amar wifi,12,-52.33,7.62,-52.33,12,7.62
17,20,bc:22:28:21:09:21,CSE-205,20,-56.4,2.91,-56.4,20,2.91
17,20,00:22:b0:05:f3:bc,CSE-204,9,-68.78,4.59,-68.78,9,4.59
17,20,18:0f:76:c3:06:8d,CSE-304,6,-76.0,3.74,-76.0,6,3.74
17,20,bc:22:28:21:09:b8,,9,-87.33,4.22,-87.33,9,4.22
17,20,36:62:f9:a1:88:63,CSE OFFICE,8,-91.0,2.74,-91.0,8,2.74
17,20,bc:22:28:21:09:22,,11,-56.0,1.91,-56.0,11,1.91
17,20,56:24:f1:d4:40:ff,Redmi Note 10,2,-88.0,0.0,-88.0,2,0.0
17,20,66:79:f0:36:84:ea,DIRECT-DCLAPTOP-LIA41UT4msFN,14,-67.36,1.63,-67.36,14,1.63
17,20,34:60:f9:a1:88:63,,6,-92.67,3.4,-92.67,6,3.4
17,20,36:20:f9:a1:88:62,CSE OFFICE,12,-69.83,5.01,-67.8,10,2.32
17,20,26:94:5a:1b:90:4d,Tatakae🥷,11,-62.64,4.92,-62.64,11,4.92
17,20,56:f1:5f:2e:f3:7a,Horion_yj,7,-80.29,3.19,-80.29,7,3.19
17,20,34:60:f9:a1:8b:8e,,2,-77.0,0.0,-77.0,2,0.0
17,20,60:63:4c:31:37:40,CSE-303,11,-70.64,3.89,-70.64,11,3.89
17,20,8e:94:9f:cb:b9:b0,Fuad's A54,9,-59.22,2.82,-60.0,8,1.87
17,20,46:44:d1:b3:33:78,Galaxy M12 396F,12,-66.92,4.59,-66.92,12,4.59
17,20,30:b5:c2:ea:5b:44,DataLab@BUET,6,-71.33,1.25,-71.33,6,1.25
17,20,bc:22:28:21:09:b7,,5,-86.6,3.14,-86.6,5,3.14
17,20,8e:f6:fd:8d:6d:a4,POCO X3 Pro,12,-66.33,3.09,-66.33,12,3.09
17,20,bc:22:28:21:09:24,CSE-205,13,-61.0,2.0,-61.0,13,2.0
17,20,ac:15:a2:84:3d:1a,CSE_OBE_CELL,2,-92.0,0.0,-92.0,2,0.0
17,20,34:60:f9:a1:88:56,,2,-86.0,0.0,-86.0,2,0.0
17,20,96:33:56:57:7a:84,iPhone (3),2,-87.0,0.0,-87.0,2,0.0
17,20,5e:a9:31:22:be:d6,CSE-LAB,4,-76.5,1.5,-76.5,4,1.5
17,20,d2:21:d7:af:f0:ae,Fihad's Galaxy,4,-82.5,2.5,-82.5,4,2.5
17,20,60:63:4c:31:37:48,dlink,5,-87.6,0.49,-87.6,5,0.49
17,20,36:20:f9:a1:8b:8e,CSE OFFICE,2,-77.0,0.0,-77.0,2,0.0
17,20,cc:2d:21:3e:9d:18,Lapatta Ladies,2,-86.0,0.0,-86.0,2,0.0
17,20,b0:19:21:f7:f8:83,Room no. 614,2,-84.0,0.0,-84.0,2,0.0
17,20,5c:e8:d3:0a:1e:e0,!FreeNet,2,-80.0,0.0,-80.0,2,0.0
17,20,bc:22:28:21:55:6b,CSE-104,2,-95.0,0.0,-95.0,2,0.0
17,20,bc:22:28:21:09:ba,CSE-206,2,-81.0,0.0,-81.0,2,0.0
17,20,34:0a:33:6a:24:5e,ROOM-713,1,-75.0,0.0,-75.0,1,0.0
17,20,40:ae:30:2b:87:ea,Room 813,1,-74.0,0.0,-74.0,1,0.0
18,20,5c:e8:d3:0a:1e:e0,!FreeNet,18,-80.0,3.65,-80.0,18,3.65
18,20,bc:22:28:20:b9:f6,CSE-503,7,-79.14,3.36,-79.14,7,3.36
18,20,26:94:5a:1b:90:4d,Tatakae🥷,20,-65.6,4.68,-63.88,17,2.45
18,20,56:f1:5f:2e:f3:7a,Horion_yj,18,-80.22,2.04,-80.0,14,0.0
18,20,34:60:f9:a1:8b:8e,,12,-78.0,2.0,-78.0,12,2.0
18,20,36:20:f9:a1:88:62,CSE OFFICE,14,-69.5,1.64,-69.15,13,1.1
18,20,60:63:4c:31:37:40,CSE-303,18,-61.72,1.85,-61.56,16,0.7
18,20,bc:62:ce:6a:3a:2a,RBH 204,7,-70.57,2.06,-71.33,6,0.94
18,20,5c:e9:31:22:c8:de,,1,-80.0,0.0,-80.0,1,0.0
18,20,5c:e9:31:22:bb:0a,,3,-75.67,8.58,-75.67,3,8.58
18,20,46:44:d1:b3:33:78,Galaxy M12 396F,20,-60.6,2.52,-60.76,17,1.59
18,20,34:60:f9:a1:88:62,,12,-69.33,1.11,-69.3,10,0.46
18,20,bc:22:28:21:09:24,CSE-205,20,-64.4,2.2,-64.4,20,2.2
18,20,bc:22:28:21:09:22,,18,-64.33,2.24,-64.33,18,2.24
18,20,bc:22:28:21:09:21,CSE-205,20,-64.4,1.98,-64.4,20,1.98
18,20,bc:22:28:21:09:ba,CSE-206,10,-85.0,0.0,-85.0,10,0.0
18,20,36:20:f9:a1:88:56,CSE OFFICE,3,-74.67,0.94,-74.67,3,0.94
18,20,56:f1:5f:2e:db:20,Horion_j6,4,-85.75,0.43,-85.75,4,0.43
18,20,34:0a:33:6a:24:5e,ROOM-713,2,-86.0,0.0,-86.0,2,0.0
18,20,30:b5:c2:ea:5b:44,DataLab@BUET,20,-73.6,5.55,-73.6,20,5.55
18,20,cc:2d:21:b0:04:60,ROOM-206,2,-86.0,0.0,-86.0,2,0.0
18,20,00:22:b0:05:f3:bc,CSE-204,12,-71.25,4.9,-69.56,9,0.68
18,20,18:0f:76:c3:06:8d,CSE-304,10,-68.5,1.8,-68.86,7,0.35
18,20,d2:21:d7:af:f0:ae,Fihad's Galaxy,14,-83.36,2.92,-83.36,14,2.92
18,20,8e:fa:5f:79:06:05,Ei j eta amar wifi,20,-54.85,3.15,-54.37,19,2.41
18,20,8e:f6:fd:8d:6d:a4,POCO X3 Pro,20,-61.25,3.06,-61.89,19,1.25
18,20,96:33:56:57:7a:84,iPhone (3),2,-83.0,3.0,-83.0,2,3.0
18,20,28:3b:82:74:a0:46,Room-303,3,-83.67,2.62,-83.67,3,2.62
18,20,84:d8:1b:92:d7:fa,Room-906,1,-86.0,0.0,-86.0,1,0.0
18,20,34:60:f9:a1:88:56,,9,-79.56,3.1,-80.0,6,0.0
18,20,5c:e9:31:22:be:d6,,10,-76.0,2.68,-76.0,10,2.68
18,20,5e:a9:31:22:be:d6,CSE-LAB,4,-78.5,2.6,-78.5,4,2.6
18,20,ac:15:a2:4c:49:9a,Paradise ,6,-86.0,0.0,-86.0,6,0.0
18,20,1c:61:b4:9c:79:f2,,6,-80.0,0.0,-80.0,6,0.0
18,20,4c:ed:fb:d1:5a:d8,Room no.912,1,-86.0,0.0,-86.0,1,0.0
18,20,66:79:f0:36:84:ea,DIRECT-DCLAPTOP-LIA41UT4msFN,12,-70.67,4.5,-70.67,12,4.5
18,20,36:20:f9:a1:8b:8e,CSE OFFICE,9,-78.44,2.27,-78.44,9,2.27
18,20,cc:2d:21:36:d7:90,Savage-us,7,-86.0,0.0,-86.0,7,0.0
18,20,34:0a:33:6d:af:1e,Room 913,6,-86.0,0.0,-86.0,6,0.0
18,20,60:63:4c:31:37:60,CSE-306,3,-86.0,0.0,-86.0,3,0.0
18,20,00:1e:2a:ba:c8:20,CSE-401,2,-86.0,0.0,-86.0,2,0.0
18,20,bc:22:28:21:09:b8,,1,-90.0,0.0,-90.0,1,0.0
18,20,72:f1:12:0f:b9:81,Galaxy A34 5G EFE7,1,-86.0,0.0,-86.0,1,0.0
18,20,bc:22:28:21:09:b7,,1,-90.0,0.0,-90.0,1,0.0
18,20,96:2d:83:03:5f:ec,Anjum Roja,5,-76.0,0.0,-76.0,5,0.0
18,20,b8:3a:08:dd:a2:98,Room no. 306,1,-86.0,0.0,-86.0,1,0.0
18,20,d6:2c:9e:ee:4a:20,Jo,3,-60.33,2.05,-60.33,3,2.05
18,20,34:60:f9:a1:88:63,,2,-90.0,0.0,-90.0,2,0.0
18,20,cc:2d:21:3e:5b:b0,Room 202,1,-86.0,0.0,-86.0,1,0.0
18,20,cc:2d:21:01:cb:38,ROOM-812,1,-86.0,0.0,-86.0,1,0.0
18,20,24:2f:d0:88:39:a2,,1,-76.0,0.0,-76.0,1,0.0
18,20,10:62:eb:77:b7:42,CSE-G04,1,-76.0,0.0,-76.0,1,0.0
19,5,2c:fe:e2:59:d0:c2,Horion_e9,5,-72.8,2.4,-74.0,4,0.0
19,5,60:63:4c:31:37:40,CSE-303,1,-63.0,0.0,-63.0,1,0.0
19,5,8e:94:9f:cb:b9:b0,Fuad's A54,1,-66.0,0.0,-66.0,1,0.0
19,5,60:63:4c:31:37:48,dlink,5,-83.4,0.8,-83.0,4,0.0
19,5,5c:e9:31:22:be:d6,,1,-89.0,0.0,-89.0,1,0.0
19,5,30:b5:c2:ea:5b:44,DataLab@BUET,1,-78.0,0.0,-78.0,1,0.0
19,5,bc:22:28:21:09:21,CSE-205,5,-64.8,0.4,-65.0,4,0.0
19,5,56:f1:5f:2e:f3:7a,Horion_yj,1,-83.0,0.0,-83.0,1,0.0
19,5,46:44:d1:b3:33:78,Galaxy M12 396F,5,-57.2,0.4,-57.0,4,0.0
19,5,52:29:6f:70:e8:02,Shakshor,1,-83.0,0.0,-83.0,1,0.0
19,5,66:79:f0:36:84:ea,DIRECT-DCLAPTOP-LIA41UT4msFN,4,-80.0,0.0,-80.0,4,0.0
19,5,bc:22:28:21:09:22,,4,-65.0,0.0,-65.0,4,0.0
20,20,56:f1:5f:2e:f3:7a,Horion_yj,6,-73.5,1.12,-73.0,5,0.0
20,20,46:44:d1:b3:33:78,Galaxy M12 396F,20,-55.75,3.59,-55.16,19,2.56
20,20,36:20:f9:a1:88:62,CSE OFFICE,18,-63.11,3.26,-63.11,18,3.26
20,20,bc:22:28:21:09:24,CSE-205,18,-57.44,2.29,-57.44,18,2.29
20,20,bc:22:28:21:09:21,CSE-205,14,-63.29,1.71,-63.29,14,1.71
20,20,8e:94:9f:cb:b9:b0,Fuad's A54,20,-44.95,5.17,-44.95,20,5.17
20,20,26:94:5a:1b:90:4d,Tatakae🥷,16,-57.38,4.47,-57.38,16,4.47
20,20,8e:fa:5f:79:06:05,Ei j eta amar wifi,19,-53.21,3.97,-53.89,18,2.81
20,20,8e:f6:fd:8d:6d:a4,POCO X3 Pro,19,-56.32,5.57,-56.32,19,5.57
20,20,bc:22:28:21:09:b8,,1,-85.0,0.0,-85.0,1,0.0
20,20,96:33:56:57:7a:84,iPhone (3),6,-85.0,0.0,-85.0,6,0.0
20,20,18:0f:76:c3:06:8d,CSE-304,6,-65.83,2.91,-64.6,5,1.02
20,20,36:62:f9:a1:88:63,CSE OFFICE,10,-83.3,1.95,-83.3,10,1.95
20,20,30:b5:c2:ea:5b:44,DataLab@BUET,16,-67.75,1.68,-67.38,13,0.49
20,20,34:60:f9:a1:88:63,,8,-83.38,0.86,-83.38,8,0.86
20,20,5c:e9:31:22:be:d6,,1,-71.0,0.0,-71.0,1,0.0
20,20,bc:22:28:21:09:22,,8,-63.5,1.41,-63.0,5,0.0
20,20,5e:a9:31:22:be:d6,CSE-LAB,2,-74.0,2.0,-74.0,2,2.0
20,20,60:63:4c:31:37:40,CSE-303,7,-59.71,3.15,-59.0,5,0.0
20,20,5c:e8:d3:0a:1e:e0,!FreeNet,15,-71.53,5.26,-71.53,15,5.26
20,20,1e:61:b4:ac:7a:1a,CSE-306BL,1,-80.0,0.0,-80.0,1,0.0
20,20,10:62:eb:7d:61:95,Super girls,11,-77.91,3.03,-77.91,11,3.03
20,20,66:79:f0:36:84:ea,DIRECT-DCLAPTOP-LIA41UT4msFN,15,-63.93,4.3,-63.93,15,4.3
20,20,00:22:b0:05:f3:bc,CSE-204,13,-75.54,5.23,-75.54,13,5.23
20,20,d2:21:d7:af:f0:ae,Fihad's Galaxy,7,-81.43,0.73,-81.17,6,0.37
20,20,bc:62:ce:6a:3a:2a,RBH 204,10,-78.5,4.5,-78.5,10,4.5
20,20,56:24:f1:d4:40:ff,Redmi Note 10,8,-82.75,0.43,-83.0,6,0.0
20,20,bc:22:28:21:09:b7,,1,-84.0,0.0,-84.0,1,0.0
20,20,34:60:f9:a1:88:62,,8,-60.5,3.67,-60.5,8,3.67
20,20,60:63:4c:31:37:60,CSE-306,1,-85.0,0.0,-85.0,1,0.0
20,20,34:e8:94:10:7d:fa,Hall of Fame,6,-76.17,1.86,-77.0,5,0.0
20,20,d6:2c:9e:ee:4a:20,Jo,3,-59.33,2.62,-59.33,3,2.62
20,20,36:20:f9:a1:8b:8e,CSE OFFICE,1,-82.0,0.0,-82.0,1,0.0
21,20,bc:22:28:21:09:21,CSE-205,20,-66.35,2.89,-66.82,17,1.38
21,20,bc:22:28:21:09:24,CSE-205,17,-68.82,4.38,-68.82,17,4.38
21,20,8e:fa:5f:79:06:05,Ei j eta amar wifi,10,-67.8,2.64,-67.8,10,2.64
21,20,2c:fe:e2:59:d0:c2,Horion_e9,20,-74.95,2.36,-74.62,16,0.78
21,20,00:22:b0:05:f3:bc,CSE-204,10,-70.1,4.01,-70.1,10,4.01
21,20,34:60:f9:a1:8b:8e,,3,-84.0,1.41,-84.0,3,1.41
21,20,46:44:d1:b3:33:78,Galaxy M12 396F,16,-60.94,4.52,-60.94,16,4.52
21,20,8e:94:9f:cb:b9:b0,Fuad's A54,16,-62.25,3.25,-62.25,16,3.25
21,20,30:b5:c2:ea:5b:44,DataLab@BUET,9,-72.0,2.54,-72.0,9,2.54
21,20,5e:a9:31:22:be:d6,CSE-LAB,1,-80.0,0.0,-80.0,1,0.0
21,20,bc:22:28:21:09:22,,8,-66.75,4.21,-68.29,7,1.16
21,20,10:62:eb:77:b7:42,CSE-G04,5,-70.0,0.0,-70.0,5,0.0
21,20,36:20:f9:a1:88:62,CSE OFFICE,8,-73.62,0.7,-74.0,6,0.0
21,20,34:60:f9:a1:88:62,,7,-74.43,1.05,-74.83,6,0.37
21,20,66:79:f0:36:84:ea,DIRECT-DCLAPTOP-LIA41UT4msFN,14,-78.64,7.88,-81.75,12,1.48
21,20,34:60:f9:a1:88:56,,2,-73.5,0.5,-73.5,2,0.5
21,20,36:20:f9:a1:88:56,CSE OFFICE,2,-74.0,1.0,-74.0,2,1.0
21,20,60:63:4c:31:37:40,CSE-303,2,-79.0,0.0,-79.0,2,0.0
21,20,36:20:f9:a1:8b:8e,CSE OFFICE,1,-81.0,0.0,-81.0,1,0.0
21,20,18:0f:76:c3:06:8d,CSE-304,5,-74.0,0.0,-74.0,5,0.0
21,20,8e:f6:fd:8d:6d:a4,POCO X3 Pro,1,-71.0,0.0,-71.0,1,0.0
22,20,26:94:5a:1b:90:4d,Tatakae🥷,17,-57.06,3.67,-57.06,17,3.67
22,20,8e:94:9f:cb:b9:b0,Fuad's A54,20,-46.95,6.23,-45.89,19,4.32
22,20,46:44:d1:b3:33:78,Galaxy M12 396F,19,-53.26,5.08,-53.26,19,5.08
22,20,30:b5:c2:ea:5b:44,DataLab@BUET,9,-65.22,3.42,-64.12,8,1.54
22,20,00:22:b0:05:f3:bc,CSE-204,9,-66.22,8.43,-66.22,9,8.43
22,20,bc:22:28:21:09:b8,,2,-78.5,0.5,-78.5,2,0.5
22,20,5c:e8:d3:0a:1e:e0,!FreeNet,2,-65.5,8.5,-65.5,2,8.5
22,20,56:f1:5f:2e:f3:7a,Horion_yj,4,-73.0,2.12,-73.0,4,2.12
22,20,36:20:f9:a1:88:62,CSE OFFICE,14,-67.43,7.38,-67.43,14,7.38
22,20,36:62:f9:a1:88:63,CSE OFFICE,19,-83.74,1.62,-83.74,19,1.62
22,20,bc:22:28:21:09:24,CSE-205,19,-54.89,4.05,-54.89,19,4.05
22,20,bc:22:28:21:09:21,CSE-205,19,-61.84,2.37,-61.84,19,2.37
22,20,bc:22:28:21:09:b7,,1,-78.0,0.0,-78.0,1,0.0
22,20,8e:f6:fd:8d:6d:a4,POCO X3 Pro,18,-57.5,5.53,-57.5,18,5.53
22,20,8e:fa:5f:79:06:05,Ei j eta amar wifi,18,-52.89,3.26,-52.89,18,3.26
22,20,60:63:4c:31:37:40,CSE-303,2,-59.5,2.5,-59.5,2,2.5
22,20,34:60:f9:a1:88:63,,16,-83.62,1.49,-83.62,16,1.49
22,20,5c:e9:31:22:be:d6,,1,-70.0,0.0,-70.0,1,0.0
22,20,cc:2d:21:b0:04:60,ROOM-206,1,-78.0,0.0,-78.0,1,0.0
22,20,18:0f:76:c3:06:8d,CSE-304,1,-60.0,0.0,-60.0,1,0.0
22,20,66:79:f0:36:84:ea,DIRECT-DCLAPTOP-LIA41UT4msFN,16,-67.88,2.52,-67.88,16,2.52
22,20,34:60:f9:a1:88:62,,15,-63.93,2.91,-63.93,15,2.91
22,20,36:20:f9:a1:8b:8e,CSE OFFICE,1,-73.0,0.0,-73.0,1,0.0
22,20,96:33:56:57:7a:84,iPhone (3),5,-81.0,0.0,-81.0,5,0.0
22,20,bc:62:ce:6a:3a:2a,RBH 204,5,-73.0,0.0,-73.0,5,0.0
22,20,d2:21:d7:af:f0:ae,Fihad's Galaxy,1,-76.0,0.0,-76.0,1,0.0
22,20,26:2f:d0:88:39:a2,IAC,1,-76.0,0.0,-76.0,1,0.0
22,20,34:e8:94:10:7d:fa,Hall of Fame,1,-74.0,0.0,-74.0,1,0.0
22,20,d6:2c:9e:ee:4a:20,Jo,1,-55.0,0.0,-55.0,1,0.0
22,20,60:63:4c:31:37:60,CSE-306,1,-86.0,0.0,-86.0,1,0.0
22,20,bc:22:28:21:09:22,,1,-66.0,0.0,-66.0,1,0.0
22,20,5e:a9:31:22:be:d6,CSE-LAB,1,-78.0,0.0,-78.0,1,0.0
23,20,96:33:56:57:7a:84,iPhone (3),1,-77.0,0.0,-77.0,1,0.0
23,20,5c:e8:d3:0a:1e:e0,!FreeNet,13,-72.54,5.36,-72.54,13,5.36
23,20,26:94:5a:1b:90:4d,Tatakae🥷,20,-55.95,4.03,-56.47,19,3.41
23,20,56:f1:5f:2e:f3:7a,Horion_yj,10,-74.9,0.83,-74.67,9,0.47
23,20,60:63:4c:31:37:40,CSE-303,12,-53.25,3.17,-51.88,8,0.33
23,20,8e:94:9f:cb:b9:b0,Fuad's A54,16,-67.5,3.59,-67.5,16,3.59
23,20,36:62:f9:a1:88:63,CSE OFFICE,18,-86.78,1.13,-86.78,18,1.13
23,20,bc:22:28:21:09:24,CSE-205,20,-53.15,2.61,-53.15,20,2.61
23,20,5c:e9:31:22:be:d6,,1,-69.0,0.0,-69.0,1,0.0
23,20,bc:22:28:21:09:21,CSE-205,20,-57.5,2.18,-57.5,20,2.18
23,20,bc:22:28:21:09:b8,,6,-78.33,0.75,-78.0,5,0.0
23,20,5e:a9:31:22:be:d6,CSE-LAB,9,-68.0,2.49,-68.0,6,0.0
23,20,bc:22:28:21:55:6c,,5,-85.6,2.33,-85.0,3,0.0
23,20,c6:6d:1d:f3:81:c0,Pixel_7669,13,-91.0,1.18,-90.55,11,0.5
23,20,bc:22:28:21:09:22,,4,-57.0,1.41,-57.0,4,1.41
23,20,bc:22:28:21:09:b7,,2,-77.0,1.0,-77.0,2,1.0
23,20,bc:22:28:21:55:6b,CSE-104,18,-85.83,0.96,-85.83,18,0.96
23,20,46:44:d1:b3:33:78,Galaxy M12 396F,18,-58.33,3.89,-58.33,18,3.89
23,20,4c:ed:fb:d1:5a:d8,Room no.912,1,-85.0,0.0,-85.0,1,0.0
23,20,66:79:f0:36:84:ea,DIRECT-DCLAPTOP-LIA41UT4msFN,10,-72.8,4.49,-71.29,7,0.7
23,20,52:29:6f:70:e8:02,Shakshor,11,-88.73,2.34,-89.3,10,1.55
23,20,36:20:f9:a1:88:62,CSE OFFICE,5,-60.8,0.75,-60.8,5,0.75
23,20,34:60:f9:a1:88:62,,9,-62.56,1.71,-62.56,9,1.71
23,20,56:f1:5f:2e:db:20,Horion_j6,1,-79.0,0.0,-79.0,1,0.0
23,20,00:22:b0:05:f3:bc,CSE-204,4,-70.75,3.27,-70.75,4,3.27
23,20,18:0f:76:c3:06:8d,CSE-304,9,-67.11,1.59,-67.0,5,0.0
23,20,8e:fa:5f:79:06:05,Ei j eta amar wifi,10,-58.1,1.3,-58.1,10,1.3
23,20,34:60:f9:a1:88:63,,6,-86.67,0.75,-87.0,5,0.0
23,20,10:62:eb:77:b7:42,CSE-G04,2,-64.0,2.0,-64.0,2,2.0
23,20,56:24:f1:d4:40:ff,Redmi Note 10,2,-80.5,1.5,-80.5,2,1.5
23,20,8e:f6:fd:8d:6d:a4,POCO X3 Pro,9,-64.0,2.75,-64.0,5,0.0
23,20,36:20:f9:a1:8b:8e,CSE OFFICE,7,-74.29,1.75,-75.0,6,0.0
23,20,30:b5:c2:ea:5b:44,DataLab@BUET,1,-73.0,0.0,-73.0,1,0.0
23,20,bc:22:28:21:55:6e,CSE-104,1,-77.0,0.0,-77.0,1,0.0
23,20,60:63:4c:31:37:60,CSE-306,2,-84.5,0.5,-84.5,2,0.5
23,20,bc:62:ce:6a:3a:2a,RBH 204,1,-79.0,0.0,-79.0,1,0.0
23,20,bc:22:28:21:09:ba,CSE-206,1,-73.0,0.0,-73.0,1,0.0
23,20,d6:2c:9e:ee:4a:20,Jo,2,-56.5,5.5,-56.5,2,5.5
23,20,34:60:f9:a1:88:56,,1,-78.0,0.0,-78.0,1,0.0
24,20,46:44:d1:b3:33:78,Galaxy M12 396F,18,-45.56,3.64,-45.56,18,3.64
24,20,5c:e8:d3:0a:1e:e0,!FreeNet,17,-76.59,3.05,-76.59,17,3.05
24,20,bc:22:28:21:09:24,CSE-205,20,-63.3,3.44,-63.3,20,3.44
24,20,36:20:f9:a1:88:56,CSE OFFICE,9,-75.78,6.84,-75.78,9,6.84
24,20,26:94:5a:1b:90:4d,Tatakae🥷,20,-64.0,4.73,-64.0,20,4.73
24,20,bc:22:28:21:55:6b,CSE-104,13,-91.23,1.19,-91.23,13,1.19
24,20,bc:22:28:21:55:6e,CSE-104,20,-79.85,3.21,-80.72,18,1.69
24,20,8e:94:9f:cb:b9:b0,Fuad's A54,17,-61.29,2.22,-61.69,16,1.61
24,20,36:20:f9:a1:8b:8e,CSE OFFICE,2,-85.0,0.0,-85.0,2,0.0
24,20,36:62:f9:a1:88:63,CSE OFFICE,5,-89.8,1.6,-89.8,5,1.6
24,20,d2:21:d7:af:f0:ae,Fihad's Galaxy,4,-75.0,10.65,-75.0,4,10.65
24,20,8e:fa:5f:79:06:05,Ei j eta amar wifi,20,-63.7,6.0,-62.0,16,1.37
24,20,bc:22:28:21:09:21,CSE-205,19,-51.58,5.3,-50.83,18,4.37
24,20,30:b5:c2:ea:5b:44,DataLab@BUET,15,-68.53,0.62,-68.53,15,0.62
24,20,bc:22:28:21:55:6c,,6,-90.0,0.0,-90.0,6,0.0
24,20,66:79:f0:36:84:ea,DIRECT-DCLAPTOP-LIA41UT4msFN,9,-77.33,4.99,-76.12,8,3.85
24,20,36:20:f9:a1:88:62,CSE OFFICE,13,-69.08,3.1,-69.08,13,3.1
24,20,18:0f:76:c3:06:8d,CSE-304,2,-74.0,0.0,-74.0,2,0.0
24,20,34:e8:94:10:7d:fa,Hall of Fame,17,-79.29,2.97,-79.29,17,2.97
24,20,bc:62:ce:6a:3a:2a,RBH 204,2,-79.5,8.5,-79.5,2,8.5
24,20,34:60:f9:a1:88:62,,4,-72.75,1.3,-72.75,4,1.3
24,20,00:1e:2a:ba:c8:20,CSE-401,17,-85.53,4.05,-85.53,17,4.05
24,20,bc:22:28:21:09:22,,7,-54.43,6.11,-54.43,7,6.11
24,20,56:f1:5f:2e:f3:7a,Horion_yj,5,-80.4,0.8,-80.4,5,0.8
24,20,60:63:4c:31:37:40,CSE-303,12,-65.92,4.35,-65.92,12,4.35
24,20,10:62:eb:77:b7:42,CSE-G04,2,-75.0,8.0,-75.0,2,8.0
24,20,5c:e9:31:22:bb:0a,,6,-77.5,1.12,-77.0,5,0.0
24,20,00:22:b0:05:f3:bc,CSE-204,9,-64.67,4.4,-64.67,9,4.4
24,20,34:60:f9:a1:8b:8e,,5,-83.0,0.0,-83.0,5,0.0
24,20,60:63:4c:31:37:60,CSE-306,11,-88.18,2.29,-88.18,11,2.29
24,20,34:60:f9:a1:88:63,,4,-89.5,0.87,-89.5,4,0.87
24,20,5c:e9:31:22:be:d6,,2,-77.5,3.5,-77.5,2,3.5
24,20,bc:22:28:21:09:b8,,4,-92.5,1.8,-92.5,4,1.8
24,20,bc:22:28:21:09:b7,,4,-91.75,1.64,-91.75,4,1.64
24,20,5e:a9:31:22:be:d6,CSE-LAB,1,-75.0,0.0,-75.0,1,0.0
24,20,0c:80:63:fb:72:74,Slow Wifi,1,-91.0,0.0,-91.0,1,0.0
24,20,52:29:6f:70:e8:02,Shakshor,6,-84.67,1.49,-84.0,5,0.0
24,20,b8:3a:08:dd:a2:98,Room no. 306,8,-89.62,0.48,-89.62,8,0.48
24,20,d6:2c:9e:ee:4a:20,Jo,9,-54.11,0.99,-54.0,6,0.0
24,20,b0:19:21:f7:f8:83,Room no. 614,5,-90.0,0.0,-90.0,5,0.0
24,20,bc:22:28:20:b9:f6,CSE-503,1,-83.0,0.0,-83.0,1,0.0
24,20,34:60:f9:a1:88:56,,1,-73.0,0.0,-73.0,1,0.0
24,20,f4:8c:eb:a1:c5:5f,Shantir Bari,2,-91.0,0.0,-91.0,2,0.0
24,20,38:6b:1c:32:14:ce,405,1,-88.0,0.0,-88.0,1,0.0
24,20,cc:2d:21:3e:5b:b0,Room 202,1,-89.0,0.0,-89.0,1,0.0
25,20,2c:fe:e2:59:d0:c2,Horion_e9,20,-65.0,4.36,-65.0,20,4.36
25,20,66:79:f0:36:84:ea,DIRECT-DCLAPTOP-LIA41UT4msFN,16,-65.69,4.7,-65.69,16,4.7
25,20,8e:94:9f:cb:b9:b0,Fuad's A54,8,-54.25,3.9,-54.25,8,3.9
25,20,60:63:4c:31:37:48,dlink,18,-88.22,1.44,-88.22,18,1.44
25,20,46:44:d1:b3:33:78,Galaxy M12 396F,14,-66.93,2.68,-66.93,14,2.68
25,20,30:b5:c2:ea:5b:44,DataLab@BUET,3,-72.67,0.47,-72.67,3,0.47
25,20,8e:f6:fd:8d:6d:a4,POCO X3 Pro,15,-69.2,6.22,-69.2,15,6.22
25,20,8e:fa:5f:79:06:05,Ei j eta amar wifi,15,-63.8,2.59,-63.8,15,2.59
25,20,96:33:56:57:7a:84,iPhone (3),1,-61.0,0.0,-61.0,1,0.0
25,20,5c:e8:d3:0a:1e:e0,!FreeNet,11,-81.73,3.14,-81.73,11,3.14
25,20,36:20:f9:a1:88:62,CSE OFFICE,11,-69.0,2.98,-67.67,9,1.05
25,20,bc:22:28:21:09:24,CSE-205,18,-63.17,2.81,-63.17,18,2.81
25,20,bc:22:28:21:09:21,CSE-205,20,-58.15,3.66,-57.06,18,1.72
25,20,36:20:f9:a1:8b:8e,CSE OFFICE,4,-81.5,3.5,-81.5,4,3.5
25,20,bc:22:28:21:09:22,,11,-56.82,1.95,-56.82,11,1.95
25,20,d2:21:d7:af:f0:ae,Fihad's Galaxy,2,-95.0,0.0,-95.0,2,0.0
25,20,26:94:5a:1b:90:4d,Tatakae🥷,14,-70.14,2.75,-70.2,10,0.75
25,20,34:60:f9:a1:88:62,,8,-69.75,2.59,-68.33,6,0.94
25,20,bc:22:28:21:09:b7,,8,-88.0,1.22,-88.0,8,1.22
25,20,5e:a9:31:22:be:d6,CSE-LAB,2,-81.0,0.0,-81.0,2,0.0
25,20,56:f1:5f:2e:f3:7a,Horion_yj,2,-81.0,0.0,-81.0,2,0.0
25,20,bc:22:28:21:09:b8,,2,-86.0,0.0,-86.0,2,0.0
25,20,bc:22:28:21:55:6e,CSE-104,2,-84.0,0.0,-84.0,2,0.0
25,20,18:0f:76:c3:06:8d,CSE-304,2,-77.0,0.0,-77.0,2,0.0
25,20,34:60:f9:a1:88:56,,4,-82.0,0.0,-82.0,4,0.0
25,20,34:0a:33:6a:24:5e,ROOM-713,2,-91.0,0.0,-91.0,2,0.0
25,20,60:a4:b7:20:74:5c,Room-1114,2,-88.0,0.0,-88.0,2,0.0
25,20,36:20:f9:a1:88:56,CSE OFFICE,1,-79.0,0.0,-79.0,1,0.0
26,20,60:63:4c:31:37:40,CSE-303,13,-64.85,1.51,-64.85,13,1.51
26,20,5c:e9:31:22:be:d6,,12,-74.42,1.44,-74.42,12,1.44
26,20,a8:42:a1:68:70:de,Star 5,2,-79.5,1.5,-79.5,2,1.5
26,20,bc:22:28:21:09:21,CSE-205,20,-49.8,1.83,-49.8,20,1.83
26,20,00:22:b0:05:f3:bc,CSE-204,4,-67.75,3.49,-67.75,4,3.49
26,20,18:0f:76:c3:06:8d,CSE-304,3,-70.67,2.05,-70.67,3,2.05
26,20,10:62:eb:77:b7:42,CSE-G04,2,-69.5,0.5,-69.5,2,0.5
26,20,56:24:f1:d4:40:ff,Redmi Note 10,1,-75.0,0.0,-75.0,1,0.0
26,20,70:4c:a5:d3:60:40,BUET-Free-WiFi,1,-79.0,0.0,-79.0,1,0.0
26,20,bc:62:ce:6a:3a:2a,RBH 204,2,-74.5,0.5,-74.5,2,0.5
26,20,26:2f:d0:88:39:a2,IAC,1,-75.0,0.0,-75.0,1,0.0
26,20,5e:a9:31:22:bb:0a,CSE-LAB,2,-72.5,1.5,-72.5,2,1.5
26,20,26:94:5a:1b:90:4d,Tatakae🥷,17,-62.24,4.21,-62.24,17,4.21
26,20,56:f1:5f:2e:f3:7a,Horion_yj,1,-72.0,0.0,-72.0,1,0.0
26,20,8e:94:9f:cb:b9:b0,Fuad's A54,12,-37.42,2.14,-36.5,10,0.5
26,20,46:44:d1:b3:33:78,Galaxy M12 396F,15,-56.53,5.43,-56.53,15,5.43
26,20,34:60:f9:a1:88:62,,9,-66.11,2.23,-67.0,5,0.0
26,20,34:60:f9:a1:88:63,,7,-80.43,1.5,-80.0,5,0.0
26,20,30:b5:c2:ea:5b:44,DataLab@BUET,13,-60.85,3.35,-60.85,13,3.35
26,20,bc:22:28:21:09:b7,,3,-82.0,0.82,-82.0,3,0.82
26,20,8e:fa:5f:79:06:05,Ei j eta amar wifi,12,-54.67,2.56,-54.67,12,2.56
26,20,8e:f6:fd:8d:6d:a4,POCO X3 Pro,16,-60.38,3.2,-60.38,16,3.2
26,20,5c:e8:d3:0a:1e:e0,!FreeNet,10,-72.5,5.41,-71.14,7,0.35
26,20,36:62:f9:a1:88:63,CSE OFFICE,10,-80.8,1.17,-81.0,7,0.53
26,20,bc:22:28:21:09:24,CSE-205,5,-51.8,2.71,-53.0,4,1.41
26,20,bc:22:28:21:09:22,,3,-50.0,1.41,-50.0,3,1.41
26,20,5e:a9:31:22:be:d6,CSE-LAB,10,-75.0,1.0,-75.0,10,1.0
26,20,d2:21:d7:af:f0:ae,Fihad's Galaxy,6,-79.33,1.49,-80.0,5,0.0
26,20,36:20:f9:a1:88:62,CSE OFFICE,8,-66.5,1.73,-67.0,6,0.0
26,20,c6:6d:1d:f3:81:c0,Pixel_7669,1,-92.0,0.0,-92.0,1,0.0
26,20,bc:22:28:21:09:b8,,2,-83.0,2.0,-83.0,2,2.0
26,20,52:29:6f:70:e8:02,Shakshor,8,-84.0,1.32,-84.0,8,1.32
26,20,66:79:f0:36:84:ea,DIRECT-DCLAPTOP-LIA41UT4msFN,6,-54.0,5.72,-54.0,6,5.72
26,20,00:1e:2a:ba:c8:20,CSE-401,1,-78.0,0.0,-78.0,1,0.0
26,20,36:20:f9:a1:8b:8e,CSE OFFICE,2,-72.5,4.5,-72.5,2,4.5
26,20,1e:61:b4:ac:7a:1a,CSE-306BL,5,-76.0,0.0,-76.0,5,0.0
26,20,36:20:f9:a1:88:56,CSE OFFICE,5,-76.0,0.0,-76.0,5,0.0
26,20,60:a4:b7:20:74:5c,Room-1114,1,-87.0,0.0,-87.0,1,0.0
26,20,34:60:f9:a1:88:56,,3,-70.67,0.94,-70.67,3,0.94
26,20,36:62:f9:a1:88:57,CSE OFFICE,1,-92.0,0.0,-92.0,1,0.0
26,20,56:f1:5f:2e:db:20,Horion_j6,1,-76.0,0.0,-76.0,1,0.0
26,20,d6:2c:9e:ee:4a:20,Jo,2,-55.0,1.0,-55.0,2,1.0
26,20,34:60:f9:a1:8b:8e,,1,-79.0,0.0,-79.0,1,0.0
26,20,34:e8:94:10:7d:fa,Hall of Fame,1,-80.0,0.0,-80.0,1,0.0
26,20,bc:22:28:21:55:6c,,1,-86.0,0.0,-86.0,1,0.0
26,20,bc:22:28:21:55:6b,CSE-104,1,-86.0,0.0,-86.0,1,0.0
26,20,60:63:4c:31:37:60,CSE-306,1,-86.0,0.0,-86.0,1,0.0
26,20,5c:e9:31:22:bb:0a,,1,-72.0,0.0,-72.0,1,0.0
27,20,46:44:d1:b3:33:78,Galaxy M12 396F,16,-59.56,4.9,-58.6,15,3.28
27,20,8e:f6:fd:8d:6d:a4,POCO X3 Pro,17,-66.94,6.92,-67.81,16,6.16
27,20,18:0f:76:c3:06:8d,CSE-304,16,-59.0,2.65,-59.0,16,2.65
27,20,60:63:4c:31:37:40,CSE-303,18,-54.83,4.4,-54.83,18,4.4
27,20,5c:e8:d3:0a:1e:e0,!FreeNet,20,-66.05,6.34,-66.05,20,6.34
27,20,d2:21:d7:af:f0:ae,Fihad's Galaxy,12,-63.92,5.19,-63.92,12,5.19
27,20,30:b5:c2:ea:5b:44,DataLab@BUET,12,-64.75,4.78,-65.73,11,3.67
27,20,5e:a9:31:22:bb:0a,CSE-LAB,6,-69.33,3.2,-69.33,6,3.2
27,20,8e:94:9f:cb:b9:b0,Fuad's A54,13,-63.38,2.98,-63.38,13,2.98
27,20,00:22:b0:05:f3:bc,CSE-204,13,-62.23,3.79,-62.23,13,3.79
27,20,8e:fa:5f:79:06:05,Ei j eta amar wifi,6,-70.17,3.08,-70.17,6,3.08
27,20,56:24:f1:d4:40:ff,Redmi Note 10,13,-75.08,4.48,-75.08,13,4.48
27,20,56:f1:5f:2e:f3:7a,Horion_yj,14,-67.71,4.38,-67.71,14,4.38
27,20,bc:22:28:21:09:24,CSE-205,17,-63.06,2.8,-63.06,17,2.8
27,20,96:33:56:57:7a:84,iPhone (3),3,-70.67,9.88,-70.67,3,9.88
27,20,36:20:f9:a1:88:62,CSE OFFICE,12,-65.92,2.14,-65.92,12,2.14
27,20,36:20:f9:a1:88:56,CSE OFFICE,11,-67.55,4.4,-66.4,10,2.62
27,20,bc:22:28:21:55:6e,CSE-104,7,-68.71,3.1,-68.8,5,1.17
27,20,60:63:4c:31:37:60,CSE-306,3,-78.67,4.71,-78.67,3,4.71
27,20,70:4c:a5:64:bc:61,eduroam,2,-86.5,0.5,-86.5,2,0.5
27,20,34:60:f9:a1:88:56,,7,-68.29,3.84,-68.29,7,3.84
27,20,34:e8:94:10:7d:fa,Hall of Fame,6,-74.83,3.76,-76.4,5,1.5
27,20,26:94:5a:1b:90:4d,Tatakae🥷,7,-70.0,2.93,-69.0,6,1.73
27,20,56:f1:5f:2e:db:20,Horion_j6,2,-80.5,4.5,-80.5,2,4.5
27,20,36:20:f9:a1:8b:8e,CSE OFFICE,1,-81.0,0.0,-81.0,1,0.0
27,20,5c:e9:31:97:28:f4,Room no 1103,1,-85.0,0.0,-85.0,1,0.0
27,20,5c:e9:31:22:bb:0a,,2,-72.5,4.5,-72.5,2,4.5
27,20,34:60:f9:a1:88:62,,3,-67.0,2.45,-67.0,3,2.45
27,20,24:2f:d0:88:39:a2,,1,-69.0,0.0,-69.0,1,0.0
27,20,26:2f:d0:88:39:a2,IAC,4,-68.75,4.6,-68.75,4,4.6
27,20,72:f1:12:0f:b9:81,Galaxy A34 5G EFE7,1,-74.0,0.0,-74.0,1,0.0
27,20,bc:22:28:21:09:ba,CSE-206,2,-76.0,5.0,-76.0,2,5.0
27,20,d6:2c:9e:ee:4a:20,Jo,7,-58.29,7.61,-59.4,5,1.96
27,20,ac:15:a2:84:3d:1a,CSE_OBE_CELL,1,-88.0,0.0,-88.0,1,0.0
27,20,00:1e:2a:ba:c8:20,CSE-401,1,-81.0,0.0,-81.0,1,0.0
27,20,b0:19:21:f7:f8:83,Room no. 614,1,-84.0,0.0,-84.0,1,0.0
28,20,60:63:4c:31:37:40,CSE-303,11,-53.0,2.7,-53.0,11,2.7
28,20,bc:22:28:21:09:24,CSE-205,20,-55.2,3.22,-56.0,18,2.26
28,20,46:44:d1:b3:33:78,Galaxy M12 396F,18,-61.72,5.97,-62.53,17,5.1
28,20,36:20:f9:a1:88:62,CSE OFFICE,13,-64.38,4.45,-64.38,13,4.45
28,20,26:94:5a:1b:90:4d,Tatakae🥷,20,-62.85,4.53,-62.85,20,4.53
28,20,8e:94:9f:cb:b9:b0,Fuad's A54,17,-61.94,5.0,-61.94,17,5.0
28,20,24:2f:d0:88:39:a2,,3,-68.67,2.36,-68.67,3,2.36
28,20,8e:fa:5f:79:06:05,Ei j eta amar wifi,17,-63.35,4.73,-64.25,16,3.17
28,20,8e:f6:fd:8d:6d:a4,POCO X3 Pro,19,-63.37,5.12,-63.37,19,5.12
28,20,00:22:b0:05:f3:bc,CSE-204,3,-68.67,3.4,-68.67,3,3.4
28,20,30:b5:c2:ea:5b:44,DataLab@BUET,11,-72.27,4.05,-72.27,11,4.05
28,20,bc:22:28:21:55:6e,CSE-104,1,-75.0,0.0,-75.0,1,0.0
28,20,56:f1:5f:2e:f3:7a,Horion_yj,12,-73.5,5.27,-75.5,10,2.84
28,20,5e:a9:31:22:be:d6,CSE-LAB,4,-76.25,1.3,-76.25,4,1.3
28,20,5c:e8:d3:0a:1e:e0,!FreeNet,15,-82.0,4.56,-82.0,15,4.56
28,20,96:33:56:57:7a:84,iPhone (3),2,-89.0,1.0,-89.0,2,1.0
28,20,10:62:eb:77:b7:42,CSE-G04,5,-66.6,1.96,-66.6,5,1.96
28,20,18:0f:76:c3:06:8d,CSE-304,4,-68.5,3.64,-68.5,4,3.64
28,20,d2:21:d7:af:f0:ae,Fihad's Galaxy,4,-82.25,2.95,-82.25,4,2.95
28,20,56:24:f1:d4:40:ff,Redmi Note 10,3,-86.33,1.25,-86.33,3,1.25
28,20,00:1e:2a:ba:c8:20,CSE-401,5,-84.2,3.97,-84.2,5,3.97
28,20,34:60:f9:a1:88:56,,5,-78.4,2.33,-79.5,4,0.87
28,20,34:60:f9:a1:88:62,,4,-62.5,5.72,-62.5,4,5.72
28,20,34:60:f9:a1:8b:8e,,2,-78.5,4.5,-78.5,2,4.5
28,20,34:e8:94:10:7d:fa,Hall of Fame,2,-78.0,0.0,-78.0,2,0.0
28,20,26:2f:d0:88:39:a2,IAC,1,-73.0,0.0,-73.0,1,0.0
28,20,5e:a9:31:22:bb:0a,CSE-LAB,1,-81.0,0.0,-81.0,1,0.0
28,20,bc:22:28:21:09:ba,CSE-206,2,-88.0,0.0,-88.0,2,0.0
28,20,d6:2c:9e:ee:4a:20,Jo,6,-46.83,4.41,-46.83,6,4.41
28,20,5c:e9:31:22:be:d6,,1,-79.0,0.0,-79.0,1,0.0
28,20,70:4c:a5:95:b6:01,eduroam,2,-88.5,1.5,-88.5,2,1.5
28,20,36:20:f9:a1:8b:8e,CSE OFFICE,2,-73.5,0.5,-73.5,2,0.5
28,20,36:20:f9:a1:88:56,CSE OFFICE,2,-76.5,2.5,-76.5,2,2.5
28,20,60:63:4c:31:37:60,CSE-306,1,-81.0,0.0,-81.0,1,0.0
28,20,b0:19:21:15:12:3e,Second Home 310,1,-88.0,0.0,-88.0,1,0.0
28,20,bc:62:ce:6a:3a:2a,RBH 204,1,-82.0,0.0,-82.0,1,0.0
29,20,2c:fe:e2:59:d0:c2,Horion_e9,20,-63.85,4.11,-62.72,18,2.47
29,20,8e:94:9f:cb:b9:b0,Fuad's A54,19,-66.0,4.8,-64.59,17,2.61
29,20,bc:22:28:21:55:6c,,6,-82.33,0.47,-82.33,6,0.47
29,20,bc:22:28:21:55:6b,CSE-104,6,-82.33,0.94,-82.33,6,0.94
29,20,36:20:f9:a1:88:62,CSE OFFICE,14,-66.79,3.0,-66.79,14,3.0
29,20,5c:e8:d3:0a:1e:e0,!FreeNet,19,-78.0,4.53,-78.0,19,4.53
29,20,56:f1:5f:2e:f3:7a,Horion_yj,17,-73.53,3.36,-75.0,14,1.2
29,20,60:63:4c:31:37:48,dlink,20,-87.45,3.96,-87.45,20,3.96
29,20,bc:22:28:21:09:24,CSE-205,20,-56.6,5.35,-55.63,19,3.37
29,20,bc:22:28:21:09:21,CSE-205,20,-50.7,2.61,-50.7,20,2.61
29,20,34:60:f9:a1:88:63,,19,-86.89,1.33,-86.89,19,1.33
29,20,8e:fa:5f:79:06:05,Ei j eta amar wifi,17,-65.18,6.08,-65.18,17,6.08
29,20,26:94:5a:1b:90:4d,Tatakae🥷,20,-66.85,7.24,-66.85,20,7.24
29,20,36:62:f9:a1:88:63,CSE OFFICE,19,-86.21,1.36,-86.21,19,1.36
29,20,46:44:d1:b3:33:78,Galaxy M12 396F,20,-63.1,5.07,-64.71,17,3.61
29,20,96:33:56:57:7a:84,iPhone (3),4,-76.0,0.0,-76.0,4,0.0
29,20,18:0f:76:c3:06:8d,CSE-304,10,-65.9,3.99,-67.0,7,0.0
29,20,66:79:f0:36:84:ea,DIRECT-DCLAPTOP-LIA41UT4msFN,17,-81.29,3.91,-81.29,17,3.91
29,20,8e:f6:fd:8d:6d:a4,POCO X3 Pro,18,-64.33,5.24,-64.33,18,5.24
29,20,d2:21:d7:af:f0:ae,Fihad's Galaxy,11,-81.82,4.47,-81.82,11,4.47
29,20,00:22:b0:05:f3:bc,CSE-204,12,-76.0,6.93,-80.0,9,0.0
29,20,60:63:4c:31:37:40,CSE-303,14,-65.14,5.46,-65.14,14,5.46
29,20,30:b5:c2:ea:5b:44,DataLab@BUET,13,-73.69,3.62,-73.69,13,3.62
29,20,56:24:f1:d4:40:ff,Redmi Note 10,4,-84.0,0.0,-84.0,4,0.0
29,20,52:29:6f:70:e8:02,Shakshor,14,-86.93,4.85,-88.0,13,3.04
29,20,34:60:f9:a1:8b:8e,,9,-76.44,1.34,-76.44,9,1.34
29,20,34:60:f9:a1:88:62,,8,-68.88,1.45,-68.88,8,1.45
29,20,36:20:f9:a1:8b:8e,CSE OFFICE,9,-74.67,8.06,-77.5,8,0.87
29,20,36:20:f9:a1:88:56,CSE OFFICE,2,-77.0,0.0,-77.0,2,0.0
29,20,34:e8:94:10:7d:fa,Hall of Fame,4,-86.0,0.0,-86.0,4,0.0
29,20,34:60:f9:a1:88:56,,5,-75.2,2.4,-74.0,4,0.0
29,20,00:1e:2a:ba:c8:20,CSE-401,3,-88.0,0.0,-88.0,3,0.0
29,20,5e:a9:31:22:be:d6,CSE-LAB,3,-72.0,0.0,-72.0,3,0.0
29,20,bc:22:28:21:09:b8,,3,-90.0,0.0,-90.0,3,0.0
29,20,d6:2c:9e:ee:4a:20,Jo,8,-55.5,4.09,-55.5,8,4.09
29,20,9c:c9:eb:50:1a:04,CSE-405,5,-88.2,1.47,-88.2,5,1.47
29,20,70:4c:a5:64:bf:18,BUET-Free-WiFi,3,-89.0,0.0,-89.0,3,0.0
29,20,1e:61:b4:ac:79:f2,CSE-306BL,3,-82.0,0.0,-82.0,3,0.0
29,20,bc:22:28:21:09:22,,3,-58.0,14.14,-58.0,3,14.14
29,20,70:4c:a5:64:bf:19,eduroam,1,-88.0,0.0,-88.0,1,0.0
29,20,1e:61:b4:ac:79:f3,CSE-306BL,1,-80.0,0.0,-80.0,1,0.0
29,20,1e:61:b4:ac:7a:1a,CSE-306BL,1,-72.0,0.0,-72.0,1,0.0
29,20,60:63:4c:31:37:60,CSE-306,1,-55.0,0.0,-55.0,1,0.0
29,20,60:63:4c:31:37:68,dlink,1,-78.0,0.0,-78.0,1,0.0
29,20,bc:22:28:21:70:62,CSE-214,1,-83.0,0.0,-83.0,1,0.0
29,20,36:62:f9:a1:8b:8f,CSE OFFICE,1,-83.0,0.0,-83.0,1,0.0
29,20,1c:61:b4:9c:7a:1a,,1,-65.0,0.0,-65.0,1,0.0
30,20,5c:e9:31:22:bb:0a,,6,-65.0,0.0,-65.0,6,0.0
30,20,26:2f:d0:88:39:a2,IAC,20,-65.6,1.32,-65.6,20,1.32
30,20,34:60:f9:a1:88:63,,6,-89.0,0.0,-89.0,6,0.0
30,20,36:62:f9:a1:88:57,CSE OFFICE,20,-78.75,1.3,-78.0,15,0.0
30,20,bc:22:28:21:09:22,,11,-76.73,2.49,-76.73,11,2.49
30,20,bc:22:28:21:09:21,CSE-205,20,-77.1,1.48,-77.1,20,1.48
30,20,5c:e9:31:22:bb:0b,,6,-89.0,0.0,-89.0,6,0.0
30,20,36:20:f9:a1:88:56,CSE OFFICE,15,-59.4,1.96,-59.4,15,1.96
30,20,5e:ea:31:22:bb:0b,CSE-LAB,6,-88.0,0.0,-88.0,6,0.0
30,20,26:94:5a:1b:90:4d,Tatakae🥷,20,-66.25,1.3,-67.0,15,0.0
30,20,bc:22:28:21:55:6b,CSE-104,20,-76.25,2.17,-76.25,20,2.17
30,20,52:29:6f:70:e8:02,Shakshor,20,-82.75,0.43,-83.0,15,0.0
30,20,00:22:b0:05:f3:bc,CSE-204,20,-61.65,1.49,-61.65,20,1.49
30,20,bc:22:28:21:09:b7,,6,-88.0,0.0,-88.0,6,0.0
30,20,36:20:f9:a1:88:62,CSE OFFICE,11,-60.18,1.99,-60.18,11,1.99
30,20,5e:a9:31:22:bb:0a,CSE-LAB,6,-62.0,0.0,-62.0,6,0.0
30,20,18:0f:76:c3:06:8d,CSE-304,20,-47.35,1.59,-47.35,20,1.59
30,20,36:62:f9:a1:88:63,CSE OFFICE,20,-87.55,0.5,-87.55,20,0.5
30,20,d2:21:d7:af:f0:ae,Fihad's Galaxy,15,-68.6,5.39,-68.6,15,5.39
30,20,34:e8:94:10:7d:fa,Hall of Fame,20,-71.15,1.85,-71.15,20,1.85
30,20,36:56:20:d4:75:60,Rayyan's Galaxy A24,9,-69.0,0.0,-69.0,9,0.0
30,20,30:b5:c2:ea:5b:44,DataLab@BUET,14,-75.5,3.35,-75.5,14,3.35
30,20,70:4c:a5:95:b6:00,BUET-Free-WiFi,14,-80.29,0.96,-80.29,14,0.96
30,20,24:2f:d0:88:39:a2,,14,-65.57,1.92,-65.57,14,1.92
30,20,bc:22:28:21:55:6c,,14,-75.07,1.44,-75.07,14,1.44
30,20,5e:a9:31:22:be:d6,CSE-LAB,14,-78.36,0.48,-78.36,14,0.48
30,20,bc:22:28:21:55:6e,CSE-104,14,-69.64,0.48,-69.64,14,0.48
30,20,34:60:f9:a1:88:57,,14,-79.71,0.96,-79.71,14,0.96
30,20,5c:e9:31:22:be:d6,,5,-78.0,0.0,-78.0,5,0.0
30,20,bc:22:28:21:09:ba,CSE-206,5,-83.0,0.0,-83.0,5,0.0
30,20,70:4c:a5:95:b6:01,eduroam,5,-77.0,0.0,-77.0,5,0.0
30,20,60:63:4c:31:37:40,CSE-303,5,-55.0,0.0,-55.0,5,0.0
31,13,8e:fa:5f:79:06:05,Ei j eta amar wifi,10,-49.4,2.58,-48.12,8,0.33
31,13,bc:22:28:21:09:24,CSE-205,11,-55.45,3.03,-55.45,11,3.03
31,13,bc:22:28:21:09:21,CSE-205,13,-62.38,2.76,-62.38,13,2.76
31,13,5c:e8:d3:0a:1e:e0,!FreeNet,2,-69.5,9.5,-69.5,2,9.5
31,13,36:20:f9:a1:88:62,CSE OFFICE,3,-63.67,2.36,-63.67,3,2.36
31,13,34:60:f9:a1:88:62,,4,-65.75,2.95,-65.75,4,2.95
31,13,56:f1:5f:2e:f3:7a,Horion_yj,7,-75.29,2.43,-74.33,6,0.75
31,13,d2:21:d7:af:f0:ae,Fihad's Galaxy,2,-77.5,0.5,-77.5,2,0.5
31,13,24:2f:d0:88:39:a2,,1,-79.0,0.0,-79.0,1,0.0
31,13,26:2f:d0:88:39:a2,IAC,1,-79.0,0.0,-79.0,1,0.0
31,13,26:94:5a:1b:90:4d,Tatakae🥷,9,-59.67,8.71,-56.75,8,2.95
31,13,bc:22:28:21:09:b8,,8,-85.62,1.11,-86.0,5,0.0
31,13,bc:22:28:21:09:b7,,6,-86.0,1.41,-86.0,6,1.41
31,13,34:60:f9:a1:88:63,,10,-84.1,2.02,-83.12,8,0.33
31,13,36:62:f9:a1:88:63,CSE OFFICE,13,-84.38,2.34,-83.92,12,1.75
31,13,bc:22:28:21:09:22,,4,-61.0,1.22,-61.0,4,1.22
31,13,60:63:4c:31:37:40,CSE-303,8,-69.12,3.85,-69.12,8,3.85
31,13,30:b5:c2:ea:5b:44,DataLab@BUET,3,-72.67,5.25,-72.67,3,5.25
31,13,00:22:b0:05:f3:bc,CSE-204,4,-72.5,2.18,-72.5,4,2.18
31,13,36:20:f9:a1:88:56,CSE OFFICE,1,-79.0,0.0,-79.0,1,0.0
31,13,46:44:d1:b3:33:78,Galaxy M12 396F,11,-67.64,8.66,-67.64,11,8.66
31,13,8e:94:9f:cb:b9:b0,Fuad's A54,7,-63.86,1.88,-64.0,5,0.0
31,13,18:0f:76:c3:06:8d,CSE-304,1,-71.0,0.0,-71.0,1,0.0
31,13,34:0a:33:6a:24:5e,ROOM-713,6,-83.5,1.12,-84.0,5,0.0
31,13,8e:f6:fd:8d:6d:a4,POCO X3 Pro,9,-65.89,3.66,-65.89,9,3.66
31,13,66:79:f0:36:84:ea,DIRECT-DCLAPTOP-LIA41UT4msFN,9,-73.89,3.54,-73.89,9,3.54
31,13,b0:19:21:f7:f8:83,Room no. 614,5,-82.0,0.0,-82.0,5,0.0
31,13,34:e8:94:10:7d:fa,Hall of Fame,1,-87.0,0.0,-87.0,1,0.0
31,13,52:29:6f:70:e8:02,Shakshor,5,-88.4,0.8,-88.4,5,0.8
31,13,bc:22:28:21:55:6c,,3,-91.33,0.94,-91.33,3,0.94
31,13,00:1e:2a:ba:c8:20,CSE-401,1,-85.0,0.0,-85.0,1,0.0
31,13,56:24:f1:d4:40:ff,Redmi Note 10,1,-86.0,0.0,-86.0,1,0.0
31,13,34:60:f9:a1:8b:8e,,2,-73.0,0.0,-73.0,2,0.0
31,13,bc:62:ce:6a:3a:2a,RBH 204,2,-81.0,0.0,-81.0,2,0.0
31,13,6e:7e:bf:c3:83:0e,,2,-92.0,0.0,-92.0,2,0.0
32,20,26:2f:d0:88:39:a2,IAC,4,-60.0,4.53,-60.0,4,4.53
32,20,36:62:f9:a1:88:57,CSE OFFICE,20,-70.75,1.41,-70.24,17,0.64
32,20,bc:22:28:21:09:22,,12,-73.42,1.98,-73.6,10,0.66
32,20,bc:22:28:21:09:21,CSE-205,20,-73.55,1.5,-74.0,15,0.0
32,20,1e:61:b4:ac:79:f2,CSE-306BL,1,-75.0,0.0,-75.0,1,0.0
32,20,30:b5:c2:ea:5b:44,DataLab@BUET,10,-73.2,1.66,-74.0,8,0.0
32,20,24:2f:d0:88:39:a2,,8,-55.62,4.27,-53.17,6,0.37
32,20,56:24:f1:d4:40:ff,Redmi Note 10,3,-64.67,0.47,-64.67,3,0.47
32,20,a6:59:c9:64:d6:36,Pixel_5325,10,-51.2,5.6,-51.2,10,5.6
32,20,52:29:6f:70:e8:02,Shakshor,20,-82.7,1.9,-82.42,19,1.5
32,20,00:22:b0:05:f3:bc,CSE-204,11,-53.55,2.23,-54.12,8,0.6
32,20,bc:22:28:21:09:b7,,11,-79.91,2.02,-79.12,8,0.33
32,20,26:2a:d0:88:39:a3,IAC,1,-93.0,0.0,-93.0,1,0.0
32,20,36:62:f9:a1:88:63,CSE OFFICE,18,-84.44,2.63,-84.44,18,2.63
32,20,d2:21:d7:af:f0:ae,Fihad's Galaxy,20,-42.3,3.16,-42.3,20,3.16
32,20,70:4c:a5:95:a4:21,eduroam,8,-84.0,2.0,-84.0,8,2.0
32,20,5c:e9:31:22:bb:0a,,1,-60.0,0.0,-60.0,1,0.0
32,20,34:60:f9:a1:88:62,,1,-64.0,0.0,-64.0,1,0.0
32,20,5c:e8:d3:0a:1e:e0,!FreeNet,1,-62.0,0.0,-62.0,1,0.0
32,20,5e:ea:31:22:bf:97,CSE-LAB,1,-88.0,0.0,-88.0,1,0.0
32,20,36:20:f9:a1:88:62,CSE OFFICE,1,-61.0,0.0,-61.0,1,0.0
32,20,34:e8:94:10:7d:fa,Hall of Fame,4,-68.5,5.32,-68.5,4,5.32
32,20,50:eb:f6:17:73:b8,SHAN,6,-82.0,0.0,-82.0,6,0.0
32,20,60:63:4c:31:37:40,CSE-303,10,-53.6,3.58,-52.12,8,0.33
32,20,18:0f:76:c3:06:8d,CSE-304,6,-51.0,0.0,-51.0,6,0.0
32,20,46:c4:90:f1:0a:2a,Galaxy S23 Ultra 8407,6,-56.0,0.0,-56.0,6,0.0
32,20,70:4c:a5:95:a4:20,BUET-Free-WiFi,6,-84.0,2.94,-82.8,5,1.33
32,20,26:94:5a:1b:90:4d,Tatakae🥷,4,-59.75,4.44,-59.75,4,4.44
32,20,bc:22:28:21:55:6b,CSE-104,4,-78.75,0.83,-78.75,4,0.83
32,20,36:20:f9:a1:88:56,CSE OFFICE,3,-48.0,2.94,-48.0,3,2.94
32,20,5e:a9:31:22:bb:0a,CSE-LAB,3,-57.67,3.4,-57.67,3,3.4
32,20,34:60:f9:a1:88:57,,1,-75.0,0.0,-75.0,1,0.0
32,20,34:60:f9:a1:88:63,,8,-80.12,4.11,-80.12,8,4.11
32,20,cc:32:e5:03:7d:ab,Salim_fast_network,2,-87.5,0.5,-87.5,2,0.5
32,20,24:2f:d0:88:39:a3,,2,-89.5,0.5,-89.5,2,0.5
32,20,5e:ea:31:22:bb:0b,CSE-LAB,7,-89.29,2.91,-90.33,6,1.49
32,20,70:4c:a5:95:b6:00,BUET-Free-WiFi,1,-89.0,0.0,-89.0,1,0.0
32,20,5e:a9:31:22:be:d6,CSE-LAB,1,-77.0,0.0,-77.0,1,0.0
32,20,36:20:f9:a1:8b:8e,CSE OFFICE,5,-81.0,0.0,-81.0,5,0.0
32,20,36:56:20:d4:75:60,Rayyan's Galaxy A24,1,-75.0,0.0,-75.0,1,0.0
32,20,28:87:ba:35:8b:eb,4s,2,-88.0,0.0,-88.0,2,0.0
32,20,bc:22:28:21:09:24,CSE-205,1,-74.0,0.0,-74.0,1,0.0
32,20,70:4c:a5:95:ae:c9,eduroam,1,-82.0,0.0,-82.0,1,0.0
33,20,bc:22:28:21:55:6b,CSE-104,11,-80.09,1.56,-80.4,10,1.28
33,20,52:29:6f:70:e8:02,Shakshor,15,-79.47,2.68,-79.47,15,2.68
33,20,36:20:f9:a1:88:62,CSE OFFICE,5,-65.2,3.97,-65.2,5,3.97
33,20,34:60:f9:a1:88:57,,12,-63.0,3.81,-62.18,11,2.79
33,20,60:63:4c:31:37:48,dlink,20,-83.05,2.13,-83.05,20,2.13
33,20,34:60:f9:a1:88:62,,5,-64.0,3.85,-64.0,5,3.85
33,20,36:62:f9:a1:88:57,CSE OFFICE,20,-63.15,3.71,-62.63,19,3.01
33,20,bc:22:28:21:09:21,CSE-205,16,-70.31,2.89,-70.31,16,2.89
33,20,36:20:f9:a1:88:56,CSE OFFICE,20,-55.4,2.82,-55.4,20,2.82
33,20,d2:21:d7:af:f0:ae,Fihad's Galaxy,16,-44.94,6.28,-44.94,16,6.28
33,20,34:60:f9:a1:88:56,,9,-54.33,3.43,-55.12,8,2.76
33,20,34:60:f9:a1:88:63,,7,-84.29,1.48,-84.29,7,1.48
33,20,bc:22:28:21:09:22,,8,-72.5,3.91,-72.5,8,3.91
33,20,bc:22:28:21:09:b8,,5,-77.2,2.64,-77.2,5,2.64
33,20,bc:22:28:21:09:b7,,7,-79.14,1.25,-79.14,7,1.25
33,20,60:63:4c:31:37:40,CSE-303,5,-66.2,1.72,-67.0,4,0.71
33,20,26:94:5a:1b:90:4d,Tatakae🥷,4,-66.0,10.49,-66.0,4,10.49
33,20,bc:22:28:21:55:6c,,4,-80.5,2.69,-80.5,4,2.69
33,20,30:b5:c2:ea:5b:44,DataLab@BUET,2,-77.5,0.5,-77.5,2,0.5
33,20,bc:22:28:21:55:6e,CSE-104,3,-75.67,0.94,-75.67,3,0.94
33,20,36:62:f9:a1:88:63,CSE OFFICE,3,-84.67,0.47,-84.67,3,0.47
33,20,26:2f:d0:88:39:a2,IAC,1,-66.0,0.0,-66.0,1,0.0
33,20,56:24:f1:d4:40:ff,Redmi Note 10,2,-73.5,0.5,-73.5,2,0.5
33,20,00:22:b0:05:f3:bc,CSE-204,5,-47.0,23.92,-58.75,4,4.97
33,20,a6:59:c9:64:d6:36,Pixel_5325,1,-65.0,0.0,-65.0,1,0.0
33,20,34:e8:94:10:7d:fa,Hall of Fame,5,-70.2,3.54,-70.0,3,0.82
33,20,24:2f:d0:88:39:a2,,1,-58.0,0.0,-58.0,1,0.0
33,20,5e:ea:31:22:bb:0b,CSE-LAB,3,-84.0,1.41,-84.0,3,1.41
33,20,bc:22:28:21:09:24,CSE-205,2,-69.5,1.5,-69.5,2,1.5
33,20,34:60:f9:a1:8b:8e,,2,-73.0,7.0,-73.0,2,7.0
33,20,36:20:f9:a1:8b:8e,CSE OFFICE,1,-75.0,0.0,-75.0,1,0.0
33,20,5e:a9:31:22:be:d6,CSE-LAB,2,-80.5,5.5,-80.5,2,5.5
33,20,5c:e9:31:22:bb:0b,,1,-83.0,0.0,-83.0,1,0.0
34,20,26:2f:d0:88:39:a2,IAC,1,-54.0,0.0,-54.0,1,0.0
34,20,bc:22:28:21:09:24,CSE-205,1,-74.0,0.0,-74.0,1,0.0
34,20,36:62:f9:a1:88:57,CSE OFFICE,20,-66.75,1.41,-66.75,20,1.41
34,20,bc:22:28:21:09:21,CSE-205,19,-74.89,1.48,-74.89,19,1.48
34,20,30:b5:c2:ea:5b:44,DataLab@BUET,2,-68.5,2.5,-68.5,2,2.5
34,20,24:2f:d0:88:39:a2,,1,-58.0,0.0,-58.0,1,0.0
34,20,bc:22:28:21:55:6b,CSE-104,18,-82.72,1.63,-83.0,12,0.0
34,20,a6:59:c9:64:d6:36,Pixel_5325,8,-55.88,0.78,-56.0,6,0.0
34,20,52:29:6f:70:e8:02,Shakshor,7,-80.57,1.84,-81.17,6,1.21
34,20,00:22:b0:05:f3:bc,CSE-204,18,-54.11,1.88,-54.11,18,1.88
34,20,18:0f:76:c3:06:8d,CSE-304,6,-61.5,1.71,-62.2,5,0.75
34,20,34:60:f9:a1:88:57,,20,-66.95,1.69,-66.95,20,1.69
34,20,34:60:f9:a1:88:56,,11,-50.45,2.02,-50.45,11,2.02
34,20,5c:e9:31:22:bb:0a,,6,-58.83,1.86,-58.0,5,0.0
34,20,34:60:f9:a1:88:63,,18,-85.83,1.46,-85.83,18,1.46
34,20,5c:e9:31:22:bb:0b,,19,-85.42,1.96,-85.42,19,1.96
34,20,36:20:f9:a1:88:56,CSE OFFICE,18,-47.56,2.03,-47.56,18,2.03
34,20,ac:15:a2:84:3d:1a,CSE_OBE_CELL,3,-78.0,1.41,-78.0,3,1.41
34,20,5e:ea:31:22:bb:0b,CSE-LAB,19,-86.53,2.64,-86.53,19,2.64
34,20,60:63:4c:31:37:40,CSE-303,9,-62.67,0.67,-63.0,7,0.0
34,20,36:62:f9:a1:88:63,CSE OFFICE,18,-85.06,1.08,-85.06,18,1.08
34,20,34:e8:94:10:7d:fa,Hall of Fame,17,-63.88,1.32,-63.88,17,1.32
34,20,56:24:f1:d4:40:ff,Redmi Note 10,9,-57.89,5.51,-57.89,9,5.51
34,20,36:20:f9:a1:88:62,CSE OFFICE,7,-63.86,0.35,-64.0,6,0.0
34,20,26:94:5a:1b:90:4d,Tatakae🥷,4,-60.25,4.21,-60.25,4,4.21
34,20,bc:22:28:21:09:ba,CSE-206,3,-76.0,2.83,-76.0,3,2.83
34,20,5c:e9:31:22:bf:97,,1,-87.0,0.0,-87.0,1,0.0
34,20,5e:ea:31:22:bf:97,CSE-LAB,2,-84.0,4.0,-84.0,2,4.0
34,20,d2:21:d7:af:f0:ae,Fihad's Galaxy,11,-35.64,2.06,-35.25,8,1.09
34,20,5e:a9:31:22:bb:0a,CSE-LAB,6,-59.83,0.37,-60.0,5,0.0
34,20,2e:87:ba:35:8b:ea,,1,-80.0,0.0,-80.0,1,0.0
34,20,70:4c:a5:95:b6:00,BUET-Free-WiFi,1,-84.0,0.0,-84.0,1,0.0
34,20,34:60:f9:a1:88:62,,1,-65.0,0.0,-65.0,1,0.0
34,20,36:56:20:d4:75:60,Rayyan's Galaxy A24,1,-78.0,0.0,-78.0,1,0.0
35,20,d2:21:d7:af:f0:ae,Fihad's Galaxy,12,-58.25,4.21,-58.25,12,4.21
35,20,34:60:f9:a1:88:56,,6,-59.17,2.79,-59.17,6,2.79
35,20,00:22:b0:05:f3:bc,CSE-204,19,-64.16,4.09,-64.16,19,4.09
35,20,5e:a9:31:22:bb:0a,CSE-LAB,8,-68.0,1.8,-68.0,8,1.8
35,20,34:60:f9:a1:88:62,,3,-78.33,1.25,-78.33,3,1.25
35,20,36:20:f9:a1:88:56,CSE OFFICE,10,-59.2,2.4,-58.44,9,0.83
35,20,18:0f:76:c3:06:8d,CSE-304,4,-67.5,1.12,-67.5,4,1.12
35,20,26:94:5a:1b:90:4d,Tatakae🥷,9,-74.56,5.06,-74.56,9,5.06
35,20,24:2f:d0:88:39:a2,,3,-70.67,0.47,-70.67,3,0.47
35,20,26:2f:d0:88:39:a2,IAC,2,-70.5,0.5,-70.5,2,0.5
35,20,36:20:f9:a1:88:62,CSE OFFICE,4,-77.0,3.08,-77.0,4,3.08
35,20,56:24:f1:d4:40:ff,Redmi Note 10,9,-77.56,3.3,-77.56,9,3.3
35,20,a6:59:c9:64:d6:36,Pixel_5325,1,-77.0,0.0,-77.0,1,0.0
35,20,30:b5:c2:ea:5b:44,DataLab@BUET,4,-84.0,2.83,-84.0,4,2.83
35,20,bc:22:28:21:55:6e,CSE-104,6,-83.67,0.94,-83.67,6,0.94
35,20,34:e8:94:10:7d:fa,Hall of Fame,8,-78.12,4.65,-78.12,8,4.65
35,20,bc:22:28:21:09:ba,CSE-206,1,-95.0,0.0,-95.0,1,0.0
35,20,5c:e9:31:22:bb:0a,,6,-69.5,3.69,-69.5,6,3.69
35,20,60:63:4c:31:37:40,CSE-303,5,-65.0,1.79,-65.0,5,1.79
35,20,34:60:f9:a1:8b:8e,,1,-93.0,0.0,-93.0,1,0.0
35,20,bc:22:28:21:09:24,CSE-205,1,-85.0,0.0,-85.0,1,0.0
36,20,5c:e9:31:22:bb:0a,,20,-67.8,1.75,-68.05,19,1.39
36,20,26:2f:d0:88:39:a2,IAC,3,-69.33,2.05,-69.33,3,2.05
36,20,36:62:f9:a1:88:57,CSE OFFICE,20,-74.6,2.44,-74.6,20,2.44
36,20,bc:22:28:21:09:22,,13,-70.0,1.52,-69.58,12,0.49
36,20,bc:22:28:21:09:21,CSE-205,20,-71.4,2.2,-70.83,18,1.46
36,20,bc:22:28:21:09:ba,CSE-206,20,-78.3,1.82,-78.0,19,1.3
36,20,36:20:f9:a1:88:56,CSE OFFICE,14,-51.64,3.81,-52.92,12,2.36
36,20,26:94:5a:1b:90:4d,Tatakae🥷,8,-67.5,2.5,-67.5,8,2.5
36,20,30:b5:c2:ea:5b:44,DataLab@BUET,20,-78.65,3.05,-78.4,15,0.61
36,20,bc:22:28:21:55:6b,CSE-104,19,-87.47,2.26,-87.47,19,2.26
36,20,56:24:f1:d4:40:ff,Redmi Note 10,16,-71.0,5.35,-71.0,16,5.35
36,20,a6:59:c9:64:d6:36,Pixel_5325,8,-64.5,1.32,-65.0,7,0.0
36,20,bc:22:28:21:09:b8,,9,-91.33,1.05,-91.0,6,0.0
36,20,52:29:6f:70:e8:02,Shakshor,16,-88.44,2.74,-88.44,16,2.74
36,20,bc:22:28:21:09:b7,,8,-90.38,0.7,-90.0,6,0.0
36,20,60:63:4c:31:37:40,CSE-303,20,-65.2,2.58,-65.2,20,2.58
36,20,5e:a9:31:22:bb:0a,CSE-LAB,20,-66.55,2.09,-66.55,20,2.09
36,20,18:0f:76:c3:06:8d,CSE-304,3,-69.0,0.82,-69.0,3,0.82
36,20,36:62:f9:a1:88:63,CSE OFFICE,11,-96.73,0.45,-96.73,11,0.45
36,20,34:60:f9:a1:88:63,,8,-95.62,0.99,-95.29,7,0.45
36,20,5c:e9:31:22:be:d6,,9,-90.0,1.33,-90.0,9,1.33
36,20,5c:e9:31:22:bb:0b,,4,-95.5,1.12,-95.5,4,1.12
36,20,5e:ea:31:22:bb:0b,CSE-LAB,9,-96.44,0.96,-96.75,8,0.43
36,20,00:22:b0:05:f3:bc,CSE-204,11,-50.18,8.33,-48.1,10,5.36
36,20,80:3f:5d:91:48:44,Md shafiq ,3,-93.33,2.05,-93.33,3,2.05
36,20,5e:a9:31:22:be:d6,CSE-LAB,6,-88.33,1.6,-88.33,6,1.6
36,20,34:60:f9:a1:88:57,,6,-72.83,2.27,-72.83,6,2.27
36,20,70:4c:a5:95:ae:c8,BUET-Free-WiFi,7,-90.57,1.4,-90.0,6,0.0
36,20,36:56:20:d4:75:60,Rayyan's Galaxy A24,6,-90.0,3.16,-91.4,5,0.49
36,20,70:4c:a5:95:af:71,eduroam,4,-93.75,1.09,-93.75,4,1.09
36,20,70:4c:a5:95:ae:c9,eduroam,4,-94.0,3.08,-94.0,4,3.08
36,20,bc:22:28:21:09:24,CSE-205,2,-77.5,3.5,-77.5,2,3.5
36,20,24:2f:d0:88:39:a2,,3,-67.67,3.09,-67.67,3,3.09
36,20,bc:22:28:21:55:6c,,6,-87.0,0.0,-87.0,6,0.0
36,20,34:60:f9:a1:88:56,,7,-49.0,1.77,-48.33,6,0.75
36,20,82:3f:5d:a1:48:44,Md shafiq -Touch,1,-98.0,0.0,-98.0,1,0.0
36,20,bc:22:28:21:55:6e,CSE-104,3,-78.0,3.74,-78.0,3,3.74
36,20,34:e8:94:10:7d:fa,Hall of Fame,3,-76.33,0.47,-76.33,3,0.47
36,20,70:4c:a5:95:af:70,BUET-Free-WiFi,3,-93.0,1.41,-93.0,3,1.41
36,20,28:87:ba:35:8b:ea,4s,1,-86.0,0.0,-86.0,1,0.0
36,20,cc:2d:21:36:d7:90,Savage-us,1,-91.0,0.0,-91.0,1,0.0
36,20,70:4c:a5:95:b6:00,BUET-Free-WiFi,1,-91.0,0.0,-91.0,1,0.0
37,20,bc:22:28:21:55:6b,CSE-104,16,-83.94,1.68,-83.94,16,1.68
37,20,52:29:6f:70:e8:02,Shakshor,18,-80.72,1.59,-80.47,17,1.24
37,20,36:62:f9:a1:88:57,CSE OFFICE,20,-78.45,3.12,-78.45,20,3.12
37,20,bc:22:28:21:09:21,CSE-205,20,-82.6,1.91,-82.84,19,1.63
37,20,36:20:f9:a1:88:56,CSE OFFICE,20,-59.05,2.42,-59.88,17,1.49
37,20,00:22:b0:05:f3:bc,CSE-204,5,-60.6,5.89,-60.6,5,5.89
37,20,a6:59:c9:64:d6:36,Pixel_5325,2,-59.0,1.0,-59.0,2,1.0
37,20,18:0f:76:c3:06:8d,CSE-304,6,-48.17,2.19,-48.17,6,2.19
37,20,36:62:f9:a1:88:63,CSE OFFICE,13,-89.23,1.8,-89.23,13,1.8
37,20,34:60:f9:a1:88:63,,8,-89.38,1.11,-90.0,6,0.0
37,20,bc:22:28:21:09:22,,16,-82.88,0.86,-83.0,10,0.0
37,20,bc:22:28:21:09:b7,,13,-86.31,0.82,-86.0,11,0.0
37,20,d2:21:d7:af:f0:ae,Fihad's Galaxy,16,-66.94,4.8,-67.93,15,2.95
37,20,34:60:f9:a1:88:56,,1,-61.0,0.0,-61.0,1,0.0
37,20,30:b5:c2:ea:5b:44,DataLab@BUET,12,-69.92,1.85,-70.0,10,0.0
37,20,34:e8:94:10:7d:fa,Hall of Fame,10,-70.8,2.4,-71.14,7,0.35
37,20,24:2f:d0:88:39:a3,,5,-93.0,0.0,-93.0,5,0.0
37,20,60:63:4c:31:37:40,CSE-303,11,-61.82,2.92,-61.82,11,2.92
37,20,5c:e9:31:22:bb:0a,,5,-64.0,0.0,-64.0,5,0.0
37,20,5e:a9:31:22:bb:0a,CSE-LAB,5,-63.0,0.0,-63.0,5,0.0
37,20,26:94:5a:1b:90:4d,Tatakae🥷,10,-63.1,7.94,-60.89,9,4.61
37,20,bc:22:28:21:55:6e,CSE-104,5,-73.2,5.15,-70.75,4,1.79
37,20,56:24:f1:d4:40:ff,Redmi Note 10,7,-62.57,1.05,-63.0,6,0.0
37,20,36:20:f9:a1:88:62,CSE OFFICE,1,-67.0,0.0,-67.0,1,0.0
37,20,34:60:f9:a1:88:62,,1,-63.0,0.0,-63.0,1,0.0
37,20,46:b7:e8:94:1b:31,Galaxy A54 5G DACD,1,-67.0,0.0,-67.0,1,0.0
37,20,cc:2d:21:36:d7:90,Savage-us,1,-88.0,0.0,-88.0,1,0.0
38,20,60:63:4c:31:37:40,CSE-303,4,-62.0,5.87,-62.0,4,5.87
38,20,d2:21:d7:af:f0:ae,Fihad's Galaxy,13,-60.62,4.29,-61.14,7,0.35
38,20,52:29:6f:70:e8:02,Shakshor,12,-83.0,1.91,-83.0,12,1.91
38,20,bc:22:28:21:09:b7,,3,-84.67,1.89,-84.67,3,1.89
38,20,36:62:f9:a1:88:57,CSE OFFICE,3,-80.33,2.87,-80.33,3,2.87
38,20,26:94:5a:1b:90:4d,Tatakae🥷,9,-58.0,5.81,-58.0,9,5.81
38,20,56:24:f1:d4:40:ff,Redmi Note 10,16,-56.5,5.76,-56.5,16,5.76
38,20,bc:22:28:21:55:6b,CSE-104,8,-81.5,3.61,-81.5,8,3.61
38,20,00:22:b0:05:f3:bc,CSE-204,10,-68.3,0.9,-68.3,10,0.9
38,20,bc:22:28:21:09:22,,7,-90.0,0.0,-90.0,7,0.0
38,20,34:60:f9:a1:88:56,,8,-71.12,4.99,-74.0,6,0.0
38,20,34:60:f9:a1:88:63,,4,-90.0,0.0,-90.0,4,0.0
38,20,9a:a0:3f:22:6e:8f,Jibonjuddhe Here Jacchi,3,-67.67,3.4,-67.67,3,3.4
38,20,36:20:f9:a1:88:56,CSE OFFICE,5,-62.4,0.8,-62.4,5,0.8
38,20,bc:22:28:21:55:6c,,2,-78.5,0.5,-78.5,2,0.5
38,20,34:60:f9:a1:8b:8e,,1,-80.0,0.0,-80.0,1,0.0
38,20,36:62:f9:a1:88:63,CSE OFFICE,4,-89.0,1.73,-89.0,4,1.73
38,20,5c:e9:31:22:bb:0a,,5,-68.0,2.19,-67.0,4,1.0
38,20,26:2a:d0:88:39:a3,IAC,3,-90.0,0.0,-90.0,3,0.0
38,20,34:e8:94:10:7d:fa,Hall of Fame,1,-68.0,0.0,-68.0,1,0.0
38,20,26:2f:d0:88:39:a2,IAC,3,-63.33,3.09,-63.33,3,3.09
38,20,5e:a9:31:22:bb:0a,CSE-LAB,6,-67.83,1.34,-68.4,5,0.49
38,20,24:2f:d0:88:39:a2,,5,-64.2,2.99,-64.2,5,2.99
38,20,bc:22:28:21:09:b8,,6,-88.67,1.89,-88.67,6,1.89
38,20,30:b5:c2:ea:5b:44,DataLab@BUET,4,-76.5,2.5,-76.5,4,2.5
38,20,02:83:7e:72:2b:0b,realme C12i,2,-77.0,0.0,-77.0,2,0.0
38,20,18:0f:76:c3:06:8d,CSE-304,2,-52.0,0.0,-52.0,2,0.0
38,20,5e:a9:31:22:bf:96,CSE-LAB,2,-80.0,0.0,-80.0,2,0.0
38,20,70:4c:a5:95:b6:00,BUET-Free-WiFi,1,-75.0,0.0,-75.0,1,0.0
38,20,bc:22:28:21:09:21,CSE-205,1,-86.0,0.0,-86.0,1,0.0
38,20,34:60:f9:a1:88:57,,1,-84.0,0.0,-84.0,1,0.0
39,20,26:2f:d0:88:39:a2,IAC,2,-53.5,5.5,-53.5,2,5.5
39,20,34:60:f9:a1:88:63,,7,-82.57,1.05,-82.57,7,1.05
39,20,36:62:f9:a1:88:57,CSE OFFICE,20,-80.2,2.69,-80.78,18,2.17
39,20,bc:22:28:21:09:21,CSE-205,20,-75.65,2.57,-75.65,20,2.57
39,20,5c:e9:31:22:bb:0b,,3,-87.0,1.41,-87.0,3,1.41
39,20,5e:ea:31:22:bb:0b,CSE-LAB,11,-87.0,0.85,-87.33,9,0.47
39,20,26:94:5a:1b:90:4d,Tatakae🥷,14,-57.79,10.47,-59.62,13,8.44
39,20,56:24:f1:d4:40:ff,Redmi Note 10,12,-49.58,5.31,-47.5,10,0.81
39,20,bc:22:28:21:55:6b,CSE-104,20,-70.2,1.94,-70.2,20,1.94
39,20,52:29:6f:70:e8:02,Shakshor,20,-74.6,4.84,-74.6,20,4.84
39,20,00:22:b0:05:f3:bc,CSE-204,8,-58.38,1.32,-58.38,8,1.32
39,20,70:4c:a5:95:b2:d0,BUET-Free-WiFi,1,-85.0,0.0,-85.0,1,0.0
39,20,60:63:4c:31:37:40,CSE-303,12,-54.08,1.5,-53.5,10,0.81
39,20,18:0f:76:c3:06:8d,CSE-304,15,-48.4,3.42,-48.4,15,3.42
39,20,36:62:f9:a1:88:63,CSE OFFICE,19,-83.79,1.64,-83.79,19,1.64
39,20,d2:21:d7:af:f0:ae,Fihad's Galaxy,8,-54.5,4.5,-54.5,8,4.5
39,20,02:83:7e:72:2b:0b,realme C12i,5,-79.4,0.8,-79.0,4,0.0
39,20,bc:22:28:21:09:22,,10,-75.6,1.11,-75.6,10,1.11
39,20,36:20:f9:a1:88:56,CSE OFFICE,13,-64.92,3.27,-64.92,13,3.27
39,20,30:b5:c2:ea:5b:44,DataLab@BUET,6,-66.5,1.5,-66.5,6,1.5
39,20,36:20:f9:a1:88:62,CSE OFFICE,7,-64.29,1.48,-64.29,7,1.48
39,20,34:60:f9:a1:88:57,,6,-81.5,0.96,-81.5,6,0.96
39,20,34:e8:94:10:7d:fa,Hall of Fame,11,-70.45,3.23,-70.45,11,3.23
39,20,bc:22:28:21:09:24,CSE-205,8,-71.12,4.57,-69.86,7,3.31
39,20,bc:22:28:21:09:ba,CSE-206,3,-69.0,4.24,-69.0,3,4.24
39,20,bc:22:28:21:09:b8,,5,-75.2,3.6,-75.2,5,3.6
39,20,60:63:4c:31:37:60,CSE-306,4,-82.5,2.5,-82.5,4,2.5
39,20,5e:a9:31:22:bb:0a,CSE-LAB,3,-62.0,2.83,-62.0,3,2.83
39,20,34:60:f9:a1:88:56,,8,-63.5,2.6,-63.5,8,2.6
39,20,24:2f:d0:88:39:a2,,2,-60.0,0.0,-60.0,2,0.0
39,20,bc:22:28:21:55:6c,,5,-70.8,0.98,-70.8,5,0.98
39,20,34:60:f9:a1:8b:8e,,4,-77.5,3.5,-77.5,4,3.5
39,20,46:b7:e8:94:1b:31,Galaxy A54 5G DACD,2,-63.0,0.0,-63.0,2,0.0
39,20,34:60:f9:a1:88:62,,5,-64.8,4.31,-64.8,5,4.31
39,20,70:4c:a5:95:b6:01,eduroam,4,-80.25,2.77,-80.25,4,2.77
39,20,bc:22:28:21:09:b7,,8,-74.0,2.35,-75.33,6,0.47
39,20,36:20:f9:a1:8b:8e,CSE OFFICE,5,-77.6,4.08,-77.6,5,4.08
39,20,70:4c:a5:95:b6:00,BUET-Free-WiFi,4,-80.0,0.0,-80.0,4,0.0
39,20,bc:22:28:21:55:6e,CSE-104,7,-64.0,2.67,-64.0,7,2.67
39,20,5c:e9:31:22:bb:0a,,6,-62.5,0.96,-62.5,6,0.96
39,20,36:56:20:d4:75:60,Rayyan's Galaxy A24,1,-75.0,0.0,-75.0,1,0.0
39,20,9a:a0:3f:22:6e:8f,Jibonjuddhe Here Jacchi,1,-74.0,0.0,-74.0,1,0.0
39,20,24:2f:d0:88:39:a3,,2,-86.0,0.0,-86.0,2,0.0
39,20,cc:2d:21:36:d7:90,Savage-us,2,-80.0,0.0,-80.0,2,0.0
40,20,26:94:5a:1b:90:4d,Tatakae🥷,10,-69.4,4.08,-69.4,10,4.08
40,20,60:63:4c:31:37:40,CSE-303,8,-66.88,2.89,-66.88,8,2.89
40,20,34:60:f9:a1:88:62,,6,-65.5,0.5,-65.5,6,0.5
40,20,5c:e9:31:22:be:d6,,1,-84.0,0.0,-84.0,1,0.0
40,20,70:4c:a5:95:b6:00,BUET-Free-WiFi,5,-91.0,4.15,-91.0,5,4.15
40,20,d2:21:d7:af:f0:ae,Fihad's Galaxy,8,-66.62,5.17,-68.29,7,2.91
40,20,34:e8:94:10:7d:fa,Hall of Fame,7,-74.57,2.61,-74.57,7,2.61
40,20,bc:22:28:21:55:6c,,7,-85.86,1.73,-85.86,7,1.73
40,20,52:29:6f:70:e8:02,Shakshor,17,-87.47,3.99,-87.75,12,1.48
40,20,36:20:f9:a1:88:62,CSE OFFICE,11,-67.27,1.14,-67.27,11,1.14
40,20,36:62:f9:a1:88:63,CSE OFFICE,15,-85.8,1.33,-85.5,14,0.73
40,20,bc:22:28:21:09:24,CSE-205,16,-70.25,2.49,-71.67,12,0.47
40,20,36:62:f9:a1:88:57,CSE OFFICE,17,-85.06,2.9,-85.06,17,2.9
40,20,bc:22:28:21:09:21,CSE-205,18,-76.06,1.96,-76.27,15,0.85
40,20,bc:22:28:21:55:6e,CSE-104,11,-68.64,0.88,-69.0,9,0.0
40,20,46:b7:e8:94:1b:31,Galaxy A54 5G DACD,1,-70.0,0.0,-70.0,1,0.0
40,20,bc:22:28:21:09:b8,,13,-93.54,2.21,-93.54,13,2.21
40,20,bc:22:28:21:55:6b,CSE-104,17,-85.88,1.32,-85.88,17,1.32
40,20,36:20:f9:a1:88:56,CSE OFFICE,12,-63.42,1.85,-63.42,12,1.85
40,20,18:0f:76:c3:06:8d,CSE-304,19,-48.21,2.04,-48.21,19,2.04
40,20,34:60:f9:a1:88:57,,14,-85.93,2.15,-85.54,13,1.69
40,20,00:1e:2a:ba:c8:20,CSE-401,1,-96.0,0.0,-96.0,1,0.0
40,20,34:60:f9:a1:88:63,,12,-85.67,1.18,-85.67,12,1.18
40,20,26:2f:d0:88:39:a2,IAC,8,-68.12,1.83,-69.17,6,0.37
40,20,5e:a9:31:22:bb:0a,CSE-LAB,10,-73.6,1.74,-73.6,10,1.74
40,20,30:b5:c2:ea:5b:44,DataLab@BUET,3,-76.67,2.36,-76.67,3,2.36
40,20,bc:22:28:21:09:b7,,9,-93.11,2.18,-93.11,9,2.18
40,20,bc:22:28:21:09:22,,8,-74.88,1.27,-75.2,5,0.4
40,20,56:24:f1:d4:40:ff,Redmi Note 10,2,-63.0,0.0,-63.0,2,0.0
40,20,00:22:b0:05:f3:bc,CSE-204,10,-62.7,3.72,-61.78,9,2.62
40,20,34:60:f9:a1:88:56,,5,-63.4,1.36,-63.0,3,0.0
40,20,70:4c:a5:95:b6:01,eduroam,1,-89.0,0.0,-89.0,1,0.0
40,20,1c:61:b4:9c:79:f2,,1,-89.0,0.0,-89.0,1,0.0
40,20,34:60:f9:a1:8b:8e,,3,-83.33,2.36,-83.33,3,2.36
40,20,00:22:b0:05:f3:51,CSE-108,1,-97.0,0.0,-97.0,1,0.0
40,20,36:56:20:d4:75:60,Rayyan's Galaxy A24,1,-87.0,0.0,-87.0,1,0.0
40,20,bc:22:28:21:09:ba,CSE-206,2,-89.5,4.5,-89.5,2,4.5
40,20,9a:a0:3f:22:6e:8f,Jibonjuddhe Here Jacchi,3,-85.67,4.71,-85.67,3,4.71
40,20,80:af:ca:11:95:ea,Graduate Lobby,4,-96.5,0.5,-96.5,4,0.5
40,20,82:af:ca:21:95:ea,,4,-97.0,1.0,-97.0,4,1.0
40,20,70:4c:a5:95:92:f1,eduroam,2,-97.0,0.0,-97.0,2,0.0
40,20,36:20:f9:a1:8b:8e,CSE OFFICE,2,-83.0,0.0,-83.0,2,0.0
40,20,60:63:4c:31:37:60,CSE-306,2,-85.0,0.0,-85.0,2,0.0
40,20,70:4c:a5:95:b2:d1,eduroam,2,-98.0,0.0,-98.0,2,0.0
40,20,bc:22:28:21:70:62,CSE-214,2,-96.0,0.0,-96.0,2,0.0
40,20,5c:e9:31:22:bb:0a,,1,-75.0,0.0,-75.0,1,0.0
41,4,5c:e9:31:22:bb:0a,,2,-71.0,0.0,-71.0,2,0.0
41,4,26:2f:d0:88:39:a2,IAC,4,-71.75,1.64,-71.75,4,1.64
41,4,34:60:f9:a1:88:63,,3,-84.33,1.89,-84.33,3,1.89
41,4,02:83:7e:72:2b:0b,realme C12i,2,-87.0,0.0,-87.0,2,0.0
41,4,36:62:f9:a1:88:57,CSE OFFICE,4,-89.0,4.12,-89.0,4,4.12
41,4,bc:22:28:21:09:22,,3,-74.0,5.66,-74.0,3,5.66
41,4,bc:22:28:21:09:21,CSE-205,4,-75.25,5.36,-75.25,4,5.36
41,4,36:20:f9:a1:88:56,CSE OFFICE,3,-66.33,10.37,-66.33,3,10.37
41,4,26:94:5a:1b:90:4d,Tatakae🥷,4,-63.0,9.03,-63.0,4,9.03
41,4,24:2f:d0:88:39:a2,,3,-73.0,0.0,-73.0,3,0.0
41,4,bc:22:28:21:55:6c,,2,-79.0,0.0,-79.0,2,0.0
41,4,bc:22:28:21:55:6b,CSE-104,4,-77.25,2.49,-77.25,4,2.49
41,4,56:24:f1:d4:40:ff,Redmi Note 10,2,-65.0,0.0,-65.0,2,0.0
41,4,52:29:6f:70:e8:02,Shakshor,4,-83.0,1.73,-83.0,4,1.73
41,4,34:60:f9:a1:8b:8e,,2,-81.0,0.0,-81.0,2,0.0
41,4,60:63:4c:31:37:40,CSE-303,3,-58.0,5.66,-58.0,3,5.66
41,4,5e:a9:31:22:bb:0a,CSE-LAB,3,-71.0,0.0,-71.0,3,0.0
41,4,18:0f:76:c3:06:8d,CSE-304,4,-56.0,3.08,-56.0,4,3.08
41,4,36:62:f9:a1:88:63,CSE OFFICE,2,-83.0,0.0,-83.0,2,0.0
41,4,d2:21:d7:af:f0:ae,Fihad's Galaxy,3,-63.33,6.13,-63.33,3,6.13
41,4,34:60:f9:a1:88:56,,3,-70.67,6.6,-70.67,3,6.6
41,4,36:20:f9:a1:88:62,CSE OFFICE,3,-71.0,7.12,-71.0,3,7.12
41,4,34:60:f9:a1:88:62,,1,-62.0,0.0,-62.0,1,0.0
41,4,bc:22:28:21:09:24,CSE-205,2,-68.5,3.5,-68.5,2,3.5
41,4,bc:22:28:21:09:ba,CSE-206,2,-79.0,5.0,-79.0,2,5.0
41,4,bc:22:28:21:09:b8,,1,-82.0,0.0,-82.0,1,0.0
41,4,bc:22:28:21:09:b7,,1,-81.0,0.0,-81.0,1,0.0
41,4,bc:22:28:21:55:6e,CSE-104,3,-68.67,7.32,-68.67,3,7.32
41,4,5e:a9:31:22:be:d6,CSE-LAB,1,-74.0,0.0,-74.0,1,0.0
41,4,80:af:ca:11:95:ea,Graduate Lobby,1,-92.0,0.0,-92.0,1,0.0
41,4,5c:e9:31:22:be:d6,,1,-94.0,0.0,-94.0,1,0.0
41,4,36:20:f9:a1:8b:8e,CSE OFFICE,1,-89.0,0.0,-89.0,1,0.0
41,4,60:63:4c:31:37:60,CSE-306,1,-94.0,0.0,-94.0,1,0.0
41,4,46:b7:e8:94:1b:31,Galaxy A54 5G DACD,1,-72.0,0.0,-72.0,1,0.0
42,20,d2:21:d7:af:f0:ae,Fihad's Galaxy,11,-57.64,6.48,-57.64,11,6.48
42,20,60:63:4c:31:37:48,dlink,20,-84.35,4.79,-84.35,20,4.79
42,20,34:60:f9:a1:88:56,,3,-64.0,0.0,-64.0,3,0.0
42,20,26:94:5a:1b:90:4d,Tatakae🥷,18,-64.11,6.81,-64.11,18,6.81
42,20,bc:22:28:21:55:6b,CSE-104,19,-85.74,1.55,-85.35,17,1.13
42,20,18:0f:76:c3:06:8d,CSE-304,18,-50.94,5.13,-50.94,18,5.13
42,20,52:29:6f:70:e8:02,Shakshor,20,-80.9,6.55,-80.9,20,6.55
42,20,bc:22:28:21:09:21,CSE-205,17,-76.0,4.16,-74.67,15,2.12
42,20,36:62:f9:a1:88:63,CSE OFFICE,18,-83.83,4.35,-83.83,18,4.35
42,20,36:62:f9:a1:88:57,CSE OFFICE,20,-82.95,2.25,-82.95,20,2.25
42,20,34:60:f9:a1:88:62,,5,-67.4,0.49,-67.4,5,0.49
42,20,00:22:b0:05:f3:bc,CSE-204,12,-63.0,5.05,-63.0,12,5.05
42,20,bc:22:28:21:09:b8,,13,-80.62,3.43,-80.75,8,0.97
42,20,5c:e9:31:22:bb:0a,,2,-73.0,0.0,-73.0,2,0.0
42,20,5e:a9:31:22:be:d6,CSE-LAB,3,-84.0,0.0,-84.0,3,0.0
42,20,60:63:4c:31:37:40,CSE-303,7,-65.86,11.61,-65.86,7,11.61
42,20,34:60:f9:a1:88:63,,9,-82.0,5.89,-82.0,9,5.89
42,20,5e:a9:31:22:bb:0a,CSE-LAB,7,-68.86,4.22,-68.86,7,4.22
42,20,9a:a0:3f:22:6e:8f,Jibonjuddhe Here Jacchi,6,-77.5,1.5,-77.5,6,1.5
42,20,36:20:f9:a1:88:62,CSE OFFICE,10,-72.1,4.32,-72.1,10,4.32
42,20,36:20:f9:a1:88:56,CSE OFFICE,9,-62.22,0.63,-62.22,9,0.63
42,20,24:2f:d0:88:39:a2,,8,-69.88,1.45,-69.88,8,1.45
42,20,bc:22:28:21:09:b7,,9,-79.0,2.16,-79.0,9,2.16
42,20,56:24:f1:d4:40:ff,Redmi Note 10,8,-58.0,1.94,-58.0,8,1.94
42,20,34:60:f9:a1:88:57,,6,-84.0,5.0,-84.0,6,5.0
42,20,30:b5:c2:ea:5b:44,DataLab@BUET,5,-75.6,1.96,-75.6,5,1.96
42,20,36:56:20:d4:75:60,Rayyan's Galaxy A24,3,-84.0,0.0,-84.0,3,0.0
42,20,70:4c:a5:95:b2:d0,BUET-Free-WiFi,3,-89.0,0.0,-89.0,3,0.0
42,20,bc:22:28:21:09:24,CSE-205,6,-69.5,1.5,-69.5,6,1.5
42,20,02:83:7e:72:2b:0b,realme C12i,6,-74.5,1.5,-74.5,6,1.5
42,20,bc:22:28:21:55:6e,CSE-104,5,-72.6,2.94,-72.6,5,2.94
42,20,34:e8:94:10:7d:fa,Hall of Fame,6,-71.5,0.5,-71.5,6,0.5
42,20,bc:22:28:21:55:6c,,3,-85.0,0.0,-85.0,3,0.0
42,20,bc:22:28:21:09:22,,3,-87.0,0.0,-87.0,3,0.0
42,20,24:2f:d0:88:4c:62,,3,-79.0,0.0,-79.0,3,0.0
42,20,34:60:f9:a1:8b:8e,,3,-82.0,0.0,-82.0,3,0.0
42,20,1c:61:b4:9c:79:f2,,3,-75.0,0.0,-75.0,3,0.0
42,20,70:4c:a5:95:b6:00,BUET-Free-WiFi,3,-87.0,0.0,-87.0,3,0.0
43,14,26:94:5a:1b:90:4d,Tatakae🥷,3,-60.33,4.78,-60.33,3,4.78
43,14,bc:22:28:21:55:6c,,3,-75.67,1.7,-75.67,3,1.7
43,14,bc:22:28:21:55:6b,CSE-104,5,-77.2,10.17,-72.5,4,4.33
43,14,52:29:6f:70:e8:02,Shakshor,7,-81.29,6.45,-83.83,6,1.77
43,14,34:60:f9:a1:8b:8e,,1,-82.0,0.0,-82.0,1,0.0
43,14,36:20:f9:a1:88:62,CSE OFFICE,3,-67.0,2.83,-67.0,3,2.83
43,14,60:63:4c:31:37:40,CSE-303,4,-63.25,8.93,-63.25,4,8.93
43,14,36:62:f9:a1:88:63,CSE OFFICE,6,-89.0,5.94,-89.0,6,5.94
43,14,34:60:f9:a1:88:57,,1,-78.0,0.0,-78.0,1,0.0
43,14,34:60:f9:a1:88:56,,2,-58.5,2.5,-58.5,2,2.5
43,14,34:60:f9:a1:88:62,,1,-71.0,0.0,-71.0,1,0.0
43,14,bc:22:28:21:09:24,CSE-205,3,-69.0,4.24,-69.0,3,4.24
43,14,36:62:f9:a1:88:57,CSE OFFICE,4,-82.5,2.29,-82.5,4,2.29
43,14,bc:22:28:21:09:21,CSE-205,6,-75.5,7.07,-75.5,6,7.07
43,14,36:20:f9:a1:88:56,CSE OFFICE,2,-58.0,3.0,-58.0,2,3.0
43,14,bc:22:28:21:55:6e,CSE-104,2,-70.5,8.5,-70.5,2,8.5
43,14,5e:a9:31:22:bb:0a,CSE-LAB,1,-67.0,0.0,-67.0,1,0.0
43,14,18:0f:76:c3:06:8d,CSE-304,4,-53.5,7.37,-53.5,4,7.37
43,14,36:20:f9:a1:8b:8e,CSE OFFICE,3,-66.33,13.07,-66.33,3,13.07
43,14,56:24:f1:d4:40:ff,Redmi Note 10,1,-57.0,0.0,-57.0,1,0.0
43,14,34:60:f9:a1:88:63,,2,-88.5,0.5,-88.5,2,0.5
43,14,00:22:b0:05:f3:bc,CSE-204,3,-66.67,4.64,-66.67,3,4.64
43,14,1c:61:b4:9c:79:f2,,1,-65.0,0.0,-65.0,1,0.0
43,14,bc:22:28:21:09:22,,4,-74.5,6.34,-74.5,4,6.34
43,14,bc:22:28:21:09:ba,CSE-206,7,-63.43,8.07,-66.33,6,4.11
43,14,bc:22:28:21:70:5f,CSE-214,4,-84.5,3.84,-84.5,4,3.84
43,14,1e:61:b4:ac:79:f3,CSE-306BL,3,-87.67,2.62,-87.67,3,2.62
43,14,bc:22:28:21:70:62,CSE-214,8,-75.0,5.89,-75.0,8,5.89
43,14,1c:61:b4:9c:79:f3,,2,-89.0,1.0,-89.0,2,1.0
43,14,36:62:f9:a1:8b:8f,CSE OFFICE,3,-79.67,5.44,-79.67,3,5.44
43,14,1e:61:b4:ac:79:f2,CSE-306BL,2,-62.5,2.5,-62.5,2,2.5
43,14,00:22:b0:05:f3:51,CSE-108,2,-72.5,3.5,-72.5,2,3.5
43,14,1e:61:b4:ac:7a:1b,CSE-306BL,3,-90.0,2.16,-90.0,3,2.16
43,14,bc:22:28:21:09:b7,,4,-67.75,15.19,-67.75,4,15.19
43,14,a4:2b:8c:5e:1c:3a,Dr Mohammad Faisal,2,-94.5,0.5,-94.5,2,0.5
43,14,1e:61:b4:ac:7a:1a,CSE-306BL,1,-69.0,0.0,-69.0,1,0.0
43,14,26:2f:d0:88:4c:62,IAC,1,-77.0,0.0,-77.0,1,0.0
43,14,1c:61:b4:9c:7a:1a,,1,-68.0,0.0,-68.0,1,0.0
43,14,9a:25:4a:0e:36:5e,CSE- G11&G12,1,-65.0,0.0,-65.0,1,0.0
43,14,bc:22:28:21:70:60,,3,-80.67,0.94,-80.67,3,0.94
43,14,5c:e9:31:22:bf:97,,2,-93.0,0.0,-93.0,2,0.0
43,14,c8:d3:a3:21:82:88,CSE-118,2,-88.0,0.0,-88.0,2,0.0
43,14,60:63:4c:31:37:60,CSE-306,2,-61.0,0.0,-61.0,2,0.0
43,14,90:6a:94:f9:b6:f5,CSE-314,2,-74.0,0.0,-74.0,2,0.0
43,14,66:83:e7:4e:54:6a,,2,-80.0,0.0,-80.0,2,0.0
43,14,70:4c:a5:64:bc:60,BUET-Free-WiFi,2,-68.0,0.0,-68.0,2,0.0
43,14,bc:22:28:21:09:b8,,2,-75.0,0.0,-75.0,2,0.0
43,14,5e:ea:31:22:bf:97,CSE-LAB,2,-92.0,0.0,-92.0,2,0.0
43,14,f0:b4:d2:1c:9c:8c,ART-5,2,-91.0,0.0,-91.0,2,0.0
43,14,60:63:4c:17:ae:88,AURA,4,-95.25,1.3,-95.25,4,1.3
43,14,50:eb:f6:17:73:b8,SHAN,1,-90.0,0.0,-90.0,1,0.0
44,20,d2:21:d7:af:f0:ae,Fihad's Galaxy,7,-56.0,4.04,-57.33,6,2.56
44,20,26:94:5a:1b:90:4d,Tatakae🥷,14,-65.0,9.41,-65.0,14,9.41
44,20,18:0f:76:c3:06:8d,CSE-304,13,-59.62,3.71,-61.33,9,0.47
44,20,36:20:f9:a1:88:56,CSE OFFICE,20,-55.05,3.32,-55.05,20,3.32
44,20,60:63:4c:31:37:40,CSE-303,16,-62.31,2.26,-62.21,14,0.77
44,20,5e:a9:31:22:bb:0a,CSE-LAB,10,-63.7,4.41,-62.67,9,3.3
44,20,00:22:b0:05:f3:bc,CSE-204,17,-58.94,3.83,-58.94,17,3.83
44,20,26:2f:d0:88:39:a2,IAC,9,-67.78,3.22,-68.75,8,1.79
44,20,30:b5:c2:ea:5b:44,DataLab@BUET,18,-65.17,4.21,-65.17,18,4.21
44,20,36:20:f9:a1:88:62,CSE OFFICE,6,-69.17,3.29,-70.6,5,0.8
44,20,bc:22:28:21:09:24,CSE-205,10,-71.2,3.19,-72.11,9,1.73
44,20,34:e8:94:10:7d:fa,Hall of Fame,18,-64.06,4.06,-62.33,15,1.14
44,20,36:62:f9:a1:88:57,CSE OFFICE,19,-71.74,1.25,-71.13,15,0.5
44,20,bc:22:28:21:55:6e,CSE-104,20,-64.45,5.72,-63.67,15,1.07
44,20,56:24:f1:d4:40:ff,Redmi Note 10,7,-73.43,6.76,-71.0,6,3.46
44,20,bc:22:28:21:09:21,CSE-205,19,-76.68,2.15,-76.68,19,2.15
44,20,bc:22:28:21:55:6b,CSE-104,14,-81.93,2.31,-81.93,14,2.31
44,20,60:63:4c:31:37:60,CSE-306,6,-85.5,4.03,-85.5,6,4.03
44,20,70:4c:a5:95:b6:00,BUET-Free-WiFi,4,-84.0,2.24,-84.0,4,2.24
44,20,5e:ea:31:22:bb:0b,CSE-LAB,15,-88.13,2.45,-88.13,15,2.45
44,20,36:20:f9:a1:8b:8e,CSE OFFICE,5,-82.6,1.36,-83.0,3,0.0
44,20,52:29:6f:70:e8:02,Shakshor,16,-89.31,2.42,-89.31,16,2.42
44,20,36:62:f9:a1:88:63,CSE OFFICE,3,-92.67,1.25,-92.67,3,1.25
44,20,9a:a0:3f:22:6e:8f,Jibonjuddhe Here Jacchi,7,-81.71,3.01,-82.83,6,1.34
44,20,26:2f:d0:88:4c:62,IAC,1,-84.0,0.0,-84.0,1,0.0
44,20,70:4c:a5:95:b6:01,eduroam,5,-84.4,0.8,-84.0,4,0.0
44,20,5e:a9:31:22:be:d6,CSE-LAB,3,-78.33,2.36,-78.33,3,2.36
44,20,80:af:ca:11:95:ea,Graduate Lobby,1,-92.0,0.0,-92.0,1,0.0
44,20,00:1e:2a:ba:c8:20,CSE-401,3,-89.0,0.0,-89.0,3,0.0
44,20,70:4c:a5:95:b2:d0,BUET-Free-WiFi,4,-91.25,1.3,-91.25,4,1.3
44,20,bc:22:28:21:09:ba,CSE-206,2,-79.0,0.0,-79.0,2,0.0
44,20,36:56:20:d4:75:60,Rayyan's Galaxy A24,2,-82.0,0.0,-82.0,2,0.0
45,20,56:24:f1:d4:40:ff,Redmi Note 10,4,-61.0,1.87,-61.0,4,1.87
45,20,34:60:f9:a1:88:62,,7,-67.86,0.83,-68.0,5,0.0
45,20,70:4c:a5:95:b6:00,BUET-Free-WiFi,1,-89.0,0.0,-89.0,1,0.0
45,20,70:4c:a5:95:b6:01,eduroam,5,-86.0,4.15,-88.0,4,1.22
45,20,bc:22:28:21:09:b8,,16,-91.75,3.09,-92.4,15,1.85
45,20,d2:21:d7:af:f0:ae,Fihad's Galaxy,8,-68.25,2.95,-69.0,5,0.0
45,20,34:e8:94:10:7d:fa,Hall of Fame,10,-73.7,4.08,-73.7,10,4.08
45,20,bc:22:28:21:55:6b,CSE-104,19,-74.11,2.07,-74.11,19,2.07
45,20,52:29:6f:70:e8:02,Shakshor,20,-87.95,4.02,-88.32,19,3.78
45,20,36:62:f9:a1:88:63,CSE OFFICE,19,-93.79,1.79,-93.79,19,1.79
45,20,5e:a9:31:22:bf:96,CSE-LAB,1,-86.0,0.0,-86.0,1,0.0
45,20,bc:22:28:21:09:24,CSE-205,2,-79.5,0.5,-79.5,2,0.5
45,20,36:56:20:d4:75:60,Rayyan's Galaxy A24,6,-82.5,1.12,-83.0,5,0.0
45,20,00:22:b0:05:f3:bc,CSE-204,9,-70.11,3.03,-70.11,9,3.03
45,20,bc:22:28:21:55:6e,CSE-104,11,-65.91,1.56,-66.3,10,1.0
45,20,18:0f:76:c3:06:8d,CSE-304,19,-49.58,1.79,-49.06,17,1.0
45,20,60:63:4c:31:37:40,CSE-303,8,-65.75,2.99,-65.75,8,2.99
45,20,36:20:f9:a1:88:62,CSE OFFICE,2,-69.0,2.0,-69.0,2,2.0
45,20,36:62:f9:a1:88:57,CSE OFFICE,4,-95.0,1.0,-95.0,4,1.0
45,20,bc:22:28:21:09:21,CSE-205,12,-87.17,2.51,-87.73,11,1.76
45,20,36:20:f9:a1:88:56,CSE OFFICE,13,-58.92,1.82,-59.33,12,1.18
45,20,26:94:5a:1b:90:4d,Tatakae🥷,7,-67.57,9.24,-67.57,7,9.24
45,20,02:83:7e:72:2b:0b,realme C12i,1,-75.0,0.0,-75.0,1,0.0
45,20,24:2f:d0:88:39:a2,,2,-71.0,2.0,-71.0,2,2.0
45,20,26:2f:d0:88:39:a2,IAC,6,-77.17,1.86,-78.0,5,0.0
45,20,34:60:f9:a1:88:63,,9,-95.0,1.33,-95.0,9,1.33
45,20,bc:22:28:21:09:b7,,10,-91.7,3.82,-92.86,7,0.35
45,20,34:60:f9:a1:88:57,,2,-94.5,0.5,-94.5,2,0.5
45,20,9a:a0:3f:22:6e:8f,Jibonjuddhe Here Jacchi,2,-84.0,4.0,-84.0,2,4.0
45,20,bc:22:28:21:55:6c,,4,-74.5,0.5,-74.5,4,0.5
45,20,5c:e9:31:22:bb:0a,,3,-73.33,2.05,-73.33,3,2.05
45,20,bc:22:28:21:09:22,,5,-86.0,3.29,-85.33,3,0.47
45,20,5e:a9:31:22:bb:0a,CSE-LAB,2,-72.5,1.5,-72.5,2,1.5
45,20,34:60:f9:a1:88:56,,2,-59.5,0.5,-59.5,2,0.5
45,20,10:62:eb:77:b7:42,CSE-G04,1,-77.0,0.0,-77.0,1,0.0
45,20,30:b5:c2:ea:5b:44,DataLab@BUET,2,-79.0,2.0,-79.0,2,2.0
45,20,5e:a9:31:22:be:d6,CSE-LAB,1,-80.0,0.0,-80.0,1,0.0
45,20,70:4c:a5:95:b2:d0,BUET-Free-WiFi,5,-97.0,0.0,-97.0,5,0.0
45,20,1e:61:b4:ac:79:f2,CSE-306BL,1,-75.0,0.0,-75.0,1,0.0
45,20,5c:e9:31:22:be:d6,,1,-91.0,0.0,-91.0,1,0.0
45,20,9e:90:da:ad:a8:50, Saif's Redmi,2,-72.0,6.0,-72.0,2,6.0
45,20,1e:61:b4:ac:7a:1a,CSE-306BL,1,-92.0,0.0,-92.0,1,0.0
46,20,18:0f:76:c3:06:8d,CSE-304,18,-53.67,6.34,-52.94,16,1.48
46,20,00:22:b0:05:f3:bc,CSE-204,19,-67.89,3.97,-67.89,19,3.97
46,20,60:63:4c:31:37:40,CSE-303,15,-61.13,1.02,-61.2,10,0.4
46,20,9e:90:da:ad:a8:50, Saif's Redmi,18,-69.22,5.75,-70.12,17,4.54
46,20,34:60:f9:a1:88:62,,6,-72.17,3.24,-72.17,6,3.24
46,20,26:94:5a:1b:90:4d,Tatakae🥷,19,-67.32,4.32,-66.78,18,3.76
46,20,1e:61:b4:ac:79:f2,CSE-306BL,11,-71.82,1.8,-71.82,11,1.8
46,20,36:20:f9:a1:88:56,CSE OFFICE,12,-66.08,3.97,-65.0,11,1.76
46,20,bc:22:28:21:09:24,CSE-205,6,-77.33,1.6,-78.0,5,0.63
46,20,02:83:7e:72:2b:0b,realme C12i,1,-86.0,0.0,-86.0,1,0.0
46,20,34:e8:94:10:7d:fa,Hall of Fame,15,-72.67,4.56,-71.77,13,0.97
46,20,34:60:f9:a1:88:56,,5,-65.6,2.15,-65.6,5,2.15
46,20,30:b5:c2:ea:5b:44,DataLab@BUET,16,-68.31,1.53,-68.31,16,1.53
46,20,bc:22:28:21:55:6e,CSE-104,11,-75.36,2.9,-74.6,10,1.69
46,20,bc:22:28:21:09:ba,CSE-206,4,-74.5,1.12,-74.5,4,1.12
46,20,36:20:f9:a1:8b:8e,CSE OFFICE,4,-81.0,0.0,-81.0,4,0.0
46,20,9a:a0:3f:22:6e:8f,Jibonjuddhe Here Jacchi,4,-84.5,4.82,-84.5,4,4.82
46,20,26:2f:d0:88:39:a2,IAC,2,-73.5,3.5,-73.5,2,3.5
46,20,1e:61:b4:ac:7a:1a,CSE-306BL,6,-78.67,1.8,-78.67,6,1.8
46,20,10:62:eb:77:b7:42,CSE-G04,4,-73.5,0.5,-73.5,4,0.5
46,20,36:20:f9:a1:88:62,CSE OFFICE,1,-77.0,0.0,-77.0,1,0.0
46,20,26:2f:d0:88:4c:62,IAC,1,-84.0,0.0,-84.0,1,0.0
46,20,00:22:b0:05:f3:51,CSE-108,9,-84.22,1.55,-84.22,9,1.55
46,20,5e:a9:31:22:bb:0a,CSE-LAB,4,-70.5,2.6,-70.5,4,2.6
46,20,2e:87:ba:35:8b:ea,,5,-78.0,1.1,-77.5,4,0.5
46,20,1c:61:b4:9c:79:f2,,1,-72.0,0.0,-72.0,1,0.0
46,20,28:87:ba:35:8b:ea,4s,4,-79.75,2.59,-79.75,4,2.59
46,20,34:60:f9:a1:8b:8e,,2,-81.5,0.5,-81.5,2,0.5
46,20,90:6a:94:f9:b6:f5,CSE-314,1,-84.0,0.0,-84.0,1,0.0
46,20,00:1e:2a:ba:c8:20,CSE-401,1,-88.0,0.0,-88.0,1,0.0
46,20,5c:e9:31:22:bb:0a,,2,-71.5,3.5,-71.5,2,3.5
46,20,1c:61:b4:9c:7a:1a,,2,-80.5,1.5,-80.5,2,1.5
46,20,70:4c:a5:95:a4:19,eduroam,1,-88.0,0.0,-88.0,1,0.0
47,20,24:2f:d0:88:39:a2,,14,-60.14,2.47,-60.14,14,2.47
47,20,bc:22:28:21:55:6c,,11,-75.27,2.34,-75.27,11,2.34
47,20,bc:22:28:21:55:6b,CSE-104,18,-75.0,2.05,-75.0,18,2.05
47,20,52:29:6f:70:e8:02,Shakshor,20,-78.3,2.69,-78.3,20,2.69
47,20,60:63:4c:31:37:60,CSE-306,15,-82.67,2.33,-82.67,15,2.33
47,20,60:63:4c:31:37:40,CSE-303,10,-61.4,1.56,-61.4,10,1.56
47,20,36:62:f9:a1:88:63,CSE OFFICE,17,-83.76,1.93,-83.76,17,1.93
47,20,34:60:f9:a1:88:57,,6,-82.67,1.25,-82.67,6,1.25
47,20,60:63:4c:31:37:48,dlink,20,-77.2,2.14,-76.84,19,1.5
47,20,26:2f:d0:88:39:a2,IAC,14,-61.64,3.56,-61.64,14,3.56
47,20,34:60:f9:a1:88:63,,10,-83.5,1.91,-83.5,10,1.91
47,20,00:1e:2a:ba:c8:20,CSE-401,7,-86.86,1.46,-86.86,7,1.46
47,20,36:62:f9:a1:88:57,CSE OFFICE,18,-82.0,1.29,-82.0,11,0.0
47,20,82:af:ca:21:95:ea,,5,-86.4,2.06,-86.4,5,2.06
47,20,bc:22:28:21:09:21,CSE-205,16,-75.0,1.58,-75.0,16,1.58
47,20,36:20:f9:a1:88:56,CSE OFFICE,9,-61.22,3.15,-61.22,9,3.15
47,20,30:b5:c2:ea:5b:44,DataLab@BUET,11,-74.45,5.16,-76.56,9,1.64
47,20,70:4c:a5:95:b6:00,BUET-Free-WiFi,11,-84.09,1.38,-84.09,11,1.38
47,20,70:4c:a5:95:b6:01,eduroam,1,-88.0,0.0,-88.0,1,0.0
47,20,00:22:b0:05:f3:bc,CSE-204,16,-60.25,2.66,-59.08,13,1.14
47,20,bc:22:28:21:55:6e,CSE-104,20,-62.05,2.48,-62.05,20,2.48
47,20,70:4c:a5:95:b2:d0,BUET-Free-WiFi,10,-86.6,1.43,-86.6,10,1.43
47,20,70:4c:a5:95:b2:d1,eduroam,9,-86.33,1.7,-86.33,9,1.7
47,20,80:af:ca:11:95:ea,Graduate Lobby,4,-87.0,1.87,-87.0,4,1.87
47,20,18:0f:76:c3:06:8d,CSE-304,13,-55.69,2.05,-55.69,13,2.05
47,20,34:e8:94:10:7d:fa,Hall of Fame,15,-71.47,2.75,-71.47,15,2.75
47,20,0c:80:63:fb:72:74,Slow Wifi,1,-86.0,0.0,-86.0,1,0.0
47,20,9a:a0:3f:22:6e:8f,Jibonjuddhe Here Jacchi,7,-78.14,3.52,-78.14,7,3.52
47,20,bc:22:28:20:b9:f6,CSE-503,5,-88.2,0.98,-88.2,5,0.98
47,20,9e:90:da:ad:a8:50, Saif's Redmi,5,-66.2,6.71,-66.2,5,6.71
47,20,36:20:f9:a1:88:62,CSE OFFICE,10,-67.6,1.56,-67.6,10,1.56
47,20,34:60:f9:a1:88:62,,9,-66.0,3.02,-66.0,9,3.02
47,20,bc:22:28:21:09:24,CSE-205,9,-74.11,1.37,-74.11,9,1.37
47,20,5c:e9:31:22:bb:0b,,3,-85.33,0.94,-85.33,3,0.94
47,20,bc:22:28:21:09:b8,,6,-76.5,3.95,-76.5,6,3.95
47,20,10:62:eb:77:b7:42,CSE-G04,1,-74.0,0.0,-74.0,1,0.0
47,20,bc:22:28:21:09:ba,CSE-206,1,-76.0,0.0,-76.0,1,0.0
47,20,1c:61:b4:9c:7a:1a,,3,-82.0,0.82,-82.0,3,0.82
47,20,28:87:ba:35:8b:ea,4s,8,-77.12,3.72,-78.29,7,2.25
47,20,e4:c3:2a:60:ba:4a,HP,2,-86.0,1.0,-86.0,2,1.0
47,20,5e:ea:31:22:bb:0b,CSE-LAB,4,-85.25,0.83,-85.25,4,0.83
47,20,24:2f:d0:88:4c:62,,2,-81.5,0.5,-81.5,2,0.5
47,20,34:60:f9:a1:8b:8e,,2,-71.5,0.5,-71.5,2,0.5
47,20,26:2f:d0:88:4c:62,IAC,1,-80.0,0.0,-80.0,1,0.0
47,20,36:20:f9:a1:8b:8e,CSE OFFICE,2,-70.5,0.5,-70.5,2,0.5
47,20,1e:61:b4:ac:7a:1a,CSE-306BL,2,-81.5,0.5,-81.5,2,0.5
47,20,34:60:f9:a1:88:56,,1,-65.0,0.0,-65.0,1,0.0
47,20,bc:22:28:21:09:22,,3,-75.33,2.36,-75.33,3,2.36
47,20,f0:09:0d:f1:43:b2,Shahidul,1,-86.0,0.0,-86.0,1,0.0
47,20,70:4c:a5:95:ae:c9,eduroam,1,-85.0,0.0,-85.0,1,0.0
47,20,70:4c:a5:95:af:71,eduroam,1,-85.0,0.0,-85.0,1,0.0
47,20,5e:a9:31:22:bb:0a,CSE-LAB,3,-63.33,1.7,-63.33,3,1.7
47,20,2e:87:ba:35:8b:ea,,1,-78.0,0.0,-78.0,1,0.0
48,9,36:20:f9:a1:88:56,CSE OFFICE,7,-64.0,4.21,-63.8,5,1.47
48,9,26:2f:d0:88:39:a2,IAC,1,-62.0,0.0,-62.0,1,0.0
48,9,d2:21:d7:af:f0:ae,Fihad's Galaxy,6,-66.17,6.77,-66.17,6,6.77
48,9,26:94:5a:1b:90:4d,Tatakae🥷,6,-70.33,5.19,-70.33,6,5.19
48,9,60:63:4c:31:37:40,CSE-303,5,-66.6,4.45,-68.0,3,0.0
48,9,00:22:b0:05:f3:bc,CSE-204,7,-67.86,3.52,-67.86,7,3.52
48,9,bc:22:28:21:55:6b,CSE-104,6,-87.0,2.58,-87.0,6,2.58
48,9,bc:22:28:21:09:22,,3,-79.67,5.44,-79.67,3,5.44
48,9,bc:22:28:21:09:21,CSE-205,5,-82.6,2.73,-82.6,5,2.73
48,9,36:62:f9:a1:88:57,CSE OFFICE,5,-89.4,1.74,-89.4,5,1.74
48,9,18:0f:76:c3:06:8d,CSE-304,4,-59.5,5.55,-59.5,4,5.55
48,9,34:e8:94:10:7d:fa,Hall of Fame,4,-76.5,1.66,-76.5,4,1.66
48,9,52:29:6f:70:e8:02,Shakshor,5,-91.8,3.49,-93.5,4,0.87
48,9,bc:22:28:21:55:6e,CSE-104,1,-72.0,0.0,-72.0,1,0.0
48,9,30:b5:c2:ea:5b:44,DataLab@BUET,2,-76.5,6.5,-76.5,2,6.5
48,9,bc:22:28:21:09:24,CSE-205,1,-65.0,0.0,-65.0,1,0.0
48,9,46:b7:e8:94:1b:31,Galaxy A54 5G DACD,1,-67.0,0.0,-67.0,1,0.0
48,9,34:60:f9:a1:88:56,,1,-70.0,0.0,-70.0,1,0.0
48,9,bc:22:28:21:09:b7,,1,-73.0,0.0,-73.0,1,0.0
48,9,36:20:f9:a1:8b:8e,CSE OFFICE,1,-76.0,0.0,-76.0,1,0.0
48,9,60:63:4c:31:37:60,CSE-306,1,-81.0,0.0,-81.0,1,0.0
48,9,34:60:f9:a1:88:63,,1,-85.0,0.0,-85.0,1,0.0
48,9,36:62:f9:a1:88:63,CSE OFFICE,1,-87.0,0.0,-87.0,1,0.0
48,9,bc:22:28:21:55:6c,,1,-90.0,0.0,-90.0,1,0.0
48,9,34:60:f9:a1:88:57,,1,-90.0,0.0,-90.0,1,0.0
48,9,bc:22:28:21:70:60,,1,-91.0,0.0,-91.0,1,0.0
48,9,1c:61:b4:09:0d:53,BUETian's wifi,2,-45.5,0.5,-45.5,2,0.5
48,9,1e:61:b4:19:0d:53,Easy Network :) 01975724515 ,2,-45.5,0.5,-45.5,2,0.5
48,9,1e:61:b4:29:0d:53,,2,-46.5,2.5,-46.5,2,2.5
48,9,94:a6:7e:b3:2e:b4,Room : 157,2,-55.5,2.5,-55.5,2,2.5
48,9,1e:61:b4:19:0d:54,Easy Network  :)  01975724515,1,-55.0,0.0,-55.0,1,0.0
48,9,1c:61:b4:09:0d:54,BUETian's wifi,1,-55.0,0.0,-55.0,1,0.0
48,9,1e:61:b4:29:0d:54,,1,-56.0,0.0,-56.0,1,0.0
48,9,d8:32:14:a2:22:f0,Room 143,2,-57.5,0.5,-57.5,2,0.5
48,9,58:d5:6e:d4:aa:94,D-Link_DIR-615,2,-63.5,0.5,-63.5,2,0.5
48,9,78:8c:b5:25:2b:13,Isildur,2,-71.0,1.0,-71.0,2,1.0
48,9,b0:be:76:7b:c2:90,Dipro,2,-70.5,0.5,-70.5,2,0.5
48,9,78:8c:b5:25:2b:14,Loading,2,-65.5,5.5,-65.5,2,5.5
48,9,bc:0f:9a:22:a1:58,AULA142,2,-72.0,1.0,-72.0,2,1.0
48,9,5c:62:8b:23:93:b4,BUET Free WIFI,2,-73.0,1.0,-73.0,2,1.0
48,9,62:83:e7:2a:60:e8,,2,-71.5,3.5,-71.5,2,3.5
48,9,60:83:e7:7a:60:e8,Room_244,2,-69.5,5.5,-69.5,2,5.5
48,9,b0:a7:b9:5c:22:ca,Room344,2,-73.5,1.5,-73.5,2,1.5
48,9,94:a6:7e:b3:37:54,NETGEAR30,1,-75.0,0.0,-75.0,1,0.0
48,9,34:0a:33:69:a6:d2,AULA 243,2,-77.0,2.0,-77.0,2,2.0
48,9,5c:62:8b:23:93:b3,Leave Me Alone,2,-74.5,0.5,-74.5,2,0.5
48,9,5c:e9:31:dd:94:4a,NTS-2,2,-83.5,1.5,-83.5,2,1.5
48,9,60:63:4c:5f:ad:f6,D-Link_DIR-615,1,-84.0,0.0,-84.0,1,0.0
48,9,60:83:e7:7a:60:ea,Room_244,1,-84.0,0.0,-84.0,1,0.0
48,9,62:83:e7:7a:60:e8,,1,-84.0,0.0,-84.0,1,0.0
48,9,62:83:e7:6a:60:e8,Aula_244 5GHz,1,-86.0,0.0,-86.0,1,0.0
48,9,b0:a7:b9:5c:22:c9,Room344,1,-87.0,0.0,-87.0,1,0.0
48,9,c0:c9:e3:b5:f9:ba,x_x,1,-91.0,0.0,-91.0,1,0.0
48,9,b8:3a:08:36:ef:71,Diagon Alley,2,-92.0,1.0,-92.0,2,1.0
48,9,50:0f:f5:6f:41:50,Saban dimu doilla,1,-83.0,0.0,-83.0,1,0.0
48,9,c4:71:54:e7:4a:64,Phoenix,1,-85.0,0.0,-85.0,1,0.0
48,9,ac:15:a2:9a:96:40,TP-Link_9640,1,-86.0,0.0,-86.0,1,0.0
48,9,58:d9:d5:eb:91:d8,Room_161,1,-87.0,0.0,-87.0,1,0.0
48,9,18:d6:c7:f7:dd:3e,Primian,1,-92.0,0.0,-92.0,1,0.0
48,9,20:23:51:66:ce:84,Wukong's Den,1,-93.0,0.0,-93.0,1,0.0
49,20,8e:fa:5f:79:06:05,Ei j eta amar wifi,19,-59.05,4.2,-60.75,16,1.6
49,20,60:63:4c:31:37:40,CSE-303,18,-54.5,4.55,-54.5,18,4.55
49,20,bc:22:28:21:09:24,CSE-205,19,-58.84,2.85,-58.84,19,2.85
49,20,18:0f:76:c3:06:8d,CSE-304,9,-64.11,5.49,-67.0,7,0.0
49,20,26:94:5a:1b:90:4d,Tatakae🥷,17,-61.06,6.27,-62.25,16,4.21
49,20,d2:21:d7:af:f0:ae,Fihad's Galaxy,18,-60.33,2.98,-60.33,18,2.98
49,20,bc:22:28:21:09:ba,CSE-206,9,-68.0,2.83,-69.0,8,0.0
49,20,30:b5:c2:ea:5b:44,DataLab@BUET,16,-57.62,3.0,-57.07,15,2.14
49,20,00:22:b0:05:f3:bc,CSE-204,19,-51.11,5.62,-49.59,17,3.6
49,20,56:f1:5f:2e:f3:7a,Horion_yj,17,-63.47,3.7,-65.07,14,1.44
49,20,46:44:d1:b3:33:78,Galaxy M12 396F,10,-69.8,6.03,-69.8,10,6.03
49,20,bc:22:28:21:55:6e,CSE-104,19,-65.26,2.34,-64.38,16,1.22
49,20,5e:a9:31:22:bb:0a,CSE-LAB,17,-65.53,2.0,-65.53,17,2.0
49,20,34:60:f9:a1:88:56,,19,-62.89,3.81,-63.08,13,1.27
49,20,5c:e8:d3:0a:1e:e0,!FreeNet,19,-60.89,10.43,-60.89,19,10.43
49,20,36:20:f9:a1:88:62,CSE OFFICE,19,-60.74,2.15,-60.39,18,1.6
49,20,8e:94:9f:cb:b9:b0,Fuad's A54,9,-70.0,0.0,-70.0,9,0.0
49,20,36:20:f9:a1:88:56,CSE OFFICE,18,-62.67,5.88,-62.67,18,5.88
49,20,70:4c:a5:64:bc:61,eduroam,9,-75.0,0.0,-75.0,9,0.0
49,20,bc:62:ce:6a:3a:2a,RBH 204,3,-80.0,0.0,-80.0,3,0.0
49,20,00:22:b0:05:f3:51,CSE-108,3,-81.0,0.0,-81.0,3,0.0
49,20,34:60:f9:a1:8b:8e,,8,-73.0,0.0,-73.0,8,0.0
49,20,36:20:f9:a1:8b:8e,CSE OFFICE,8,-73.0,0.0,-73.0,8,0.0
49,20,5c:e9:31:22:be:d6,,14,-78.57,0.49,-78.57,14,0.49
49,20,5e:a9:31:22:be:d6,CSE-LAB,8,-80.0,0.0,-80.0,8,0.0
49,20,34:e8:94:10:7d:fa,Hall of Fame,18,-64.39,2.71,-64.39,18,2.71
49,20,cc:2d:21:36:d7:90,Savage-us,13,-78.08,3.17,-78.08,13,3.17
49,20,56:24:f1:d4:40:ff,Redmi Note 10,10,-75.9,3.21,-75.9,10,3.21
49,20,78:98:e8:38:3b:04,Arham 2.5G Network,8,-87.0,1.73,-87.0,5,0.0
49,20,5c:e9:31:22:bb:0a,,16,-67.69,3.9,-67.69,16,3.9
49,20,34:60:f9:a1:88:62,,12,-61.83,0.55,-62.0,11,0.0
49,20,00:1e:2a:ba:c8:20,CSE-401,5,-77.0,0.0,-77.0,5,0.0
49,20,5c:e9:31:97:28:f4,Room no 1103,5,-87.0,0.0,-87.0,5,0.0
49,20,34:0a:33:6a:24:5e,ROOM-713,5,-92.0,0.0,-92.0,5,0.0
49,20,60:63:4c:31:37:60,CSE-306,8,-72.0,0.0,-72.0,8,0.0
49,20,ac:15:a2:84:3d:1a,CSE_OBE_CELL,7,-82.0,0.0,-82.0,7,0.0
49,20,02:83:7e:72:2b:0b,realme C12i,6,-84.0,0.0,-84.0,6,0.0
50,20,bc:22:28:21:09:24,CSE-205,3,-71.33,4.03,-71.33,3,4.03
50,20,5c:e9:31:22:be:d6,,1,-69.0,0.0,-69.0,1,0.0
50,20,bc:22:28:21:09:21,CSE-205,20,-71.6,2.46,-71.6,20,2.46
50,20,bc:22:28:21:09:ba,CSE-206,5,-70.6,2.42,-70.6,5,2.42
50,20,36:20:f9:a1:88:56,CSE OFFICE,2,-74.5,0.5,-74.5,2,0.5
50,20,26:94:5a:1b:90:4d,Tatakae🥷,11,-66.0,3.19,-66.0,11,3.19
50,20,30:b5:c2:ea:5b:44,DataLab@BUET,2,-80.0,1.0,-80.0,2,1.0
50,20,bc:22:28:21:55:6c,,13,-84.0,2.08,-84.0,13,2.08
50,20,56:24:f1:d4:40:ff,Redmi Note 10,10,-66.3,2.61,-65.0,8,0.0
50,20,bc:22:28:21:55:6b,CSE-104,9,-82.56,1.34,-82.56,9,1.34
50,20,bc:22:28:21:09:b8,,17,-73.0,1.57,-73.0,17,1.57
50,20,52:29:6f:70:e8:02,Shakshor,20,-72.15,2.59,-72.15,20,2.59
50,20,00:22:b0:05:f3:bc,CSE-204,15,-67.8,1.17,-67.8,15,1.17
50,20,bc:22:28:21:09:b7,,11,-74.27,2.63,-74.27,11,2.63
50,20,34:60:f9:a1:8b:8e,,1,-63.0,0.0,-63.0,1,0.0
50,20,5e:a9:31:22:be:d6,CSE-LAB,5,-69.2,0.75,-69.2,5,0.75
50,20,70:4c:a5:95:b2:d1,eduroam,1,-84.0,0.0,-84.0,1,0.0
50,20,1e:61:b4:ac:7a:1a,CSE-306BL,7,-74.14,0.35,-74.0,6,0.0
50,20,18:0f:76:c3:06:8d,CSE-304,10,-62.5,1.12,-63.0,8,0.5
50,20,1c:61:b4:9c:79:f3,,1,-88.0,0.0,-88.0,1,0.0
50,20,36:62:f9:a1:88:63,CSE OFFICE,20,-82.3,1.55,-82.78,18,0.63
50,20,d2:21:d7:af:f0:ae,Fihad's Galaxy,17,-69.24,4.71,-69.24,17,4.71
50,20,46:44:d1:b3:33:78,Galaxy M12 396F,1,-82.0,0.0,-82.0,1,0.0
50,20,26:2f:d0:88:39:a2,IAC,1,-72.0,0.0,-72.0,1,0.0
50,20,5c:e8:d3:0a:1e:e0,!FreeNet,10,-62.7,2.24,-62.14,7,0.35
50,20,bc:22:28:21:09:22,,9,-72.89,2.33,-74.0,7,0.53
50,20,1e:61:b4:ac:79:f2,CSE-306BL,3,-68.0,1.63,-68.0,3,1.63
50,20,1e:61:b4:ac:79:f3,CSE-306BL,1,-88.0,0.0,-88.0,1,0.0
50,20,36:20:f9:a1:88:62,CSE OFFICE,16,-55.0,1.5,-54.5,14,0.73
50,20,60:63:4c:31:37:40,CSE-303,11,-63.18,0.83,-63.25,8,0.43
50,20,1c:61:b4:9c:79:f2,,1,-70.0,0.0,-70.0,1,0.0
50,20,5c:e9:31:22:c8:de,,7,-72.71,0.7,-73.0,6,0.0
50,20,5c:e9:31:22:bb:0a,,6,-75.0,0.0,-75.0,6,0.0
50,20,34:60:f9:a1:88:62,,8,-53.75,0.43,-54.0,6,0.0
50,20,34:60:f9:a1:88:63,,7,-83.14,0.35,-83.0,6,0.0
50,20,76:b5:7d:a1:24:cb,Rishuk,6,-86.0,0.0,-86.0,6,0.0
50,20,56:c4:fa:bc:c1:0c,OPPO F25 Pro 5G,6,-73.0,0.0,-73.0,6,0.0
50,20,80:af:ca:11:95:ea,Graduate Lobby,6,-84.0,0.0,-84.0,6,0.0
50,20,36:20:f9:a1:8b:8e,CSE OFFICE,6,-75.0,0.0,-75.0,6,0.0
50,20,36:62:f9:a1:88:57,CSE OFFICE,11,-88.27,0.75,-88.22,9,0.42
50,20,5e:a9:31:22:c8:de,CSE-LAB,1,-74.0,0.0,-74.0,1,0.0
50,20,a6:59:c9:64:d6:36,Pixel_5325,3,-69.33,1.25,-69.33,3,1.25
50,20,46:c4:90:f1:0a:2a,Galaxy S23 Ultra 8407,4,-64.0,2.74,-64.0,4,2.74
50,20,34:60:f9:a1:88:57,,8,-88.62,0.48,-88.62,8,0.48
50,20,5e:a9:31:22:bb:0a,CSE-LAB,1,-75.0,0.0,-75.0,1,0.0
50,20,36:56:20:d4:75:60,Rayyan's Galaxy A24,2,-82.0,0.0,-82.0,2,0.0
50,20,34:60:f9:a1:88:56,,1,-73.0,0.0,-73.0,1,0.0
51,20,3c:52:a1:50:81:ae,Daraz er router,10,-63.8,5.23,-63.8,10,5.23
51,20,1c:3b:f3:46:2b:90,Comback ki hobe?,18,-79.89,3.26,-79.89,18,3.26
51,20,1c:3b:f3:46:2b:91,Comeback ,11,-67.36,2.71,-67.36,11,2.71
51,20,ee:5d:2b:e3:c9:3d,oKo,2,-79.0,0.0,-79.0,2,0.0
51,20,bc:62:ce:17:3d:f8,ছায়ালোক-৩,3,-76.0,1.41,-76.0,3,1.41
51,20,f4:a4:54:8b:32:ce,legenterritoryBeast,18,-77.06,3.82,-75.62,13,1.73
51,20,3c:52:a1:50:81:b0,eduroam,15,-84.67,2.6,-85.29,14,1.22
51,20,aa:cd:c4:62:2f:ab,pc 5,6,-79.83,2.03,-79.0,5,0.89
51,20,68:b9:d3:f5:96:94,GHL-SidePanel,2,-81.0,0.0,-81.0,2,0.0
51,20,50:0f:f5:b2:04:d8,110-02,3,-76.67,1.89,-76.67,3,1.89
51,20,f4:a4:54:8b:32:cc,legenterritory,8,-62.0,3.08,-62.0,8,3.08
51,20,20:23:51:67:a3:52,Rasel_210_5G,3,-84.0,1.41,-84.0,3,1.41
51,20,bc:0f:9a:22:a1:4c,Eshik Jindabad,3,-77.67,2.36,-77.67,3,2.36
51,20,90:9a:4a:2c:59:4c,Nameless ,6,-56.17,3.29,-56.17,6,3.29
51,20,70:4c:a5:d3:d6:01,eduroam,10,-51.6,2.29,-52.33,9,0.67
51,20,70:4c:a5:95:94:89,eduroam,2,-67.5,1.5,-67.5,2,1.5
51,20,50:0f:f5:b2:04:c8,110-1,2,-70.5,0.5,-70.5,2,0.5
51,20,bc:62:ce:e1:0e:4e,ERROR_404,5,-71.6,3.07,-73.0,4,1.41
51,20,58:d9:d5:53:68:b8,Asgard,2,-66.5,0.5,-66.5,2,0.5
51,20,5c:62:8b:66:94:4a,Mahrez,2,-70.5,1.5,-70.5,2,1.5
51,20,bc:62:ce:c2:2e:fd,Auntor-5G,6,-87.67,0.75,-87.67,6,0.75
51,20,58:d9:d5:53:68:20,Room 109-2,9,-54.33,1.7,-54.33,9,1.7
51,20,b8:3a:08:45:76:b8,2nd Home,1,-91.0,0.0,-91.0,1,0.0
51,20,34:0a:33:6a:0c:f6,DIR_615,2,-85.0,0.0,-85.0,2,0.0
51,20,bc:62:ce:c2:2f:02,Auntor,2,-69.5,3.5,-69.5,2,3.5
51,20,50:d4:f7:9b:b9:7a,No Internet ,2,-73.0,3.0,-73.0,2,3.0
51,20,64:64:4a:e1:6c:2b,Shadow,3,-78.33,1.7,-78.33,3,1.7
51,20,84:16:f9:a8:e8:a0,Blackhole,1,-88.0,0.0,-88.0,1,0.0
51,20,70:4c:a5:d3:cf:d1,eduroam,1,-87.0,0.0,-87.0,1,0.0
51,20,50:0f:f5:b2:05:78,Nigga Nebir,5,-67.4,1.36,-68.0,4,0.71
51,20,8c:53:c3:91:c9:5d,Brokeass,5,-68.2,4.79,-68.2,5,4.79
51,20,3c:84:6a:56:33:62,Ami Eshik,3,-71.67,2.36,-71.67,3,2.36
51,20,cc:2d:21:53:fe:18,,2,-76.0,0.0,-76.0,2,0.0
51,20,b0:19:21:14:2a:59,TP-Link_2A59,2,-81.0,0.0,-81.0,2,0.0
51,20,b4:b0:24:44:16:9c,209,2,-77.0,0.0,-77.0,2,0.0
51,20,3c:84:6a:56:33:61,Ami Eshik,2,-85.5,2.5,-85.5,2,2.5
51,20,28:d1:27:d1:9f:cf,colosseum,2,-66.0,0.0,-66.0,2,0.0
51,20,50:0f:f5:a9:76:10,Tui_Nigga,2,-72.5,0.5,-72.5,2,0.5
51,20,d8:32:14:66:5e:b8,John H. Watson,2,-77.5,1.5,-77.5,2,1.5
51,20,c8:e7:d8:6b:37:de,WifiBackup,1,-82.0,0.0,-82.0,1,0.0
51,20,06:31:92:fc:3a:ee,,1,-87.0,0.0,-87.0,1,0.0
52,20,5c:e8:d3:0a:1e:e0,!FreeNet,13,-75.38,6.12,-76.1,10,2.81
52,20,26:94:5a:1b:90:4d,Tatakae🥷,18,-66.83,4.31,-66.83,18,4.31
52,20,56:24:f1:d4:40:ff,Redmi Note 10,11,-80.36,1.82,-79.9,10,1.14
52,20,56:f1:5f:2e:f3:7a,Horion_yj,8,-73.12,5.58,-75.14,7,1.73
52,20,36:20:f9:a1:88:62,CSE OFFICE,5,-68.8,5.31,-66.5,4,2.96
52,20,60:63:4c:31:37:40,CSE-303,14,-61.79,4.44,-61.79,14,4.44
52,20,8e:94:9f:cb:b9:b0,Fuad's A54,20,-60.75,3.73,-60.75,20,3.73
52,20,bc:22:28:21:09:24,CSE-205,13,-65.31,1.64,-65.89,9,0.57
52,20,5e:a9:31:22:bb:0a,CSE-LAB,2,-63.5,3.5,-63.5,2,3.5
52,20,10:62:eb:77:b7:42,CSE-G04,1,-70.0,0.0,-70.0,1,0.0
52,20,8e:f6:fd:8d:6d:a4,POCO X3 Pro,20,-49.2,10.33,-46.39,18,6.28
52,20,8e:fa:5f:79:06:05,Ei j eta amar wifi,13,-63.54,4.81,-63.54,13,4.81
52,20,18:0f:76:c3:06:8d,CSE-304,3,-68.67,2.62,-68.67,3,2.62
52,20,96:33:56:57:7a:84,iPhone (3),6,-86.33,3.73,-88.0,5,0.0
52,20,30:b5:c2:ea:5b:44,DataLab@BUET,14,-64.07,4.5,-64.07,14,4.5
52,20,d2:21:d7:af:f0:ae,Fihad's Galaxy,1,-75.0,0.0,-75.0,1,0.0
52,20,36:20:f9:a1:88:56,CSE OFFICE,8,-76.12,2.85,-77.0,7,1.77
52,20,00:22:b0:05:f3:bc,CSE-204,15,-70.27,9.75,-70.27,15,9.75
52,20,36:20:f9:a1:8b:8e,CSE OFFICE,5,-86.0,0.0,-86.0,5,0.0
52,20,bc:62:ce:6a:3a:2a,RBH 204,1,-75.0,0.0,-75.0,1,0.0
52,20,34:60:f9:a1:8b:8e,,1,-82.0,0.0,-82.0,1,0.0
52,20,96:88:36:18:59:c0,Galaxy F22F973,1,-80.0,0.0,-80.0,1,0.0
52,20,34:60:f9:a1:88:56,,1,-77.0,0.0,-77.0,1,0.0
52,20,34:60:f9:a1:88:62,,2,-69.5,1.5,-69.5,2,1.5
52,20,00:1e:2a:ba:c8:20,CSE-401,6,-77.83,0.37,-78.0,5,0.0
52,20,bc:22:28:21:09:ba,CSE-206,1,-86.0,0.0,-86.0,1,0.0
52,20,d6:2c:9e:ee:4a:20,Jo,9,-54.33,4.37,-52.88,8,1.54
52,20,bc:22:28:21:55:6e,CSE-104,2,-86.5,1.5,-86.5,2,1.5
52,20,34:e8:94:10:7d:fa,Hall of Fame,1,-78.0,0.0,-78.0,1,0.0
53,20,26:94:5a:1b:90:4d,Tatakae🥷,8,-68.25,4.79,-68.25,8,4.79
53,20,66:79:f0:36:84:ea,DIRECT-DCLAPTOP-LIA41UT4msFN,18,-78.5,4.52,-78.5,18,4.52
53,20,60:63:4c:31:37:40,CSE-303,3,-71.0,5.89,-71.0,3,5.89
53,20,8e:94:9f:cb:b9:b0,Fuad's A54,7,-65.29,12.16,-65.29,7,12.16
53,20,46:44:d1:b3:33:78,Galaxy M12 396F,9,-40.78,6.23,-40.78,9,6.23
53,20,30:b5:c2:ea:5b:44,DataLab@BUET,3,-75.67,3.68,-75.67,3,3.68
53,20,8e:f6:fd:8d:6d:a4,POCO X3 Pro,18,-55.89,5.22,-55.89,18,5.22
53,20,5c:e8:d3:0a:1e:e0,!FreeNet,15,-79.93,6.01,-79.93,15,6.01
53,20,bc:22:28:21:55:6c,,1,-89.0,0.0,-89.0,1,0.0
53,20,bc:22:28:21:55:6b,CSE-104,3,-83.67,11.26,-83.67,3,11.26
53,20,36:62:f9:a1:88:63,CSE OFFICE,14,-87.79,3.19,-88.46,13,2.13
53,20,bc:22:28:21:09:24,CSE-205,17,-64.65,2.85,-63.8,15,1.6
53,20,bc:22:28:21:09:22,,7,-70.57,5.55,-70.57,7,5.55
53,20,bc:22:28:21:09:21,CSE-205,20,-66.35,5.12,-66.35,20,5.12
53,20,36:20:f9:a1:88:56,CSE OFFICE,2,-83.0,0.0,-83.0,2,0.0
53,20,18:0f:76:c3:06:8d,CSE-304,3,-71.67,1.89,-71.67,3,1.89
53,20,34:60:f9:a1:88:63,,2,-88.0,1.0,-88.0,2,1.0
53,20,d2:21:d7:af:f0:ae,Fihad's Galaxy,1,-92.0,0.0,-92.0,1,0.0
53,20,8e:fa:5f:79:06:05,Ei j eta amar wifi,11,-60.64,6.57,-60.64,11,6.57
53,20,52:29:6f:70:e8:02,Shakshor,11,-91.27,5.01,-93.22,9,0.63
53,20,36:20:f9:a1:88:62,CSE OFFICE,8,-68.12,4.17,-67.0,5,0.0
53,20,36:62:f9:a1:88:57,CSE OFFICE,5,-92.0,0.0,-92.0,5,0.0
53,20,bc:22:28:21:55:6e,CSE-104,3,-76.67,14.61,-76.67,3,14.61
53,20,d6:2c:9e:ee:4a:20,Jo,4,-56.25,1.3,-56.25,4,1.3
53,20,bc:22:28:21:09:b7,,1,-92.0,0.0,-92.0,1,0.0
53,20,bc:22:28:21:09:ba,CSE-206,1,-87.0,0.0,-87.0,1,0.0
53,20,bc:62:ce:6a:3a:2a,RBH 204,3,-86.67,0.47,-86.67,3,0.47
53,20,00:22:b0:05:f3:bc,CSE-204,2,-78.0,0.0,-78.0,2,0.0
53,20,70:4c:a5:64:bf:19,eduroam,1,-69.0,0.0,-69.0,1,0.0
54,20,8e:fa:5f:79:06:05,Ei j eta amar wifi,20,-34.1,6.11,-34.1,20,6.11
54,20,8e:94:9f:cb:b9:b0,Fuad's A54,19,-61.84,5.94,-61.84,19,5.94
54,20,bc:22:28:21:09:24,CSE-205,20,-62.05,4.76,-62.05,20,4.76
54,20,26:94:5a:1b:90:4d,Tatakae🥷,17,-61.88,2.08,-61.88,17,2.08
54,20,bc:22:28:21:09:21,CSE-205,20,-64.2,3.16,-64.2,20,3.16
54,20,bc:22:28:21:09:22,,19,-64.74,3.43,-64.74,19,3.43
54,20,46:44:d1:b3:33:78,Galaxy M12 396F,16,-63.12,4.61,-63.12,16,4.61
54,20,34:60:f9:a1:8b:8e,,1,-70.0,0.0,-70.0,1,0.0
54,20,30:b5:c2:ea:5b:44,DataLab@BUET,4,-72.75,3.27,-72.75,4,3.27
54,20,36:20:f9:a1:88:62,CSE OFFICE,6,-67.5,7.54,-70.4,5,4.22
54,20,66:79:f0:36:84:ea,DIRECT-DCLAPTOP-LIA41UT4msFN,16,-67.75,5.46,-67.75,16,5.46
54,20,10:62:eb:77:b7:42,CSE-G04,8,-70.12,2.09,-69.0,6,0.0
54,20,56:f1:5f:2e:f3:7a,Horion_yj,2,-74.5,2.5,-74.5,2,2.5
54,20,26:2f:d0:88:39:a2,IAC,1,-81.0,0.0,-81.0,1,0.0
54,20,bc:22:28:21:09:ba,CSE-206,2,-73.5,8.5,-73.5,2,8.5
54,20,56:24:f1:d4:40:ff,Redmi Note 10,6,-83.5,1.12,-83.0,5,0.0
54,20,bc:22:28:21:09:b8,,5,-83.6,8.33,-87.75,4,0.83
54,20,bc:22:28:21:09:b7,,5,-88.4,1.85,-88.4,5,1.85
54,20,00:1e:2a:ba:c8:20,CSE-401,2,-85.5,2.5,-85.5,2,2.5
54,20,bc:22:28:21:55:6c,,2,-85.5,3.5,-85.5,2,3.5
54,20,60:63:4c:31:37:60,CSE-306,2,-80.0,9.0,-80.0,2,9.0
54,20,34:0a:33:6d:af:1e,Room 913,2,-90.0,1.0,-90.0,2,1.0
54,20,60:63:4c:31:37:40,CSE-303,5,-63.2,5.81,-63.2,5,5.81
54,20,8e:f6:fd:8d:6d:a4,POCO X3 Pro,15,-67.27,2.91,-68.0,11,0.0
54,20,5c:e9:31:22:be:d6,,7,-74.57,1.4,-74.0,6,0.0
54,20,5c:e8:d3:0a:1e:e0,!FreeNet,12,-76.25,5.86,-76.25,12,5.86
54,20,18:0f:76:c3:06:8d,CSE-304,4,-74.75,6.38,-74.75,4,6.38
54,20,72:f1:12:0f:b9:81,Galaxy A34 5G EFE7,1,-84.0,0.0,-84.0,1,0.0
54,20,34:60:f9:a1:88:62,,8,-71.25,2.22,-72.0,5,0.0
54,20,bc:62:ce:6a:3a:2a,RBH 204,2,-78.0,5.0,-78.0,2,5.0
54,20,34:60:f9:a1:88:56,,2,-82.0,1.0,-82.0,2,1.0
54,20,36:20:f9:a1:88:56,CSE OFFICE,2,-83.0,1.0,-83.0,2,1.0
54,20,34:60:f9:a1:88:63,,11,-86.73,3.74,-87.88,8,0.6
54,20,5e:a9:31:22:be:d6,CSE-LAB,7,-74.29,0.7,-74.0,6,0.0
54,20,00:22:b0:05:f3:bc,CSE-204,13,-77.08,3.5,-77.08,13,3.5
54,20,34:e8:94:10:7d:fa,Hall of Fame,5,-84.0,0.0,-84.0,5,0.0
54,20,36:62:f9:a1:88:63,CSE OFFICE,14,-87.57,3.54,-88.64,11,0.64
54,20,bc:22:28:21:55:6b,CSE-104,3,-83.67,4.5,-83.67,3,4.5
54,20,4c:ed:fb:d1:5a:d8,Room no.912,1,-84.0,0.0,-84.0,1,0.0
54,20,52:29:6f:70:e8:02,Shakshor,4,-83.5,7.23,-83.5,4,7.23
54,20,d2:21:d7:af:f0:ae,Fihad's Galaxy,2,-72.0,5.0,-72.0,2,5.0
54,20,cc:2d:21:b0:04:60,ROOM-206,1,-79.0,0.0,-79.0,1,0.0
54,20,36:20:f9:a1:8b:8e,CSE OFFICE,1,-81.0,0.0,-81.0,1,0.0
54,20,98:25:4a:f1:3a:ed,Room no.1006_5G,1,-90.0,0.0,-90.0,1,0.0
54,20,bc:22:28:21:55:6e,CSE-104,1,-70.0,0.0,-70.0,1,0.0
54,20,cc:2d:21:36:d7:90,Savage-us,1,-88.0,0.0,-88.0,1,0.0
54,20,5c:e9:31:22:bf:96,,2,-83.0,6.0,-83.0,2,6.0
54,20,1c:61:b4:9c:79:f2,,1,-71.0,0.0,-71.0,1,0.0
54,20,1e:61:b4:ac:79:f3,CSE-306BL,1,-87.0,0.0,-87.0,1,0.0
54,20,1c:61:b4:9c:79:f3,,1,-88.0,0.0,-88.0,1,0.0
54,20,34:60:f9:a1:8b:8f,,1,-88.0,0.0,-88.0,1,0.0
54,20,bc:22:28:21:70:60,,1,-89.0,0.0,-89.0,1,0.0
55,3,00:22:b0:05:f3:bc,CSE-204,1,-55.0,0.0,-55.0,1,0.0
55,3,36:62:f9:a1:88:57,CSE OFFICE,3,-76.0,1.41,-76.0,3,1.41
55,3,18:0f:76:c3:06:8d,CSE-304,2,-50.0,1.0,-50.0,2,1.0
55,3,bc:22:28:21:09:21,CSE-205,3,-72.33,0.47,-72.33,3,0.47
55,3,36:20:f9:a1:88:56,CSE OFFICE,3,-50.67,0.47,-50.67,3,0.47
55,3,d2:21:d7:af:f0:ae,Fihad's Galaxy,2,-49.5,2.5,-49.5,2,2.5
55,3,bc:22:28:21:55:6c,,3,-82.67,0.94,-82.67,3,0.94
55,3,34:60:f9:a1:88:57,,3,-75.33,0.94,-75.33,3,0.94
55,3,30:b5:c2:ea:5b:44,DataLab@BUET,1,-75.0,0.0,-75.0,1,0.0
55,3,56:24:f1:d4:40:ff,Redmi Note 10,2,-62.5,1.5,-62.5,2,1.5
55,3,bc:22:28:21:55:6b,CSE-104,1,-84.0,0.0,-84.0,1,0.0
55,3,5c:e8:d3:0a:1e:e0,!FreeNet,2,-65.5,6.5,-65.5,2,6.5
55,3,34:60:f9:a1:88:63,,1,-86.0,0.0,-86.0,1,0.0
55,3,5c:e9:31:22:be:d6,,1,-83.0,0.0,-83.0,1,0.0
55,3,bc:22:28:21:09:22,,2,-73.0,1.0,-73.0,2,1.0
55,3,bc:22:28:21:09:ba,CSE-206,2,-82.0,1.0,-82.0,2,1.0
55,3,26:94:5a:1b:90:4d,Tatakae🥷,2,-63.5,1.5,-63.5,2,1.5
55,3,bc:22:28:21:09:b7,,1,-85.0,0.0,-85.0,1,0.0
55,3,36:20:f9:a1:88:62,CSE OFFICE,1,-63.0,0.0,-63.0,1,0.0
55,3,34:e8:94:10:7d:fa,Hall of Fame,1,-68.0,0.0,-68.0,1,0.0
55,3,34:60:f9:a1:88:56,,2,-49.5,0.5,-49.5,2,0.5
55,3,60:63:4c:31:37:40,CSE-303,1,-65.0,0.0,-65.0,1,0.0
55,3,5e:a9:31:22:bb:0a,CSE-LAB,1,-64.0,0.0,-64.0,1,0.0
55,3,46:c4:90:f1:0a:2a,Galaxy S23 Ultra 8407,1,-64.0,0.0,-64.0,1,0.0
