entryId,numOfScans,macAddress,ssid,countOfMac,avgStrength,stdDev,avgStrengthNoOutliers,countNoOutliers,stdDevNoOutliers
1,20,3e:92:f7:29:0d:11,Abrar Zahin's Galaxy A33 5G,14,-64.79,2.14,-64.0,12,0.0
1,20,62:d5:76:41:44:83,Pixel,20,-64.9,1.61,-64.9,20,1.61
1,20,2c:fe:e2:59:d0:c2,Horion_e9,20,-69.4,1.24,-70.0,14,0.0
1,20,5c:e9:31:22:bb:0b,,1,-94.0,0.0,-94.0,1,0.0
1,20,02:59:d2:85:5e:aa,Omi,3,-91.0,3.56,-91.0,3,3.56
1,20,ba:61:33:5d:51:8b,Oggy,20,-46.3,4.97,-43.73,15,0.44
1,20,5e:ea:31:22:bb:0b,CSE-LAB,1,-93.0,0.0,-93.0,1,0.0
1,20,30:b5:c2:ea:5b:44,DataLab@BUET,3,-64.0,3.56,-64.0,3,3.56
1,20,5a:d6:bc:29:37:4c,AndroidAP,12,-76.17,2.76,-77.0,11,0.0
1,20,7a:ec:99:a0:87:01,Abhishek's A55,19,-53.0,2.58,-52.24,17,0.64
1,20,1a:50:a7:f3:20:79,DoYouKnow ,8,-87.62,1.11,-87.29,7,0.7
1,20,00:22:b0:05:f3:bc,CSE-204,2,-72.0,0.0,-72.0,2,0.0
1,20,36:20:f9:a1:88:62,CSE OFFICE,1,-68.0,0.0,-68.0,1,0.0
1,20,60:63:4c:31:37:40,CSE-303,18,-63.11,0.99,-63.0,11,0.0
1,20,18:0f:76:c3:06:8d,CSE-304,1,-70.0,0.0,-70.0,1,0.0
1,20,12:38:f1:f0:25:6e,OPPO F21 Pro,18,-63.78,1.27,-64.0,12,0.0
1,20,ee:ec:4e:98:5f:81,,2,-78.0,3.0,-78.0,2,3.0
1,20,4e:e8:ef:1a:c1:95,Mahdi,16,-60.31,2.59,-61.0,11,0.0
1,20,c2:3b:04:a2:01:1f,getIP().hackDevice(),20,-68.7,1.71,-68.35,17,0.84
1,20,60:63:4c:31:37:48,dlink,20,-88.2,1.12,-88.0,12,0.0
1,20,34:60:f9:a1:88:63,,17,-87.47,0.78,-87.31,16,0.46
1,20,36:62:f9:a1:88:57,CSE OFFICE,16,-91.62,0.6,-91.62,16,0.6
1,20,bc:22:28:21:09:21,,17,-58.24,1.73,-58.24,17,1.73
1,20,7a:ae:58:61:a1:27,NK,1,-64.0,0.0,-64.0,1,0.0
1,20,36:62:f9:a1:88:63,CSE OFFICE,17,-86.94,0.64,-87.0,13,0.0
1,20,34:60:f9:a1:88:57,,6,-91.17,1.46,-91.8,5,0.4
1,20,aa:dc:7e:ea:37:18,moto edge 50 neo_3238,12,-60.58,1.93,-60.0,11,0.0
1,20,8e:fa:5f:79:06:05,Ei j eta amar wifi,13,-71.77,2.99,-73.0,11,0.0
1,20,60:63:4c:31:37:60,CSE-306,14,-86.57,0.82,-87.0,11,0.0
1,20,76:75:55:f3:a7:bd,Redmi Note 13 Pro,15,-68.27,2.91,-69.58,12,1.38
1,20,bc:22:28:21:09:22,,13,-58.54,1.6,-58.0,11,0.0
1,20,3e:4c:aa:f9:d8:98,VoSSS,11,-82.0,0.0,-82.0,11,0.0
1,20,e2:fd:30:fe:69:73,Anirban,12,-74.75,2.49,-74.0,11,0.0
1,20,8e:94:a9:8d:65:5b,vivo Y27s,3,-65.67,3.68,-65.67,3,3.68
1,20,34:60:f9:a1:88:62,,1,-59.0,0.0,-59.0,1,0.0
1,20,bc:22:28:21:09:24,CSE-205,1,-60.0,0.0,-60.0,1,0.0
1,20,56:f1:5f:2e:f3:7a,Horion_yj,1,-74.0,0.0,-74.0,1,0.0
1,20,02:a8:9b:f6:4d:ca,,2,-90.5,0.5,-90.5,2,0.5
1,20,f6:6b:65:56:e4:88,realme 10,1,-76.0,0.0,-76.0,1,0.0
1,20,96:21:ee:e2:9f:97,Tanvir,1,-73.0,0.0,-73.0,1,0.0
1,20,0a:54:a5:5f:17:37,Galaxy S22C48A,1,-75.0,0.0,-75.0,1,0.0
1,20,fa:b5:62:5b:af:73,Redmi Note 10S,2,-72.5,3.5,-72.5,2,3.5
1,20,8a:c6:f0:bb:61:49,amim,1,-65.0,0.0,-65.0,1,0.0
1,20,26:e4:72:86:6b:66,Torr20-tab,1,-93.0,0.0,-93.0,1,0.0
1,20,34:e8:94:10:7d:fa,Hall of Fame,1,-77.0,0.0,-77.0,1,0.0
2,18,62:d5:76:41:44:83,Pixel,18,-73.06,1.84,-73.06,18,1.84
2,18,2c:fe:e2:59:d0:c2,Horion_e9,18,-71.56,2.5,-72.08,13,0.47
2,18,bc:22:28:21:09:24,CSE-205,16,-62.94,1.56,-62.67,15,1.19
2,18,bc:22:28:21:09:22,,17,-67.76,2.73,-69.0,13,0.0
2,18,30:b5:c2:ea:5b:44,DataLab@BUET,17,-62.88,1.94,-62.88,17,1.94
2,18,10:62:eb:1a:0c:09,Room 914,1,-85.0,0.0,-85.0,1,0.0
2,18,5a:d6:bc:29:37:4c,AndroidAP,1,-82.0,0.0,-82.0,1,0.0
2,18,7a:ec:99:a0:87:01,Abhishek's A55,8,-53.62,3.43,-53.62,8,3.43
2,18,00:22:b0:05:f3:bc,CSE-204,12,-66.67,3.22,-68.0,10,0.0
2,18,8a:c6:f0:bb:61:49,amim,3,-71.67,6.94,-71.67,3,6.94
2,18,36:20:f9:a1:88:62,CSE OFFICE,2,-69.0,1.0,-69.0,2,1.0
2,18,60:63:4c:31:37:40,CSE-303,17,-69.24,2.29,-69.24,17,2.29
2,18,5a:e6:b4:de:a1:ae,realme 9,1,-69.0,0.0,-69.0,1,0.0
2,18,7a:ae:58:61:a1:27,NK,3,-68.67,3.3,-68.67,3,3.3
2,18,46:c4:90:f1:0a:2a,Galaxy S23 Ultra 8407,18,-66.83,1.61,-66.59,17,1.29
2,18,c6:10:ef:ee:57:ec,pixel,18,-70.5,3.0,-70.0,17,2.25
2,18,ee:ec:4e:98:5f:81,,12,-84.67,1.11,-85.0,11,0.0
2,18,4e:e8:ef:1a:c1:95,Mahdi,18,-51.56,11.78,-51.56,18,11.78
2,18,c2:3b:04:a2:01:1f,getIP().hackDevice(),17,-67.12,6.3,-67.12,17,6.3
2,18,fa:b5:62:5b:af:73,Redmi Note 10S,3,-67.0,4.97,-67.0,3,4.97
2,18,76:75:55:f3:a7:bd,Redmi Note 13 Pro,14,-62.93,2.66,-62.0,10,0.0
2,18,56:f1:5f:2e:f3:7a,Horion_yj,3,-76.67,7.32,-76.67,3,7.32
2,18,12:38:f1:f0:25:6e,OPPO F21 Pro,13,-64.85,4.13,-63.0,10,0.0
2,18,36:62:f9:a1:88:63,CSE OFFICE,2,-87.0,0.0,-87.0,2,0.0
2,18,34:60:f9:a1:88:62,,5,-66.8,5.88,-66.8,5,5.88
2,18,96:21:ee:e2:9f:97,Tanvir,5,-73.2,5.15,-73.2,5,5.15
2,18,8e:fa:5f:79:06:05,Ei j eta amar wifi,2,-72.5,0.5,-72.5,2,0.5
2,18,ba:61:33:5d:51:8b,Oggy,4,-68.75,1.3,-68.75,4,1.3
2,18,aa:dc:7e:ea:37:18,moto edge 50 neo_3238,1,-69.0,0.0,-69.0,1,0.0
2,18,36:62:f9:a1:88:57,CSE OFFICE,1,-87.0,0.0,-87.0,1,0.0
2,18,36:20:f9:a1:88:56,CSE OFFICE,1,-68.0,0.0,-68.0,1,0.0
2,18,36:20:f9:a1:8b:8e,CSE OFFICE,1,-74.0,0.0,-74.0,1,0.0
2,18,0a:54:a5:5f:17:37,Galaxy S22C48A,1,-78.0,0.0,-78.0,1,0.0
2,18,bc:22:28:21:09:21,,4,-72.25,1.3,-72.25,4,1.3
2,18,fe:a6:d1:4e:1c:86,narzo 50,3,-74.0,0.0,-74.0,3,0.0
2,18,1c:61:b4:9c:7a:1a,,3,-80.0,0.0,-80.0,3,0.0
2,18,1e:61:b4:ac:7a:1a,CSE-306BL,3,-78.0,0.0,-78.0,3,0.0
2,18,18:0f:76:c3:06:8d,CSE-304,3,-76.0,0.0,-76.0,3,0.0
3,18,62:d5:76:41:44:83,Pixel,16,-73.38,3.55,-71.77,13,1.25
3,18,34:60:f9:a1:88:62,,5,-60.4,1.74,-60.4,5,1.74
3,18,2c:fe:e2:59:d0:c2,Horion_e9,18,-67.17,2.5,-67.17,18,2.5
3,18,02:59:d2:85:5e:aa,Omi,6,-86.83,1.86,-86.83,6,1.86
3,18,ba:61:33:5d:51:8b,Oggy,3,-57.0,0.0,-57.0,3,0.0
3,18,24:2f:d0:88:39:a2,,3,-75.0,0.0,-75.0,3,0.0
3,18,7a:ec:99:a0:87:01,Abhishek's A55,17,-53.76,2.04,-53.38,16,1.36
3,18,1a:50:a7:f3:20:79,DoYouKnow ,6,-84.33,1.7,-83.6,5,0.49
3,18,36:20:f9:a1:88:62,CSE OFFICE,14,-59.5,2.95,-59.5,14,2.95
3,18,7a:ae:58:61:a1:27,NK,14,-66.71,1.67,-67.0,9,0.0
3,18,c6:10:ef:ee:57:ec,pixel,18,-70.94,2.39,-70.59,17,1.94
3,18,ee:ec:4e:98:5f:81,,13,-76.62,2.53,-78.0,10,0.0
3,18,36:62:f9:a1:88:63,CSE OFFICE,17,-81.0,0.69,-81.0,9,0.0
3,18,c2:3b:04:a2:01:1f,getIP().hackDevice(),17,-75.53,1.79,-75.0,9,0.0
3,18,8e:94:a9:8d:65:5b,vivo Y27s,1,-53.0,0.0,-53.0,1,0.0
3,18,34:60:f9:a1:88:63,,3,-80.67,0.47,-80.67,3,0.47
3,18,bc:22:28:21:09:22,,1,-64.0,0.0,-64.0,1,0.0
3,18,bc:22:28:21:09:21,,3,-63.67,1.25,-63.67,3,1.25
3,18,60:63:4c:31:37:40,CSE-303,1,-54.0,0.0,-54.0,1,0.0
3,18,8e:fa:5f:79:06:05,Ei j eta amar wifi,14,-64.21,1.93,-63.85,13,1.46
3,18,0a:54:a5:5f:17:37,Galaxy S22C48A,3,-66.33,0.47,-66.33,3,0.47
3,18,1c:61:b4:9c:79:f2,,2,-79.5,0.5,-79.5,2,0.5
3,18,4e:e8:ef:1a:c1:95,Mahdi,13,-53.62,4.68,-51.73,11,1.6
3,18,fa:b5:62:5b:af:73,Redmi Note 10S,10,-67.1,2.7,-68.0,9,0.0
3,18,26:e4:72:86:6b:66,Torr20-tab,10,-86.2,0.6,-86.0,9,0.0
3,18,c2:c4:fb:a2:01:1f,getIP().hackDevice(),9,-71.0,0.0,-71.0,9,0.0
3,18,36:20:f9:a1:88:56,CSE OFFICE,9,-73.0,0.0,-73.0,9,0.0
3,18,36:4b:45:95:4b:ce,,9,-89.0,0.0,-89.0,9,0.0
3,18,aa:dc:7e:ea:37:18,moto edge 50 neo_3238,10,-59.1,3.3,-58.0,9,0.0
3,18,5a:e6:b4:de:a1:ae,realme 9,1,-68.0,0.0,-68.0,1,0.0
3,18,18:0f:76:c3:06:8d,CSE-304,1,-66.0,0.0,-66.0,1,0.0
3,18,96:21:ee:e2:9f:97,Tanvir,1,-62.0,0.0,-62.0,1,0.0
3,18,1c:61:b4:9c:7a:1a,,1,-78.0,0.0,-78.0,1,0.0
3,18,e2:fd:30:fe:69:73,Anirban,1,-72.0,0.0,-72.0,1,0.0
3,18,46:c4:90:f1:0a:2a,Galaxy S23 Ultra 8407,1,-71.0,0.0,-71.0,1,0.0
3,18,76:75:55:f3:a7:bd,Redmi Note 13 Pro,1,-68.0,0.0,-68.0,1,0.0
3,18,da:55:41:3a:44:5b,Ara,1,-62.0,0.0,-62.0,1,0.0
4,18,2c:fe:e2:59:d0:c2,Horion_e9,18,-70.33,4.07,-70.33,18,4.07
4,18,02:59:d2:85:5e:aa,Omi,12,-85.67,3.01,-84.0,9,0.0
4,18,1a:50:a7:f3:20:79,DoYouKnow ,16,-90.06,1.3,-90.27,15,1.06
4,18,60:63:4c:31:37:40,CSE-303,17,-55.41,2.17,-55.41,17,2.17
4,18,c6:10:ef:ee:57:ec,pixel,18,-76.83,5.45,-76.83,18,5.45
4,18,ee:ec:4e:98:5f:81,,12,-78.25,2.62,-79.0,9,0.0
4,18,0a:54:a5:5f:17:37,Galaxy S22C48A,4,-68.5,0.5,-68.5,4,0.5
4,18,02:df:3b:f6:97:11,CSE 9,1,-69.0,0.0,-69.0,1,0.0
4,18,4e:e8:ef:1a:c1:95,Mahdi,15,-59.87,2.87,-59.36,14,2.22
4,18,c2:3b:04:a2:01:1f,getIP().hackDevice(),18,-77.78,3.88,-77.78,18,3.88
4,18,bc:22:28:21:09:24,CSE-205,8,-58.75,3.83,-58.75,8,3.83
4,18,bc:22:28:21:09:22,,9,-64.44,6.96,-64.44,9,6.96
4,18,bc:22:28:21:09:21,,14,-55.79,5.88,-53.42,12,0.95
4,18,00:22:b0:05:f3:bc,CSE-204,11,-60.55,0.99,-61.0,9,0.0
4,18,56:f1:5f:2e:f3:7a,Horion_yj,7,-64.14,1.46,-64.67,6,0.75
4,18,34:60:f9:a1:88:57,,2,-91.5,0.5,-91.5,2,0.5
4,18,34:60:f9:a1:88:63,,13,-85.0,1.92,-85.0,9,0.0
4,18,ba:61:33:5d:51:8b,Oggy,2,-69.0,5.0,-69.0,2,5.0
4,18,36:62:f9:a1:88:63,CSE OFFICE,13,-84.15,1.79,-84.0,9,0.0
4,18,7a:ec:99:a0:87:01,Abhishek's A55,18,-54.17,4.73,-54.17,18,4.73
4,18,18:0f:76:c3:06:8d,CSE-304,2,-64.5,2.5,-64.5,2,2.5
4,18,96:26:00:ef:b2:d5,AlAmin,1,-72.0,0.0,-72.0,1,0.0
4,18,8e:94:a9:8d:65:5b,vivo Y27s,11,-48.27,2.99,-47.0,9,0.0
4,18,34:60:f9:a1:88:62,,2,-62.5,0.5,-62.5,2,0.5
4,18,36:20:f9:a1:88:62,CSE OFFICE,8,-65.62,2.96,-65.62,8,2.96
4,18,62:d5:76:41:44:83,Pixel,8,-80.5,5.1,-81.86,7,3.87
4,18,02:a8:9b:f6:4d:ca,,1,-82.0,0.0,-82.0,1,0.0
4,18,7e:5d:23:fc:ca:4a,GADA ELECTRONICS,1,-66.0,0.0,-66.0,1,0.0
4,18,12:38:f1:f0:25:6e,OPPO F21 Pro,1,-69.0,0.0,-69.0,1,0.0
4,18,36:20:f9:a1:88:56,CSE OFFICE,5,-69.0,2.0,-68.0,4,0.0
4,18,26:e4:72:86:6b:66,Torr20-tab,9,-93.0,0.0,-93.0,9,0.0
4,18,6a:66:d2:07:a3:61,Juice Pila do. Mosambi Ka! 🥹,9,-69.0,0.0,-69.0,9,0.0
4,18,5a:e6:b4:de:a1:ae,realme 9,9,-78.0,0.0,-78.0,9,0.0
4,18,3e:92:f7:29:0d:11,Abrar Zahin's Galaxy A33 5G,9,-63.0,0.0,-63.0,9,0.0
4,18,c2:c4:fb:a2:01:1f,getIP().hackDevice(),9,-78.0,0.0,-78.0,9,0.0
4,18,24:2f:d0:88:39:a2,,1,-74.0,0.0,-74.0,1,0.0
4,18,34:60:f9:a1:8b:8e,,1,-80.0,0.0,-80.0,1,0.0
4,18,8e:fa:5f:79:06:05,Ei j eta amar wifi,4,-73.0,0.0,-73.0,4,0.0
4,18,aa:dc:7e:ea:37:18,moto edge 50 neo_3238,6,-62.5,2.14,-62.5,6,2.14
4,18,34:e8:94:10:7d:fa,Hall of Fame,1,-79.0,0.0,-79.0,1,0.0
4,18,5a:d6:bc:29:37:4c,AndroidAP,1,-81.0,0.0,-81.0,1,0.0
4,18,5c:e9:31:22:bb:0a,,1,-80.0,0.0,-80.0,1,0.0
4,18,26:2f:d0:88:39:a2,IAC,1,-71.0,0.0,-71.0,1,0.0
4,18,5e:a9:31:22:bb:0a,CSE-LAB,1,-80.0,0.0,-80.0,1,0.0
4,18,5e:a9:31:22:be:d6,CSE-LAB,1,-80.0,0.0,-80.0,1,0.0
4,18,7a:ae:58:61:a1:27,NK,1,-69.0,0.0,-69.0,1,0.0
4,18,e2:fd:30:fe:69:73,Anirban,3,-73.0,0.0,-73.0,3,0.0
4,18,34:60:f9:a1:88:56,,3,-73.0,0.0,-73.0,3,0.0
4,18,1c:61:b4:9c:7a:1a,,3,-78.0,0.0,-78.0,3,0.0
5,5,62:d5:76:41:44:83,Pixel,5,-59.4,1.74,-59.4,5,1.74
5,5,2c:fe:e2:59:d0:c2,Horion_e9,5,-74.0,4.29,-73.0,3,0.0
5,5,34:60:f9:a1:88:63,,4,-88.5,0.87,-88.5,4,0.87
5,5,bc:22:28:21:09:24,CSE-205,2,-61.5,7.5,-61.5,2,7.5
5,5,bc:22:28:21:09:22,,4,-70.25,3.9,-70.25,4,3.9
5,5,bc:22:28:21:09:21,,5,-70.2,3.49,-68.5,4,0.87
5,5,30:b5:c2:ea:5b:44,DataLab@BUET,4,-60.5,4.33,-60.5,4,4.33
5,5,56:f1:5f:2e:f3:7a,Horion_yj,1,-72.0,0.0,-72.0,1,0.0
5,5,1a:50:a7:f3:20:79,DoYouKnow ,5,-86.6,1.96,-87.0,3,0.0
5,5,7a:ae:58:61:a1:27,NK,1,-72.0,0.0,-72.0,1,0.0
5,5,c6:10:ef:ee:57:ec,pixel,5,-77.2,1.6,-77.0,3,0.0
5,5,36:62:f9:a1:88:63,CSE OFFICE,4,-85.5,2.6,-85.5,4,2.6
5,5,4e:e8:ef:1a:c1:95,Mahdi,5,-34.8,0.98,-34.8,5,0.98
5,5,3e:92:f7:29:0d:11,Abrar Zahin's Galaxy A33 5G,1,-45.0,0.0,-45.0,1,0.0
5,5,7a:ec:99:a0:87:01,Abhishek's A55,4,-55.5,2.6,-55.5,4,2.6
5,5,da:55:41:3a:44:5b,Ara,1,-64.0,0.0,-64.0,1,0.0
5,5,00:22:b0:05:f3:bc,CSE-204,1,-65.0,0.0,-65.0,1,0.0
5,5,1c:61:b4:9c:7a:1a,,1,-81.0,0.0,-81.0,1,0.0
5,5,c2:3b:04:a2:01:1f,getIP().hackDevice(),1,-76.0,0.0,-76.0,1,0.0
5,5,8e:fa:5f:79:06:05,Ei j eta amar wifi,4,-70.25,1.3,-70.25,4,1.3
5,5,c6:ef:10:ee:57:ec,pixel,3,-79.0,0.0,-79.0,3,0.0
5,5,60:63:4c:31:37:40,CSE-303,3,-63.0,0.0,-63.0,3,0.0
5,5,12:38:f1:f0:25:6e,OPPO F21 Pro,3,-58.0,0.0,-58.0,3,0.0
5,5,34:60:f9:a1:88:57,,3,-90.0,0.0,-90.0,3,0.0
6,18,62:d5:76:41:44:83,Pixel,18,-72.56,2.52,-72.56,18,2.52
6,18,34:60:f9:a1:88:62,,15,-70.33,5.08,-70.33,15,5.08
6,18,2c:fe:e2:59:d0:c2,Horion_e9,18,-72.89,4.85,-72.18,17,3.97
6,18,bc:22:28:21:09:24,CSE-205,6,-64.33,2.49,-65.0,4,0.0
6,18,bc:22:28:21:09:22,,9,-70.56,4.19,-70.56,9,4.19
6,18,bc:22:28:21:09:21,,4,-73.0,0.0,-73.0,4,0.0
6,18,ba:61:33:5d:51:8b,Oggy,17,-72.65,3.32,-72.65,17,3.32
6,18,30:b5:c2:ea:5b:44,DataLab@BUET,16,-67.19,2.24,-67.19,16,2.24
6,18,7a:ec:99:a0:87:01,Abhishek's A55,18,-60.44,7.58,-58.56,16,5.66
6,18,fe:a6:d1:4e:1c:86,narzo 50,4,-74.0,0.0,-74.0,4,0.0
6,18,1c:61:b4:9c:7a:1a,,4,-80.0,0.0,-80.0,4,0.0
6,18,60:63:4c:31:37:40,CSE-303,17,-70.59,3.07,-70.59,17,3.07
6,18,1e:61:b4:ac:7a:1a,CSE-306BL,4,-78.0,0.0,-78.0,4,0.0
6,18,18:0f:76:c3:06:8d,CSE-304,4,-76.0,0.0,-76.0,4,0.0
6,18,46:c4:90:f1:0a:2a,Galaxy S23 Ultra 8407,9,-70.89,2.13,-70.89,9,2.13
6,18,c6:10:ef:ee:57:ec,pixel,18,-78.11,3.28,-78.11,18,3.28
6,18,96:21:ee:e2:9f:97,Tanvir,9,-68.11,3.14,-69.0,6,1.15
6,18,4e:e8:ef:1a:c1:95,Mahdi,18,-39.33,6.72,-38.0,13,0.0
6,18,c2:3b:04:a2:01:1f,getIP().hackDevice(),18,-77.83,3.64,-78.08,12,0.86
6,18,8e:94:a9:8d:65:5b,vivo Y27s,10,-78.8,2.4,-78.0,9,0.0
6,18,1a:aa:2b:0a:98:c9,Ekta hotspot,4,-73.25,1.64,-73.25,4,1.64
6,18,da:55:41:3a:44:5b,Ara,11,-74.45,1.23,-75.0,9,0.0
6,18,7a:ae:58:61:a1:27,NK,1,-79.0,0.0,-79.0,1,0.0
6,18,12:38:f1:f0:25:6e,OPPO F21 Pro,14,-67.21,3.82,-67.0,9,0.0
6,18,aa:dc:7e:ea:37:18,moto edge 50 neo_3238,2,-74.5,1.5,-74.5,2,1.5
6,18,8e:fa:5f:79:06:05,Ei j eta amar wifi,13,-76.54,2.02,-76.0,9,0.0
6,18,76:75:55:f3:a7:bd,Redmi Note 13 Pro,2,-79.0,3.0,-79.0,2,3.0
6,18,36:20:f9:a1:88:56,CSE OFFICE,12,-76.17,1.72,-76.0,9,0.0
6,18,36:20:f9:a1:88:62,CSE OFFICE,11,-73.27,0.62,-73.0,9,0.0
6,18,c2:c4:fb:a2:01:1f,getIP().hackDevice(),2,-76.0,3.0,-76.0,2,3.0
6,18,42:91:83:46:e0:61,Churoot,12,-61.33,2.01,-61.0,9,0.0
6,18,56:f1:5f:2e:db:20,Horion_j6,9,-84.0,0.0,-84.0,9,0.0
6,18,36:20:f9:a1:8b:8e,CSE OFFICE,9,-80.0,0.0,-80.0,9,0.0
6,18,34:60:f9:a1:88:56,,10,-73.0,0.0,-73.0,10,0.0
6,18,34:60:f9:a1:8b:8e,,1,-81.0,0.0,-81.0,1,0.0
6,18,56:f1:5f:2e:f3:7a,Horion_yj,1,-80.0,0.0,-80.0,1,0.0
6,18,52:29:6f:70:e8:02,Shakshor,1,-87.0,0.0,-87.0,1,0.0
6,18,8a:c6:f0:bb:61:49,amim,1,-71.0,0.0,-71.0,1,0.0
6,18,36:62:f9:a1:88:63,CSE OFFICE,1,-87.0,0.0,-87.0,1,0.0
6,18,f4:8c:eb:c5:c7:aa,EMC-504,1,-82.0,0.0,-82.0,1,0.0
6,18,10:62:eb:1a:0c:09,Room 914,1,-85.0,0.0,-85.0,1,0.0
6,18,00:22:b0:05:f3:bc,CSE-204,1,-70.0,0.0,-70.0,1,0.0
7,18,3e:92:f7:29:0d:11,Abrar Zahin's Galaxy A33 5G,9,-64.22,5.03,-64.22,9,5.03
7,18,2c:fe:e2:59:d0:c2,Horion_e9,18,-77.94,3.76,-77.94,18,3.76
7,18,f6:6b:65:56:e4:88,realme 10,3,-68.33,1.7,-68.33,3,1.7
7,18,36:62:f9:a1:88:63,CSE OFFICE,14,-91.07,1.44,-91.38,13,0.92
7,18,4e:e8:ef:1a:c1:95,Mahdi,16,-56.75,2.77,-57.85,13,1.75
7,18,c2:3b:04:a2:01:1f,getIP().hackDevice(),18,-61.39,5.52,-61.39,18,5.52
7,18,62:d5:76:41:44:83,Pixel,18,-74.22,3.39,-74.22,18,3.39
7,18,1a:aa:2b:0a:98:c9,Ekta hotspot,1,-79.0,0.0,-79.0,1,0.0
7,18,30:b5:c2:ea:5b:44,DataLab@BUET,15,-61.87,2.8,-61.87,15,2.8
7,18,7a:ec:99:a0:87:01,Abhishek's A55,17,-67.06,5.83,-67.06,17,5.83
7,18,c6:10:ef:ee:57:ec,pixel,18,-62.83,3.79,-62.83,18,3.79
7,18,12:38:f1:f0:25:6e,OPPO F21 Pro,4,-70.0,1.73,-70.0,4,1.73
7,18,ee:ec:4e:98:5f:81,,1,-77.0,0.0,-77.0,1,0.0
7,18,ba:61:33:5d:51:8b,Oggy,15,-68.53,2.75,-68.53,15,2.75
7,18,60:63:4c:31:37:40,CSE-303,11,-64.45,2.31,-64.45,11,2.31
7,18,5c:e9:31:22:bb:0a,,1,-69.0,0.0,-69.0,1,0.0
7,18,46:c4:90:f1:0a:2a,Galaxy S23 Ultra 8407,2,-74.0,2.0,-74.0,2,2.0
7,18,c2:c4:fb:a2:01:1f,getIP().hackDevice(),7,-70.71,5.12,-70.71,7,5.12
7,18,02:59:d2:85:5e:aa,Omi,3,-92.0,0.82,-92.0,3,0.82
7,18,02:a8:9b:f6:4d:ca,,1,-92.0,0.0,-92.0,1,0.0
7,18,8a:c6:f0:bb:61:49,amim,6,-74.33,1.25,-74.0,4,0.0
7,18,36:20:f9:a1:88:62,CSE OFFICE,1,-76.0,0.0,-76.0,1,0.0
7,18,bc:62:ce:6a:3a:2a,RBH 204,1,-83.0,0.0,-83.0,1,0.0
7,18,76:75:55:f3:a7:bd,Redmi Note 13 Pro,4,-77.5,2.6,-77.5,4,2.6
7,18,36:62:f9:a1:88:57,CSE OFFICE,10,-89.8,2.18,-89.8,10,2.18
7,18,34:60:f9:a1:88:57,,9,-91.56,2.06,-91.56,9,2.06
7,18,34:60:f9:a1:88:63,,9,-90.78,1.99,-91.38,8,1.11
7,18,bc:22:28:21:09:22,,8,-64.25,4.68,-64.25,8,4.68
7,18,bc:22:28:21:09:21,,9,-65.67,3.23,-65.67,9,3.23
7,18,36:20:f9:a1:88:56,CSE OFFICE,1,-70.0,0.0,-70.0,1,0.0
7,18,7a:ae:58:61:a1:27,NK,1,-73.0,0.0,-73.0,1,0.0
7,18,00:22:b0:05:f3:bc,CSE-204,1,-76.0,0.0,-76.0,1,0.0
7,18,96:21:ee:e2:9f:97,Tanvir,4,-79.5,0.87,-79.5,4,0.87
7,18,fa:b5:62:5b:af:73,Redmi Note 10S,1,-79.0,0.0,-79.0,1,0.0
7,18,c6:ef:10:ee:57:ec,pixel,4,-72.75,0.43,-72.75,4,0.43
7,18,aa:dc:7e:ea:37:18,moto edge 50 neo_3238,3,-78.0,0.0,-78.0,3,0.0
7,18,e6:03:58:bb:71:13,Norse Network,3,-85.0,0.0,-85.0,3,0.0
8,18,62:d5:76:41:44:83,Pixel,18,-73.78,3.63,-73.78,18,3.63
8,18,2c:fe:e2:59:d0:c2,Horion_e9,18,-76.22,1.51,-76.22,18,1.51
8,18,36:62:f9:a1:88:57,CSE OFFICE,3,-93.0,0.0,-93.0,3,0.0
8,18,ba:61:33:5d:51:8b,Oggy,11,-67.82,2.66,-67.82,11,2.66
8,18,00:22:b0:05:f3:bc,CSE-204,17,-63.18,3.03,-62.2,15,1.51
8,18,60:63:4c:31:37:40,CSE-303,3,-61.0,0.82,-61.0,3,0.82
8,18,7a:ae:58:61:a1:27,NK,12,-70.25,2.17,-69.82,11,1.7
8,18,c6:10:ef:ee:57:ec,pixel,18,-67.89,2.54,-67.89,18,2.54
8,18,ee:ec:4e:98:5f:81,,11,-84.36,2.6,-84.36,11,2.6
8,18,36:62:f9:a1:88:63,CSE OFFICE,5,-90.2,1.6,-90.2,5,1.6
8,18,4e:e8:ef:1a:c1:95,Mahdi,16,-63.19,3.96,-64.85,13,2.14
8,18,aa:dc:7e:ea:37:18,moto edge 50 neo_3238,12,-71.25,3.19,-71.5,10,1.43
8,18,60:63:4c:31:37:48,dlink,18,-89.0,1.29,-89.0,18,1.29
8,18,34:60:f9:a1:88:63,,1,-92.0,0.0,-92.0,1,0.0
8,18,bc:22:28:21:09:22,,3,-63.67,2.87,-63.67,3,2.87
8,18,bc:22:28:21:09:21,,4,-66.25,3.7,-66.25,4,3.7
8,18,18:0f:76:c3:06:8d,CSE-304,10,-74.1,1.64,-74.1,10,1.64
8,18,12:38:f1:f0:25:6e,OPPO F21 Pro,1,-68.0,0.0,-68.0,1,0.0
8,18,34:60:f9:a1:88:57,,2,-93.5,0.5,-93.5,2,0.5
8,18,1a:aa:2b:0a:98:c9,Ekta hotspot,4,-76.25,1.3,-76.25,4,1.3
8,18,7a:ec:99:a0:87:01,Abhishek's A55,9,-64.22,2.1,-64.22,9,2.1
8,18,56:f1:5f:2e:f3:7a,Horion_yj,6,-76.17,3.18,-74.8,5,0.98
8,18,5a:e6:b4:de:a1:ae,realme 9,4,-70.5,2.6,-70.5,4,2.6
8,18,bc:62:ce:6a:3a:2a,RBH 204,4,-80.25,0.43,-80.25,4,0.43
8,18,8a:c6:f0:bb:61:49,amim,3,-75.0,0.0,-75.0,3,0.0
8,18,34:60:f9:a1:88:56,,6,-69.5,2.5,-69.5,6,2.5
8,18,8e:fa:5f:79:06:05,Ei j eta amar wifi,2,-78.0,0.0,-78.0,2,0.0
8,18,8e:94:a9:8d:65:5b,vivo Y27s,9,-60.33,6.13,-60.33,9,6.13
8,18,36:20:f9:a1:88:56,CSE OFFICE,3,-63.0,0.0,-63.0,3,0.0
8,18,30:b5:c2:ea:5b:44,DataLab@BUET,5,-62.2,3.92,-62.2,5,3.92
8,18,0a:54:a5:5f:17:37,Galaxy S22C48A,3,-74.0,0.0,-74.0,3,0.0
8,18,02:59:d2:85:5e:aa,Omi,3,-90.0,0.0,-90.0,3,0.0
8,18,26:e4:72:86:6b:66,Torr20-tab,3,-92.0,0.0,-92.0,3,0.0
8,18,e2:fd:30:fe:69:73,Anirban,3,-75.0,0.0,-75.0,3,0.0
8,18,96:26:00:ef:b2:d5,AlAmin,3,-81.0,0.0,-81.0,3,0.0
8,18,36:20:f9:a1:88:62,CSE OFFICE,3,-69.0,0.0,-69.0,3,0.0
8,18,1a:50:a7:f3:20:79,DoYouKnow ,1,-90.0,0.0,-90.0,1,0.0
9,18,2c:fe:e2:59:d0:c2,Horion_e9,18,-77.44,3.34,-75.79,14,1.37
9,18,ba:61:33:5d:51:8b,Oggy,15,-66.0,3.25,-66.0,15,3.25
9,18,3e:4c:aa:f9:d8:98,VoSSS,11,-72.73,1.6,-72.0,9,0.0
9,18,56:f1:5f:2e:f3:7a,Horion_yj,18,-77.67,1.49,-78.0,10,0.0
9,18,e2:fd:30:fe:69:73,Anirban,17,-75.76,3.37,-74.43,14,1.92
9,18,c2:3b:04:a2:01:1f,getIP().hackDevice(),13,-82.54,4.09,-83.33,12,3.14
9,18,62:d5:76:41:44:83,Pixel,15,-69.07,4.06,-70.0,9,0.0
9,18,30:b5:c2:ea:5b:44,DataLab@BUET,12,-59.08,1.04,-59.0,10,0.0
9,18,7a:ec:99:a0:87:01,Abhishek's A55,18,-58.67,5.6,-59.35,17,4.97
9,18,7a:ae:58:61:a1:27,NK,2,-66.5,5.5,-66.5,2,5.5
9,18,c6:10:ef:ee:57:ec,pixel,18,-69.0,2.62,-68.67,12,0.62
9,18,96:21:ee:e2:9f:97,Tanvir,6,-72.33,3.3,-72.33,6,3.3
9,18,8e:fa:5f:79:06:05,Ei j eta amar wifi,18,-68.94,2.22,-68.94,18,2.22
9,18,3e:92:f7:29:0d:11,Abrar Zahin's Galaxy A33 5G,17,-45.24,5.59,-47.42,12,1.19
9,18,36:62:f9:a1:88:63,CSE OFFICE,6,-90.67,2.49,-90.0,4,0.0
9,18,34:60:f9:a1:88:63,,2,-92.0,2.0,-92.0,2,2.0
9,18,36:62:f9:a1:88:57,CSE OFFICE,6,-91.17,2.54,-91.17,6,2.54
9,18,bc:22:28:21:09:22,,2,-67.0,9.0,-67.0,2,9.0
9,18,bc:22:28:21:09:21,,2,-65.5,9.5,-65.5,2,9.5
9,18,46:c4:90:f1:0a:2a,Galaxy S23 Ultra 8407,15,-69.33,1.25,-69.0,14,0.0
9,18,24:2f:d0:88:39:a2,,1,-81.0,0.0,-81.0,1,0.0
9,18,34:60:f9:a1:88:57,,1,-92.0,0.0,-92.0,1,0.0
9,18,60:63:4c:31:37:40,CSE-303,9,-73.0,0.0,-73.0,9,0.0
9,18,76:75:55:f3:a7:bd,Redmi Note 13 Pro,9,-65.0,0.0,-65.0,9,0.0
9,18,e6:03:58:bb:71:13,Norse Network,9,-82.0,0.0,-82.0,9,0.0
9,18,5e:75:bf:7f:f2:e4,realme 9 Pro 5G,10,-73.2,0.6,-73.0,9,0.0
9,18,4e:1d:99:39:cc:3e,Galaxy A324007,6,-78.5,0.76,-78.2,5,0.4
9,18,36:20:f9:a1:88:62,CSE OFFICE,1,-72.0,0.0,-72.0,1,0.0
9,18,bc:22:28:21:09:24,CSE-205,5,-61.2,0.98,-61.2,5,0.98
9,18,00:22:b0:05:f3:bc,CSE-204,3,-61.0,4.32,-61.0,3,4.32
9,18,ee:ec:4e:98:5f:81,,5,-80.6,5.64,-80.6,5,5.64
9,18,8a:c6:f0:bb:61:49,amim,1,-62.0,0.0,-62.0,1,0.0
9,18,1a:aa:2b:0a:98:c9,Ekta hotspot,1,-70.0,0.0,-70.0,1,0.0
9,18,8e:94:a9:8d:65:5b,vivo Y27s,1,-69.0,0.0,-69.0,1,0.0
9,18,0a:54:a5:5f:17:37,Galaxy S22C48A,4,-69.0,5.2,-69.0,4,5.2
9,18,02:59:d2:85:5e:aa,Omi,3,-95.0,0.0,-95.0,3,0.0
9,18,1c:61:b4:9c:7a:1a,,3,-87.0,0.0,-87.0,3,0.0
10,18,62:d5:76:41:44:83,Pixel,18,-76.5,2.03,-76.5,18,2.03
10,18,8e:94:a9:8d:65:5b,vivo Y27s,4,-70.0,2.0,-70.0,4,2.0
10,18,2c:fe:e2:59:d0:c2,Horion_e9,18,-74.22,3.33,-74.22,18,3.33
10,18,7a:ec:99:a0:87:01,Abhishek's A55,9,-68.11,4.07,-68.11,9,4.07
10,18,00:22:b0:05:f3:bc,CSE-204,18,-63.22,2.15,-63.22,18,2.15
10,18,1a:50:a7:f3:20:79,DoYouKnow ,13,-86.38,2.37,-86.38,13,2.37
10,18,60:63:4c:31:37:40,CSE-303,11,-63.91,1.44,-63.91,11,1.44
10,18,18:0f:76:c3:06:8d,CSE-304,5,-75.2,1.83,-75.2,5,1.83
10,18,c6:10:ef:ee:57:ec,pixel,18,-70.44,4.35,-69.59,17,2.61
10,18,ee:ec:4e:98:5f:81,,5,-89.6,0.49,-89.6,5,0.49
10,18,4e:e8:ef:1a:c1:95,Mahdi,14,-64.64,2.44,-64.15,13,1.75
10,18,aa:dc:7e:ea:37:18,moto edge 50 neo_3238,5,-69.0,5.37,-69.0,5,5.37
10,18,60:63:4c:31:37:48,dlink,18,-87.39,2.0,-87.39,18,2.0
10,18,3e:92:f7:29:0d:11,Abrar Zahin's Galaxy A33 5G,6,-67.0,6.4,-67.0,6,6.4
10,18,ba:61:33:5d:51:8b,Oggy,11,-70.73,3.54,-70.73,11,3.54
10,18,30:b5:c2:ea:5b:44,DataLab@BUET,10,-62.3,3.87,-62.3,10,3.87
10,18,56:f1:5f:2e:f3:7a,Horion_yj,4,-83.25,3.77,-83.25,4,3.77
10,18,8a:c6:f0:bb:61:49,amim,3,-73.0,1.41,-73.0,3,1.41
10,18,96:21:ee:e2:9f:97,Tanvir,5,-79.8,3.43,-79.8,5,3.43
10,18,34:60:f9:a1:88:56,,3,-66.67,1.89,-66.67,3,1.89
10,18,5c:e8:d3:0a:1e:e0,Free,2,-79.0,0.0,-79.0,2,0.0
10,18,34:60:f9:a1:88:63,,5,-88.6,1.2,-88.6,5,1.2
10,18,bc:22:28:21:09:22,,6,-65.0,3.16,-66.4,5,0.49
10,18,bc:22:28:21:09:21,,5,-64.2,2.4,-64.2,5,2.4
10,18,36:20:f9:a1:88:56,CSE OFFICE,3,-59.33,4.71,-59.33,3,4.71
10,18,02:df:3b:f6:97:11,CSE 9,2,-74.0,0.0,-74.0,2,0.0
10,18,7a:ae:58:61:a1:27,NK,12,-66.25,3.74,-64.7,10,1.55
10,18,5a:e6:b4:de:a1:ae,realme 9,8,-68.75,1.2,-68.75,8,1.2
10,18,46:c4:90:f1:0a:2a,Galaxy S23 Ultra 8407,4,-78.25,3.34,-78.25,4,3.34
10,18,36:62:f9:a1:88:63,CSE OFFICE,6,-87.83,1.86,-87.83,6,1.86
10,18,34:60:f9:a1:88:57,,4,-88.0,2.0,-88.0,4,2.0
10,18,36:62:f9:a1:88:57,CSE OFFICE,6,-89.17,2.97,-89.17,6,2.97
10,18,10:62:eb:77:b7:42,CSE-G04,1,-73.0,0.0,-73.0,1,0.0
10,18,0a:54:a5:5f:17:37,Galaxy S22C48A,3,-75.67,3.4,-75.67,3,3.4
10,18,76:75:55:f3:a7:bd,Redmi Note 13 Pro,2,-69.5,6.5,-69.5,2,6.5
10,18,6a:66:d2:07:a3:61,Juice Pila do. Mosambi Ka! 🥹,4,-73.75,2.86,-73.75,4,2.86
10,18,e2:fd:30:fe:69:73,Anirban,1,-80.0,0.0,-80.0,1,0.0
10,18,bc:22:28:21:09:24,CSE-205,7,-64.29,2.19,-64.29,7,2.19
10,18,26:e4:72:86:6b:66,Torr20-tab,1,-93.0,0.0,-93.0,1,0.0
10,18,bc:22:28:21:55:6e,CSE-104,1,-84.0,0.0,-84.0,1,0.0
10,18,fa:b5:62:5b:af:73,Redmi Note 10S,3,-68.67,1.89,-68.67,3,1.89
10,18,1a:aa:2b:0a:98:c9,Ekta hotspot,1,-77.0,0.0,-77.0,1,0.0
10,18,bc:62:ce:6a:3a:2a,RBH 204,1,-79.0,0.0,-79.0,1,0.0
10,18,1c:61:b4:9c:79:f2,,2,-78.0,0.0,-78.0,2,0.0
10,18,1e:61:b4:ac:79:f2,CSE-306BL,3,-73.0,0.0,-73.0,3,0.0
10,18,5a:d6:bc:29:37:4c,AndroidAP,1,-81.0,0.0,-81.0,1,0.0
10,18,da:55:41:3a:44:5b,Ara,1,-58.0,0.0,-58.0,1,0.0
10,18,12:38:f1:f0:25:6e,OPPO F21 Pro,1,-74.0,0.0,-74.0,1,0.0
11,18,8e:94:a9:8d:65:5b,vivo Y27s,12,-69.5,6.06,-66.0,9,0.0
11,18,2c:fe:e2:59:d0:c2,Horion_e9,18,-73.33,3.5,-73.33,18,3.5
11,18,8a:c6:f0:bb:61:49,amim,18,-64.67,3.9,-64.67,18,3.9
11,18,60:63:4c:31:37:48,dlink,18,-83.33,1.7,-83.33,18,1.7
11,18,1a:aa:2b:0a:98:c9,Ekta hotspot,18,-70.67,1.89,-70.67,18,1.89
11,18,c6:ef:10:ee:57:ec,pixel,6,-65.5,9.5,-65.5,6,9.5
11,18,5a:e6:b4:de:a1:ae,realme 9,18,-75.83,3.98,-75.83,18,3.98
11,18,c6:10:ef:ee:57:ec,pixel,18,-61.17,3.13,-60.0,15,1.9
11,18,02:df:3b:f6:97:11,CSE 9,6,-68.0,11.0,-68.0,6,11.0
11,18,c2:3b:04:a2:01:1f,getIP().hackDevice(),18,-77.83,2.11,-77.83,18,2.11
11,18,aa:dc:7e:ea:37:18,moto edge 50 neo_3238,18,-60.5,0.96,-60.5,18,0.96
11,18,62:d5:76:41:44:83,Pixel,18,-67.67,2.87,-67.67,18,2.87
11,18,00:22:b0:05:f3:bc,CSE-204,18,-71.33,3.5,-71.33,18,3.5
11,18,7a:ae:58:61:a1:27,NK,18,-67.5,0.96,-67.5,18,0.96
11,18,18:0f:76:c3:06:8d,CSE-304,18,-70.0,2.31,-69.0,15,0.63
11,18,10:62:eb:77:b7:42,CSE-G04,18,-69.33,1.37,-69.33,18,1.37
11,18,6a:66:d2:07:a3:61,Juice Pila do. Mosambi Ka! 🥹,12,-72.0,0.71,-72.0,12,0.71
11,18,46:c4:90:f1:0a:2a,Galaxy S23 Ultra 8407,15,-58.4,2.33,-58.4,15,2.33
11,18,8e:fa:5f:79:06:05,Ei j eta amar wifi,9,-58.33,1.89,-58.33,9,1.89
11,18,c2:c4:fb:a2:01:1f,getIP().hackDevice(),12,-75.25,8.38,-75.25,12,8.38
11,18,4e:e8:ef:1a:c1:95,Mahdi,9,-57.0,0.0,-57.0,9,0.0
11,18,bc:62:ce:6a:3a:2a,RBH 204,12,-75.25,3.03,-77.0,9,0.0
11,18,7a:ec:99:a0:87:01,Abhishek's A55,6,-51.0,0.0,-51.0,6,0.0
11,18,f4:8c:eb:c5:c7:aa,EMC-504,3,-72.0,0.0,-72.0,3,0.0
11,18,ee:ec:4e:98:5f:81,,3,-79.0,0.0,-79.0,3,0.0
11,18,fe:a6:d1:4e:1c:86,narzo 50,6,-70.5,4.5,-70.5,6,4.5
11,18,12:38:f1:f0:25:6e,OPPO F21 Pro,3,-57.0,0.0,-57.0,3,0.0
11,18,96:21:ee:e2:9f:97,Tanvir,6,-67.0,2.0,-67.0,6,2.0
11,18,36:62:f9:a1:88:63,CSE OFFICE,3,-83.0,0.0,-83.0,3,0.0
11,18,56:77:3d:1c:98:93,Redmi 11 Prime,3,-82.0,0.0,-82.0,3,0.0
12,18,8e:94:a9:8d:65:5b,vivo Y27s,1,-62.0,0.0,-62.0,1,0.0
12,18,2c:fe:e2:59:d0:c2,Horion_e9,18,-74.89,1.97,-75.86,14,0.35
12,18,56:f1:5f:2e:f3:7a,Horion_yj,4,-73.75,1.3,-73.75,4,1.3
12,18,8a:c6:f0:bb:61:49,amim,17,-53.18,1.65,-52.88,16,1.17
12,18,34:60:f9:a1:88:57,,6,-90.17,1.21,-90.17,6,1.21
12,18,1a:aa:2b:0a:98:c9,Ekta hotspot,1,-68.0,0.0,-68.0,1,0.0
12,18,34:60:f9:a1:88:63,,18,-89.39,0.83,-89.53,17,0.61
12,18,c6:ef:10:ee:57:ec,pixel,12,-54.67,1.18,-55.0,9,0.0
12,18,46:c4:90:f1:0a:2a,Galaxy S23 Ultra 8407,2,-74.5,0.5,-74.5,2,0.5
12,18,c6:10:ef:ee:57:ec,pixel,9,-50.22,4.05,-50.22,9,4.05
12,18,ee:ec:4e:98:5f:81,,2,-85.0,1.0,-85.0,2,1.0
12,18,0a:54:a5:5f:17:37,Galaxy S22C48A,10,-69.7,2.1,-69.0,9,0.0
12,18,8e:fa:5f:79:06:05,Ei j eta amar wifi,7,-63.43,4.07,-63.43,7,4.07
12,18,ba:61:33:5d:51:8b,Oggy,4,-59.25,2.28,-59.25,4,2.28
12,18,36:62:f9:a1:88:63,CSE OFFICE,18,-88.94,1.54,-88.33,15,0.7
12,18,4e:e8:ef:1a:c1:95,Mahdi,17,-53.59,2.72,-52.43,14,0.62
12,18,aa:dc:7e:ea:37:18,moto edge 50 neo_3238,2,-67.0,3.0,-67.0,2,3.0
12,18,26:2f:d0:88:39:a2,IAC,1,-73.0,0.0,-73.0,1,0.0
12,18,bc:22:28:21:09:24,CSE-205,14,-61.57,1.35,-61.0,11,0.0
12,18,bc:22:28:21:09:21,,18,-68.94,2.34,-69.19,16,1.07
12,18,7a:ec:99:a0:87:01,Abhishek's A55,13,-53.0,2.32,-52.0,9,0.0
12,18,7a:ae:58:61:a1:27,NK,3,-66.67,2.62,-66.67,3,2.62
12,18,60:63:4c:31:37:40,CSE-303,15,-62.53,2.58,-62.0,10,0.0
12,18,12:38:f1:f0:25:6e,OPPO F21 Pro,2,-70.0,5.0,-70.0,2,5.0
12,18,36:20:f9:a1:88:62,CSE OFFICE,10,-65.1,0.3,-65.0,9,0.0
12,18,c2:3b:04:a2:01:1f,getIP().hackDevice(),6,-74.67,1.37,-74.67,6,1.37
12,18,fa:b5:62:5b:af:73,Redmi Note 10S,13,-55.46,5.24,-55.46,13,5.24
12,18,5c:e9:31:22:bb:0a,,1,-67.0,0.0,-67.0,1,0.0
12,18,62:d5:76:41:44:83,Pixel,17,-66.53,2.93,-65.21,14,0.56
12,18,36:62:f9:a1:88:57,CSE OFFICE,5,-90.0,1.1,-89.5,4,0.5
12,18,bc:22:28:21:09:22,,14,-67.64,1.67,-68.0,11,0.0
12,18,3e:92:f7:29:0d:11,Abrar Zahin's Galaxy A33 5G,12,-57.58,0.95,-58.0,10,0.0
12,18,00:22:b0:05:f3:bc,CSE-204,11,-70.09,0.67,-70.0,9,0.0
12,18,5e:a9:31:22:bb:0a,CSE-LAB,1,-68.0,0.0,-68.0,1,0.0
12,18,18:0f:76:c3:06:8d,CSE-304,1,-74.0,0.0,-74.0,1,0.0
12,18,34:60:f9:a1:88:56,,9,-67.0,0.0,-67.0,9,0.0
12,18,26:e4:72:86:6b:66,Torr20-tab,9,-92.0,0.0,-92.0,9,0.0
12,18,36:20:f9:a1:88:56,CSE OFFICE,9,-69.0,0.0,-69.0,9,0.0
12,18,76:75:55:f3:a7:bd,Redmi Note 13 Pro,1,-62.0,0.0,-62.0,1,0.0
12,18,5a:e6:b4:de:a1:ae,realme 9,1,-70.0,0.0,-70.0,1,0.0
12,18,96:21:ee:e2:9f:97,Tanvir,5,-63.0,6.32,-63.0,5,6.32
12,18,34:60:f9:a1:88:62,,1,-66.0,0.0,-66.0,1,0.0
12,18,c2:c4:fb:a2:01:1f,getIP().hackDevice(),3,-60.0,0.0,-60.0,3,0.0
13,18,2c:fe:e2:59:d0:c2,Horion_e9,18,-69.89,3.09,-69.89,18,3.09
13,18,8a:c6:f0:bb:61:49,amim,2,-62.5,5.5,-62.5,2,5.5
13,18,bc:22:28:21:09:24,CSE-205,4,-60.25,0.83,-60.25,4,0.83
13,18,60:63:4c:31:37:40,CSE-303,2,-57.0,1.0,-57.0,2,1.0
13,18,7a:ae:58:61:a1:27,NK,10,-67.1,0.3,-67.0,9,0.0
13,18,c6:10:ef:ee:57:ec,pixel,18,-62.78,4.87,-62.78,18,4.87
13,18,02:59:d2:85:5e:aa,Omi,1,-92.0,0.0,-92.0,1,0.0
13,18,ba:61:33:5d:51:8b,Oggy,15,-54.6,2.47,-54.36,11,0.64
13,18,4e:e8:ef:1a:c1:95,Mahdi,18,-48.17,1.64,-48.33,15,0.87
13,18,c2:3b:04:a2:01:1f,getIP().hackDevice(),18,-74.44,2.52,-74.92,12,0.28
13,18,60:63:4c:31:37:48,dlink,14,-89.36,1.04,-89.62,13,0.49
13,18,7a:ec:99:a0:87:01,Abhishek's A55,7,-50.43,7.15,-50.43,7,7.15
13,18,36:20:f9:a1:88:56,CSE OFFICE,5,-65.6,0.8,-66.0,4,0.0
13,18,1a:50:a7:f3:20:79,DoYouKnow ,17,-87.24,0.88,-87.24,17,0.88
13,18,e2:fd:30:fe:69:73,Anirban,1,-79.0,0.0,-79.0,1,0.0
13,18,12:38:f1:f0:25:6e,OPPO F21 Pro,4,-57.5,1.8,-57.5,4,1.8
13,18,ee:ec:4e:98:5f:81,,11,-82.64,2.27,-82.0,8,0.0
13,18,0a:54:a5:5f:17:37,Galaxy S22C48A,1,-67.0,0.0,-67.0,1,0.0
13,18,96:21:ee:e2:9f:97,Tanvir,3,-70.0,4.24,-70.0,3,4.24
13,18,34:60:f9:a1:88:56,,1,-65.0,0.0,-65.0,1,0.0
13,18,bc:22:28:21:09:21,,5,-64.0,2.9,-64.0,5,2.9
13,18,36:62:f9:a1:88:63,CSE OFFICE,5,-87.2,2.04,-86.25,4,0.83
13,18,1c:61:b4:9c:79:f2,,1,-71.0,0.0,-71.0,1,0.0
13,18,8e:fa:5f:79:06:05,Ei j eta amar wifi,8,-64.38,2.64,-64.38,8,2.64
13,18,34:60:f9:a1:88:63,,4,-87.5,0.87,-87.5,4,0.87
13,18,bc:22:28:21:09:22,,5,-64.2,3.97,-64.2,5,3.97
13,18,1c:61:b4:9c:7a:1a,,4,-74.5,2.6,-74.5,4,2.6
13,18,76:75:55:f3:a7:bd,Redmi Note 13 Pro,11,-56.0,1.71,-56.4,10,1.2
13,18,1a:aa:2b:0a:98:c9,Ekta hotspot,9,-63.56,1.26,-64.0,8,0.0
13,18,fe:a6:d1:4e:1c:86,narzo 50,1,-76.0,0.0,-76.0,1,0.0
13,18,aa:dc:7e:ea:37:18,moto edge 50 neo_3238,1,-70.0,0.0,-70.0,1,0.0
13,18,3e:92:f7:29:0d:11,Abrar Zahin's Galaxy A33 5G,10,-54.2,0.98,-54.0,8,0.0
13,18,60:63:4c:31:37:60,CSE-306,8,-82.0,0.0,-82.0,8,0.0
13,18,36:20:f9:a1:88:62,CSE OFFICE,8,-67.0,0.0,-67.0,8,0.0
13,18,4e:1d:99:39:cc:3e,Galaxy A324007,1,-77.0,0.0,-77.0,1,0.0
13,18,da:55:41:3a:44:5b,Ara,3,-59.33,1.89,-59.33,3,1.89
13,18,46:c4:90:f1:0a:2a,Galaxy S23 Ultra 8407,2,-67.5,7.5,-67.5,2,7.5
13,18,c2:c4:fb:a2:01:1f,getIP().hackDevice(),2,-62.0,0.0,-62.0,2,0.0
14,18,34:60:f9:a1:88:62,,5,-75.0,2.0,-74.0,4,0.0
14,18,34:60:f9:a1:88:63,,11,-96.18,0.83,-96.4,10,0.49
14,18,30:b5:c2:ea:5b:44,DataLab@BUET,7,-69.71,1.16,-70.0,5,0.0
14,18,46:c4:90:f1:0a:2a,Galaxy S23 Ultra 8407,9,-71.78,3.08,-71.78,9,3.08
14,18,12:38:f1:f0:25:6e,OPPO F21 Pro,7,-69.71,4.8,-69.71,7,4.8
14,18,3e:92:f7:29:0d:11,Abrar Zahin's Galaxy A33 5G,12,-63.92,6.54,-63.92,12,6.54
14,18,36:62:f9:a1:88:63,CSE OFFICE,7,-94.71,0.88,-94.8,5,0.4
14,18,4e:e8:ef:1a:c1:95,Mahdi,18,-52.39,4.15,-53.62,16,2.37
14,18,62:d5:76:41:44:83,Pixel,18,-74.17,3.95,-74.62,13,0.92
14,18,bc:22:28:21:09:24,CSE-205,6,-69.67,0.94,-69.67,6,0.94
14,18,bc:22:28:21:09:21,,8,-72.38,2.78,-73.29,7,1.48
14,18,2c:fe:e2:59:d0:c2,Horion_e9,17,-82.88,4.24,-82.88,17,4.24
14,18,76:75:55:f3:a7:bd,Redmi Note 13 Pro,3,-72.33,6.13,-72.33,3,6.13
14,18,c6:10:ef:ee:57:ec,pixel,16,-76.81,3.15,-76.81,16,3.15
14,18,96:21:ee:e2:9f:97,Tanvir,11,-71.64,3.75,-71.64,11,3.75
14,18,c2:3b:04:a2:01:1f,getIP().hackDevice(),16,-80.12,3.57,-80.12,16,3.57
14,18,36:20:f9:a1:88:56,CSE OFFICE,5,-80.6,2.8,-82.0,4,0.0
14,18,7a:ec:99:a0:87:01,Abhishek's A55,16,-68.88,3.39,-69.4,15,2.8
14,18,0a:54:a5:5f:17:37,Galaxy S22C48A,1,-79.0,0.0,-79.0,1,0.0
14,18,8e:fa:5f:79:06:05,Ei j eta amar wifi,7,-73.71,3.24,-73.71,7,3.24
14,18,60:63:4c:31:37:40,CSE-303,5,-71.2,0.4,-71.0,4,0.0
14,18,bc:22:28:21:09:22,,6,-71.67,2.21,-72.6,5,0.8
14,18,1a:50:a7:f3:20:79,DoYouKnow ,5,-96.8,0.4,-97.0,4,0.0
14,18,c6:ef:10:ee:57:ec,pixel,1,-93.0,0.0,-93.0,1,0.0
14,18,4c:ed:fb:d1:5a:d8,Room-912,1,-95.0,0.0,-95.0,1,0.0
14,18,c6:99:bb:89:07:d5,Z60,1,-96.0,0.0,-96.0,1,0.0
14,18,42:91:83:46:e0:61,Churoot,5,-72.2,3.6,-74.0,4,0.0
15,18,2c:fe:e2:59:d0:c2,Horion_e9,18,-70.78,4.64,-71.31,13,0.61
15,18,1a:50:a7:f3:20:79,DoYouKnow ,13,-90.31,2.92,-91.0,9,0.0
15,18,e2:fd:30:fe:69:73,Anirban,15,-74.13,2.31,-73.0,12,0.0
15,18,60:63:4c:31:37:40,CSE-303,15,-61.6,2.3,-61.6,15,2.3
15,18,76:75:55:f3:a7:bd,Redmi Note 13 Pro,17,-54.0,4.13,-54.0,17,4.13
15,18,34:60:f9:a1:88:62,,2,-75.0,0.0,-75.0,2,0.0
15,18,30:b5:c2:ea:5b:44,DataLab@BUET,3,-67.33,7.54,-67.33,3,7.54
15,18,c6:10:ef:ee:57:ec,pixel,16,-83.44,6.3,-83.44,16,6.3
15,18,12:38:f1:f0:25:6e,OPPO F21 Pro,18,-35.28,4.27,-35.21,14,1.61
15,18,8e:fa:5f:79:06:05,Ei j eta amar wifi,14,-65.57,2.16,-65.57,14,2.16
15,18,c2:c4:fb:a2:01:1f,getIP().hackDevice(),2,-77.0,0.0,-77.0,2,0.0
15,18,52:29:6f:70:e8:02,Shakshor,15,-81.87,5.71,-80.25,12,1.3
15,18,36:62:f9:a1:88:63,CSE OFFICE,17,-89.47,0.85,-89.0,13,0.0
15,18,4e:e8:ef:1a:c1:95,Mahdi,14,-64.21,8.58,-59.91,11,1.93
15,18,c2:3b:04:a2:01:1f,getIP().hackDevice(),18,-87.22,2.42,-87.19,16,1.13
15,18,aa:dc:7e:ea:37:18,moto edge 50 neo_3238,3,-66.0,2.83,-66.0,3,2.83
15,18,62:d5:76:41:44:83,Pixel,13,-80.85,6.22,-78.0,9,0.0
15,18,bc:22:28:21:09:24,CSE-205,11,-61.82,0.39,-62.0,9,0.0
15,18,42:91:83:46:e0:61,Churoot,13,-74.85,0.86,-75.0,9,0.0
15,18,7a:ec:99:a0:87:01,Abhishek's A55,13,-60.08,3.65,-58.1,10,0.3
15,18,7a:ae:58:61:a1:27,NK,13,-60.69,6.46,-62.0,9,0.0
15,18,34:60:f9:a1:88:63,,3,-90.0,1.41,-90.0,3,1.41
15,18,5e:a9:31:22:be:d6,CSE-LAB,1,-79.0,0.0,-79.0,1,0.0
15,18,46:c4:90:f1:0a:2a,Galaxy S23 Ultra 8407,13,-67.15,5.91,-64.1,10,0.3
15,18,34:e8:94:10:7d:fa,Hall of Fame,2,-82.0,3.0,-82.0,2,3.0
15,18,3e:92:f7:29:0d:11,Abrar Zahin's Galaxy A33 5G,1,-67.0,0.0,-67.0,1,0.0
15,18,ba:61:33:5d:51:8b,Oggy,10,-68.5,1.5,-68.0,9,0.0
15,18,bc:22:28:21:09:22,,11,-61.45,3.09,-60.0,9,0.0
15,18,bc:22:28:21:09:21,,4,-68.25,2.28,-68.25,4,2.28
15,18,da:55:41:3a:44:5b,Ara,2,-72.5,0.5,-72.5,2,0.5
15,18,96:21:ee:e2:9f:97,Tanvir,2,-75.0,0.0,-75.0,2,0.0
15,18,1c:61:b4:9c:79:f2,,1,-81.0,0.0,-81.0,1,0.0
15,18,1c:61:b4:9c:7a:1a,,1,-86.0,0.0,-86.0,1,0.0
15,18,10:62:eb:77:b7:42,CSE-G04,2,-77.5,1.5,-77.5,2,1.5
15,18,56:f1:5f:2e:f3:7a,Horion_yj,11,-74.36,1.15,-74.0,10,0.0
15,18,5a:e6:b4:de:a1:ae,realme 9,9,-70.0,0.0,-70.0,9,0.0
15,18,bc:62:ce:6a:3a:2a,RBH 204,9,-71.0,0.0,-71.0,9,0.0
15,18,26:e4:72:86:6b:66,Torr20-tab,4,-90.25,2.49,-90.25,4,2.49
15,18,36:20:f9:a1:88:62,CSE OFFICE,2,-75.0,1.0,-75.0,2,1.0
15,18,00:22:b0:05:f3:bc,CSE-204,1,-79.0,0.0,-79.0,1,0.0
15,18,18:0f:76:c3:06:8d,CSE-304,2,-72.5,1.5,-72.5,2,1.5
15,18,56:77:3d:1c:98:93,Redmi 11 Prime,1,-80.0,0.0,-80.0,1,0.0
15,18,36:20:f9:a1:8b:8e,CSE OFFICE,1,-86.0,0.0,-86.0,1,0.0
15,18,fa:b5:62:5b:af:73,Redmi Note 10S,2,-79.5,2.5,-79.5,2,2.5
15,18,36:20:f9:a1:88:56,CSE OFFICE,1,-81.0,0.0,-81.0,1,0.0
15,18,1a:aa:2b:0a:98:c9,Ekta hotspot,3,-79.0,1.41,-79.0,3,1.41
15,18,60:63:4c:31:37:60,CSE-306,2,-85.0,0.0,-85.0,2,0.0
16,18,62:d5:76:41:44:83,Pixel,18,-72.61,3.86,-71.56,16,2.62
16,18,2c:fe:e2:59:d0:c2,Horion_e9,18,-81.0,3.37,-81.0,18,3.37
16,18,36:62:f9:a1:88:57,CSE OFFICE,6,-89.17,0.9,-89.17,6,0.9
16,18,bc:22:28:21:09:22,,3,-72.67,1.25,-72.67,3,1.25
16,18,bc:22:28:21:09:21,,9,-70.89,0.57,-71.0,6,0.0
16,18,ba:61:33:5d:51:8b,Oggy,13,-63.0,3.96,-63.0,13,3.96
16,18,7a:ec:99:a0:87:01,Abhishek's A55,16,-57.06,3.29,-57.06,16,3.29
16,18,c6:10:ef:ee:57:ec,pixel,16,-52.69,2.26,-52.69,16,2.26
16,18,36:62:f9:a1:88:63,CSE OFFICE,6,-91.33,1.7,-91.33,6,1.7
16,18,4e:e8:ef:1a:c1:95,Mahdi,18,-60.72,1.63,-60.72,18,1.63
16,18,c2:3b:04:a2:01:1f,getIP().hackDevice(),18,-73.78,1.62,-73.78,18,1.62
16,18,aa:dc:7e:ea:37:18,moto edge 50 neo_3238,5,-64.8,0.4,-65.0,4,0.0
16,18,60:63:4c:31:37:48,dlink,18,-85.11,1.15,-84.67,15,0.6
16,18,3e:92:f7:29:0d:11,Abrar Zahin's Galaxy A33 5G,10,-67.2,2.64,-67.2,10,2.64
16,18,36:20:f9:a1:88:62,CSE OFFICE,5,-66.8,3.19,-66.8,5,3.19
16,18,60:63:4c:31:37:40,CSE-303,5,-60.2,1.47,-60.2,5,1.47
16,18,30:b5:c2:ea:5b:44,DataLab@BUET,7,-63.71,1.48,-63.71,7,1.48
16,18,12:38:f1:f0:25:6e,OPPO F21 Pro,5,-68.0,0.0,-68.0,5,0.0
16,18,ee:ec:4e:98:5f:81,,9,-84.11,3.73,-84.11,9,3.73
16,18,fa:b5:62:5b:af:73,Redmi Note 10S,4,-66.0,0.0,-66.0,4,0.0
16,18,c2:c4:fb:a2:01:1f,getIP().hackDevice(),4,-72.0,4.0,-72.0,4,4.0
16,18,bc:22:28:21:55:6e,CSE-104,4,-82.0,0.0,-82.0,4,0.0
16,18,c6:ef:10:ee:57:ec,pixel,6,-68.33,2.49,-68.33,6,2.49
16,18,46:c4:90:f1:0a:2a,Galaxy S23 Ultra 8407,5,-75.8,2.56,-77.0,4,1.0
16,18,96:21:ee:e2:9f:97,Tanvir,2,-86.0,0.0,-86.0,2,0.0
16,18,8e:fa:5f:79:06:05,Ei j eta amar wifi,4,-72.0,1.0,-72.0,4,1.0
16,18,34:60:f9:a1:88:62,,2,-72.0,0.0,-72.0,2,0.0
16,18,36:20:f9:a1:88:56,CSE OFFICE,2,-73.0,0.0,-73.0,2,0.0
16,18,00:22:b0:05:f3:bc,CSE-204,4,-67.0,5.0,-67.0,4,5.0
16,18,8a:c6:f0:bb:61:49,amim,3,-65.67,2.36,-65.67,3,2.36
16,18,f6:6b:65:56:e4:88,realme 10,4,-72.0,1.0,-72.0,4,1.0
16,18,76:75:55:f3:a7:bd,Redmi Note 13 Pro,2,-69.0,0.0,-69.0,2,0.0
16,18,34:60:f9:a1:88:63,,5,-90.4,2.15,-90.4,5,2.15
16,18,18:0f:76:c3:06:8d,CSE-304,2,-74.0,0.0,-74.0,2,0.0
16,18,fe:a6:d1:4e:1c:86,narzo 50,2,-79.0,0.0,-79.0,2,0.0
16,18,56:f1:5f:2e:f3:7a,Horion_yj,3,-80.33,0.47,-80.33,3,0.47
16,18,5a:e6:b4:de:a1:ae,realme 9,2,-75.0,0.0,-75.0,2,0.0
16,18,1c:61:b4:9c:7a:1a,,1,-81.0,0.0,-81.0,1,0.0
16,18,34:60:f9:a1:88:57,,1,-90.0,0.0,-90.0,1,0.0
17,18,3e:92:f7:29:0d:11,Abrar Zahin's Galaxy A33 5G,5,-59.0,0.0,-59.0,5,0.0
17,18,5c:e9:31:22:bb:0a,,16,-62.0,4.18,-62.0,16,4.18
17,18,8e:94:a9:8d:65:5b,vivo Y27s,5,-61.0,0.0,-61.0,5,0.0
17,18,34:60:f9:a1:88:62,,6,-60.5,1.12,-60.0,5,0.0
17,18,2c:fe:e2:59:d0:c2,Horion_e9,18,-76.22,0.97,-76.22,18,0.97
17,18,bc:22:28:21:09:22,,6,-70.5,1.12,-71.0,5,0.0
17,18,bc:22:28:21:09:21,,7,-69.14,3.23,-70.33,6,1.49
17,18,ba:61:33:5d:51:8b,Oggy,7,-63.86,3.48,-65.0,6,2.24
17,18,7a:ec:99:a0:87:01,Abhishek's A55,18,-57.0,1.97,-57.0,18,1.97
17,18,8a:c6:f0:bb:61:49,amim,5,-64.0,0.0,-64.0,5,0.0
17,18,36:20:f9:a1:88:62,CSE OFFICE,5,-70.0,0.0,-70.0,5,0.0
17,18,46:c4:90:f1:0a:2a,Galaxy S23 Ultra 8407,6,-79.5,3.35,-81.0,5,0.0
17,18,c6:10:ef:ee:57:ec,pixel,18,-59.11,5.51,-58.29,17,4.48
17,18,4e:e8:ef:1a:c1:95,Mahdi,18,-59.61,4.84,-59.61,18,4.84
17,18,c2:3b:04:a2:01:1f,getIP().hackDevice(),18,-69.11,3.53,-69.11,18,3.53
17,18,60:63:4c:31:37:48,dlink,18,-85.72,1.56,-85.72,18,1.56
17,18,62:d5:76:41:44:83,Pixel,13,-73.31,4.41,-73.31,13,4.41
17,18,e2:fd:30:fe:69:73,Anirban,2,-78.0,0.0,-78.0,2,0.0
17,18,5e:a9:31:22:bb:0a,CSE-LAB,2,-69.0,0.0,-69.0,2,0.0
17,18,18:0f:76:c3:06:8d,CSE-304,2,-70.0,0.0,-70.0,2,0.0
17,18,5a:e6:b4:de:a1:ae,realme 9,2,-76.0,0.0,-76.0,2,0.0
17,18,36:62:f9:a1:88:63,CSE OFFICE,4,-89.5,1.5,-89.5,4,1.5
17,18,ee:ec:4e:98:5f:81,,2,-91.0,0.0,-91.0,2,0.0
17,18,aa:dc:7e:ea:37:18,moto edge 50 neo_3238,12,-62.83,4.51,-61.82,11,3.13
17,18,8e:fa:5f:79:06:05,Ei j eta amar wifi,12,-68.75,2.28,-69.0,8,0.0
17,18,4e:1d:99:39:cc:3e,Galaxy A324007,1,-81.0,0.0,-81.0,1,0.0
17,18,0a:54:a5:5f:17:37,Galaxy S22C48A,1,-75.0,0.0,-75.0,1,0.0
17,18,96:21:ee:e2:9f:97,Tanvir,2,-76.0,0.0,-76.0,2,0.0
17,18,1a:aa:2b:0a:98:c9,Ekta hotspot,2,-69.0,0.0,-69.0,2,0.0
17,18,30:b5:c2:ea:5b:44,DataLab@BUET,2,-67.0,2.0,-67.0,2,2.0
17,18,1a:50:a7:f3:20:79,DoYouKnow ,1,-89.0,0.0,-89.0,1,0.0
17,18,00:22:b0:05:f3:bc,CSE-204,1,-60.0,0.0,-60.0,1,0.0
17,18,7a:ae:58:61:a1:27,NK,1,-68.0,0.0,-68.0,1,0.0
17,18,10:62:eb:77:b7:42,CSE-G04,1,-75.0,0.0,-75.0,1,0.0
17,18,12:38:f1:f0:25:6e,OPPO F21 Pro,1,-69.0,0.0,-69.0,1,0.0
17,18,34:60:f9:a1:88:63,,1,-92.0,0.0,-92.0,1,0.0
17,18,bc:22:28:21:09:24,CSE-205,1,-64.0,0.0,-64.0,1,0.0
17,18,36:62:f9:a1:88:57,CSE OFFICE,1,-92.0,0.0,-92.0,1,0.0
17,18,c6:ef:10:ee:57:ec,pixel,1,-54.0,0.0,-54.0,1,0.0
17,18,60:63:4c:31:37:40,CSE-303,9,-58.11,0.31,-58.0,8,0.0
17,18,34:60:f9:a1:88:57,,1,-91.0,0.0,-91.0,1,0.0
17,18,c2:c4:fb:a2:01:1f,getIP().hackDevice(),8,-57.0,0.0,-57.0,8,0.0
17,18,1c:61:b4:9c:79:f2,,8,-69.0,0.0,-69.0,8,0.0
18,11,62:d5:76:41:44:83,Pixel,11,-66.18,0.39,-66.0,9,0.0
18,11,2c:fe:e2:59:d0:c2,Horion_e9,11,-73.0,0.85,-73.0,9,0.0
18,11,36:62:f9:a1:88:57,CSE OFFICE,11,-87.82,0.39,-88.0,9,0.0
18,11,bc:22:28:21:09:22,,1,-62.0,0.0,-62.0,1,0.0
18,11,bc:22:28:21:09:21,,2,-64.0,2.0,-64.0,2,2.0
18,11,5a:d6:bc:29:37:4c,AndroidAP,2,-73.0,1.0,-73.0,2,1.0
18,11,7a:ec:99:a0:87:01,Abhishek's A55,11,-65.82,0.57,-66.0,10,0.0
18,11,e2:fd:30:fe:69:73,Anirban,10,-76.7,0.9,-77.0,9,0.0
18,11,c6:ef:10:ee:57:ec,pixel,10,-72.7,0.9,-73.0,9,0.0
18,11,c6:10:ef:ee:57:ec,pixel,10,-67.8,0.6,-68.0,9,0.0
18,11,10:62:eb:77:b7:42,CSE-G04,1,-76.0,0.0,-76.0,1,0.0
18,11,36:62:f9:a1:88:63,CSE OFFICE,10,-87.0,0.45,-87.0,8,0.0
18,11,34:60:f9:a1:88:57,,2,-87.0,0.0,-87.0,2,0.0
18,11,4e:e8:ef:1a:c1:95,Mahdi,10,-59.0,1.34,-59.0,8,0.0
18,11,c2:3b:04:a2:01:1f,getIP().hackDevice(),10,-62.2,2.56,-61.0,8,0.0
18,11,34:60:f9:a1:88:62,,1,-64.0,0.0,-64.0,1,0.0
18,11,1a:aa:2b:0a:98:c9,Ekta hotspot,10,-61.8,0.6,-62.0,9,0.0
18,11,ba:61:33:5d:51:8b,Oggy,10,-57.8,0.6,-58.0,9,0.0
18,11,f6:6b:65:56:e4:88,realme 10,10,-65.7,0.9,-66.0,9,0.0
18,11,5e:a9:31:22:bb:0a,CSE-LAB,1,-64.0,0.0,-64.0,1,0.0
18,11,3e:92:f7:29:0d:11,Abrar Zahin's Galaxy A33 5G,9,-68.0,0.0,-68.0,9,0.0
18,11,34:60:f9:a1:88:63,,9,-88.0,0.0,-88.0,9,0.0
18,11,5c:e9:31:22:bb:0b,,9,-89.0,0.0,-89.0,9,0.0
18,11,1c:61:b4:9c:7a:1a,,9,-83.0,0.0,-83.0,9,0.0
18,11,8a:c6:f0:bb:61:49,amim,9,-64.0,0.0,-64.0,9,0.0
18,11,46:c4:90:f1:0a:2a,Galaxy S23 Ultra 8407,8,-74.0,0.0,-74.0,8,0.0
18,11,ee:ec:4e:98:5f:81,,8,-83.0,0.0,-83.0,8,0.0
18,11,fa:b5:62:5b:af:73,Redmi Note 10S,8,-78.0,0.0,-78.0,8,0.0
19,18,62:d5:76:41:44:83,Pixel,15,-77.07,3.02,-77.07,15,3.02
19,18,2c:fe:e2:59:d0:c2,Horion_e9,18,-76.0,2.52,-75.53,17,1.65
19,18,c2:c4:fb:a2:01:1f,getIP().hackDevice(),18,-55.39,7.99,-58.87,15,2.0
19,18,bc:22:28:21:09:22,,8,-68.75,2.73,-68.75,8,2.73
19,18,bc:22:28:21:09:21,,8,-69.25,3.46,-69.25,8,3.46
19,18,36:20:f9:a1:88:56,CSE OFFICE,8,-66.38,2.87,-66.38,8,2.87
19,18,ba:61:33:5d:51:8b,Oggy,8,-69.88,4.08,-69.88,8,4.08
19,18,02:59:d2:85:5e:aa,Omi,2,-93.0,2.0,-93.0,2,2.0
19,18,30:b5:c2:ea:5b:44,DataLab@BUET,3,-68.0,4.08,-68.0,3,4.08
19,18,7a:ec:99:a0:87:01,Abhishek's A55,14,-61.64,5.07,-61.64,14,5.07
19,18,c2:3b:04:a2:01:1f,getIP().hackDevice(),14,-48.57,3.98,-48.57,14,3.98
19,18,4e:e8:ef:1a:c1:95,Mahdi,15,-63.47,3.9,-63.47,15,3.9
19,18,34:60:f9:a1:88:57,,2,-92.0,0.0,-92.0,2,0.0
19,18,34:60:f9:a1:88:56,,11,-66.09,0.9,-66.3,10,0.64
19,18,1a:aa:2b:0a:98:c9,Ekta hotspot,1,-71.0,0.0,-71.0,1,0.0
19,18,36:62:f9:a1:88:57,CSE OFFICE,5,-92.4,0.8,-92.0,4,0.0
19,18,8a:c6:f0:bb:61:49,amim,4,-70.5,0.87,-70.5,4,0.87
19,18,c6:10:ef:ee:57:ec,pixel,17,-63.41,5.18,-63.41,17,5.18
19,18,36:62:f9:a1:88:63,CSE OFFICE,6,-92.17,0.9,-92.0,4,0.0
19,18,8e:fa:5f:79:06:05,Ei j eta amar wifi,1,-77.0,0.0,-77.0,1,0.0
19,18,fa:b5:62:5b:af:73,Redmi Note 10S,2,-82.0,3.0,-82.0,2,3.0
19,18,96:26:00:ef:b2:d5,AlAmin,5,-80.0,0.0,-80.0,5,0.0
19,18,60:63:4c:31:37:40,CSE-303,15,-65.4,3.63,-65.4,15,3.63
19,18,7a:ae:58:61:a1:27,NK,5,-69.0,0.0,-69.0,5,0.0
19,18,34:60:f9:a1:88:63,,6,-91.67,0.75,-92.0,5,0.0
19,18,3e:92:f7:29:0d:11,Abrar Zahin's Galaxy A33 5G,3,-70.0,0.0,-70.0,3,0.0
19,18,26:e4:72:86:6b:66,Torr20-tab,1,-87.0,0.0,-87.0,1,0.0
19,18,f6:6b:65:56:e4:88,realme 10,1,-80.0,0.0,-80.0,1,0.0
19,18,ee:ec:4e:98:5f:81,,1,-91.0,0.0,-91.0,1,0.0
20,18,3e:92:f7:29:0d:11,Abrar Zahin's Galaxy A33 5G,17,-58.0,2.63,-56.93,14,1.39
20,18,62:d5:76:41:44:83,Pixel,18,-57.72,5.41,-60.08,13,0.73
20,18,2c:fe:e2:59:d0:c2,Horion_e9,18,-73.72,5.33,-72.0,10,0.0
20,18,34:60:f9:a1:88:63,,12,-89.5,1.38,-90.0,10,0.0
20,18,bc:22:28:21:09:24,CSE-205,7,-57.29,2.55,-57.29,7,2.55
20,18,bc:22:28:21:09:22,,17,-61.24,3.42,-61.5,14,0.73
20,18,bc:22:28:21:09:21,,16,-60.06,2.7,-60.0,10,0.0
20,18,ba:61:33:5d:51:8b,Oggy,4,-58.5,2.29,-58.5,4,2.29
20,18,7a:ec:99:a0:87:01,Abhishek's A55,17,-56.06,5.02,-56.88,16,3.94
20,18,02:a8:9b:f6:4d:ca,,1,-87.0,0.0,-87.0,1,0.0
20,18,36:20:f9:a1:88:62,CSE OFFICE,4,-67.75,3.9,-67.75,4,3.9
20,18,60:63:4c:31:37:40,CSE-303,10,-70.4,1.8,-71.0,9,0.0
20,18,c6:10:ef:ee:57:ec,pixel,18,-71.0,3.35,-71.0,18,3.35
20,18,4e:e8:ef:1a:c1:95,Mahdi,18,-42.83,3.47,-42.0,10,0.0
20,18,c2:3b:04:a2:01:1f,getIP().hackDevice(),15,-80.67,1.89,-81.0,9,0.0
20,18,aa:dc:7e:ea:37:18,moto edge 50 neo_3238,1,-62.0,0.0,-62.0,1,0.0
20,18,8e:fa:5f:79:06:05,Ei j eta amar wifi,16,-61.31,2.31,-60.8,15,1.22
20,18,34:60:f9:a1:88:62,,1,-68.0,0.0,-68.0,1,0.0
20,18,02:59:d2:85:5e:aa,Omi,4,-88.0,0.71,-88.0,4,0.71
20,18,c6:ef:10:ee:57:ec,pixel,1,-75.0,0.0,-75.0,1,0.0
20,18,12:38:f1:f0:25:6e,OPPO F21 Pro,7,-62.86,4.73,-61.0,6,1.41
20,18,36:62:f9:a1:88:63,CSE OFFICE,15,-88.53,0.96,-88.53,15,0.96
20,18,96:21:ee:e2:9f:97,Tanvir,16,-63.94,2.51,-63.53,15,2.03
20,18,76:75:55:f3:a7:bd,Redmi Note 13 Pro,13,-65.08,1.98,-66.0,10,0.0
20,18,36:62:f9:a1:88:57,CSE OFFICE,10,-89.6,1.2,-90.0,9,0.0
20,18,8a:c6:f0:bb:61:49,amim,3,-67.33,1.25,-67.33,3,1.25
20,18,34:60:f9:a1:88:57,,1,-85.0,0.0,-85.0,1,0.0
20,18,fa:b5:62:5b:af:73,Redmi Note 10S,2,-73.0,5.0,-73.0,2,5.0
20,18,30:b5:c2:ea:5b:44,DataLab@BUET,9,-69.0,0.0,-69.0,9,0.0
20,18,5a:d6:bc:29:37:4c,AndroidAP,12,-82.25,4.76,-85.0,9,0.0
20,18,00:22:b0:05:f3:bc,CSE-204,10,-58.8,2.4,-58.0,9,0.0
20,18,e6:03:58:bb:71:13,Norse Network,9,-75.0,0.0,-75.0,9,0.0
20,18,10:62:eb:77:b7:42,CSE-G04,9,-76.0,0.0,-76.0,9,0.0
20,18,18:0f:76:c3:06:8d,CSE-304,1,-69.0,0.0,-69.0,1,0.0
20,18,46:c4:90:f1:0a:2a,Galaxy S23 Ultra 8407,2,-72.5,3.5,-72.5,2,3.5
20,18,34:60:f9:a1:88:56,,1,-66.0,0.0,-66.0,1,0.0
20,18,c2:c4:fb:a2:01:1f,getIP().hackDevice(),5,-67.2,2.86,-67.0,3,0.0
20,18,10:62:eb:1a:0c:09,Room 914,1,-75.0,0.0,-75.0,1,0.0
20,18,ee:ec:4e:98:5f:81,,1,-82.0,0.0,-82.0,1,0.0
20,18,1a:50:a7:f3:20:79,DoYouKnow ,1,-82.0,0.0,-82.0,1,0.0
20,18,0a:54:a5:5f:17:37,Galaxy S22C48A,3,-67.0,0.0,-67.0,3,0.0
21,18,2c:fe:e2:59:d0:c2,Horion_e9,18,-75.89,2.71,-75.89,18,2.71
21,18,60:63:4c:31:37:40,CSE-303,14,-55.5,2.75,-55.5,14,2.75
21,18,c6:10:ef:ee:57:ec,pixel,18,-80.78,2.92,-80.55,11,0.66
21,18,c2:3b:04:a2:01:1f,getIP().hackDevice(),17,-82.41,2.2,-82.0,16,1.5
21,18,e2:fd:30:fe:69:73,Anirban,2,-69.0,2.0,-69.0,2,2.0
21,18,5a:d6:bc:29:37:4c,AndroidAP,1,-67.0,0.0,-67.0,1,0.0
21,18,36:20:f9:a1:88:62,CSE OFFICE,12,-65.58,0.95,-65.82,11,0.57
21,18,aa:dc:7e:ea:37:18,moto edge 50 neo_3238,16,-56.12,1.96,-56.12,16,1.96
21,18,62:d5:76:41:44:83,Pixel,18,-87.17,3.95,-87.15,13,1.29
21,18,4e:e8:ef:1a:c1:95,Mahdi,5,-66.0,3.95,-64.5,4,2.87
21,18,bc:22:28:21:09:24,CSE-205,3,-57.0,1.41,-57.0,3,1.41
21,18,bc:22:28:21:09:22,,6,-62.83,4.88,-62.83,6,4.88
21,18,bc:22:28:21:09:21,,5,-61.4,4.03,-61.4,5,4.03
21,18,34:60:f9:a1:88:63,,6,-89.5,3.45,-88.0,5,0.89
21,18,12:38:f1:f0:25:6e,OPPO F21 Pro,11,-60.91,1.56,-60.22,9,0.42
21,18,8e:fa:5f:79:06:05,Ei j eta amar wifi,3,-68.0,0.0,-68.0,3,0.0
21,18,ba:61:33:5d:51:8b,Oggy,14,-57.5,3.44,-56.0,9,0.0
21,18,36:62:f9:a1:88:63,CSE OFFICE,17,-90.35,2.08,-90.35,17,2.08
21,18,7a:ec:99:a0:87:01,Abhishek's A55,5,-65.6,2.06,-65.6,5,2.06
21,18,02:a8:9b:f6:4d:ca,,1,-92.0,0.0,-92.0,1,0.0
21,18,02:59:d2:85:5e:aa,Omi,9,-94.0,0.0,-94.0,9,0.0
21,18,1a:50:a7:f3:20:79,DoYouKnow ,10,-93.6,3.67,-93.6,10,3.67
21,18,ee:ec:4e:98:5f:81,,8,-72.0,5.29,-70.0,7,0.0
21,18,56:f1:5f:2e:f3:7a,Horion_yj,7,-69.0,0.0,-69.0,7,0.0
21,18,18:0f:76:c3:06:8d,CSE-304,9,-69.0,1.41,-69.0,7,0.0
21,18,0a:54:a5:5f:17:37,Galaxy S22C48A,3,-67.67,0.94,-67.67,3,0.94
21,18,5a:e6:b4:de:a1:ae,realme 9,2,-63.5,1.5,-63.5,2,1.5
21,18,00:22:b0:05:f3:bc,CSE-204,1,-69.0,0.0,-69.0,1,0.0
21,18,d6:e6:83:e5:58:d7,Redmi Note 12 Pro,1,-80.0,0.0,-80.0,1,0.0
21,18,c6:ef:10:ee:57:ec,pixel,3,-78.0,0.0,-78.0,3,0.0
21,18,5c:e8:d3:0a:1e:e0,Free,3,-75.0,0.0,-75.0,3,0.0
21,18,96:26:00:ef:b2:d5,AlAmin,3,-79.0,0.0,-79.0,3,0.0
21,18,46:c4:90:f1:0a:2a,Galaxy S23 Ultra 8407,3,-80.0,0.0,-80.0,3,0.0
21,18,7a:ae:58:61:a1:27,NK,3,-68.0,0.0,-68.0,3,0.0
22,18,2c:fe:e2:59:d0:c2,Horion_e9,17,-62.18,1.95,-61.36,14,0.61
22,18,36:62:f9:a1:88:63,CSE OFFICE,2,-85.5,0.5,-85.5,2,0.5
22,18,4e:e8:ef:1a:c1:95,Mahdi,8,-57.12,3.66,-55.86,7,1.55
22,18,c2:3b:04:a2:01:1f,getIP().hackDevice(),5,-81.8,2.23,-82.0,3,0.0
22,18,62:d5:76:41:44:83,Pixel,6,-76.0,3.21,-74.6,5,0.8
22,18,7a:ec:99:a0:87:01,Abhishek's A55,18,-43.0,2.6,-43.0,11,0.0
22,18,c6:10:ef:ee:57:ec,pixel,17,-77.41,2.3,-77.41,17,2.3
22,18,76:75:55:f3:a7:bd,Redmi Note 13 Pro,2,-63.5,1.5,-63.5,2,1.5
22,18,1c:61:b4:9c:7a:1a,,2,-75.5,3.5,-75.5,2,3.5
22,18,7a:ae:58:61:a1:27,NK,3,-54.67,1.7,-54.67,3,1.7
22,18,8e:fa:5f:79:06:05,Ei j eta amar wifi,12,-56.5,1.19,-56.0,10,0.0
22,18,e2:fd:30:fe:69:73,Anirban,1,-71.0,0.0,-71.0,1,0.0
22,18,1e:61:b4:ac:7a:1a,CSE-306BL,1,-70.0,0.0,-70.0,1,0.0
22,18,fa:b5:62:5b:af:73,Redmi Note 10S,1,-78.0,0.0,-78.0,1,0.0
22,18,bc:22:28:21:09:22,,3,-63.33,1.25,-63.33,3,1.25
22,18,12:38:f1:f0:25:6e,OPPO F21 Pro,5,-56.4,4.45,-56.4,5,4.45
22,18,60:63:4c:31:37:40,CSE-303,5,-55.0,0.63,-55.0,3,0.0
22,18,6a:66:d2:07:a3:61,Juice Pila do. Mosambi Ka! 🥹,1,-82.0,0.0,-82.0,1,0.0
22,18,30:b5:c2:ea:5b:44,DataLab@BUET,1,-64.0,0.0,-64.0,1,0.0
22,18,bc:22:28:21:55:6e,CSE-104,1,-76.0,0.0,-76.0,1,0.0
22,18,5e:75:bf:7f:f2:e4,realme 9 Pro 5G,1,-70.0,0.0,-70.0,1,0.0
22,18,46:c4:90:f1:0a:2a,Galaxy S23 Ultra 8407,3,-68.0,0.0,-68.0,3,0.0
23,18,62:d5:76:41:44:83,Pixel,18,-81.44,3.89,-80.0,11,0.0
23,18,2c:fe:e2:59:d0:c2,Horion_e9,18,-67.67,1.7,-68.0,10,0.0
23,18,bc:22:28:21:09:24,CSE-205,12,-49.17,4.22,-47.0,9,0.0
23,18,36:20:f9:a1:88:56,CSE OFFICE,2,-67.0,1.0,-67.0,2,1.0
23,18,36:20:f9:a1:88:62,CSE OFFICE,7,-63.0,1.6,-63.0,7,1.6
23,18,60:63:4c:31:37:40,CSE-303,11,-60.82,0.57,-61.0,10,0.0
23,18,c6:10:ef:ee:57:ec,pixel,18,-75.06,4.88,-75.06,18,4.88
23,18,ee:ec:4e:98:5f:81,,11,-63.91,4.68,-66.0,9,0.0
23,18,36:62:f9:a1:88:63,CSE OFFICE,18,-87.94,2.82,-87.94,18,2.82
23,18,0a:54:a5:5f:17:37,Galaxy S22C48A,13,-65.62,2.68,-64.64,11,1.49
23,18,4e:e8:ef:1a:c1:95,Mahdi,17,-67.06,3.62,-66.21,14,1.08
23,18,c2:3b:04:a2:01:1f,getIP().hackDevice(),18,-77.89,2.6,-78.41,17,1.5
23,18,8e:94:a9:8d:65:5b,vivo Y27s,12,-53.5,4.39,-51.0,9,0.0
23,18,34:60:f9:a1:88:62,,2,-65.0,1.0,-65.0,2,1.0
23,18,bc:22:28:21:09:22,,13,-53.23,0.58,-53.0,11,0.0
23,18,7e:5d:23:fc:ca:4a,GADA ELECTRONICS,2,-70.0,0.0,-70.0,2,0.0
23,18,7a:ec:99:a0:87:01,Abhishek's A55,16,-59.19,4.26,-59.19,16,4.26
23,18,56:f1:5f:2e:f3:7a,Horion_yj,15,-71.6,3.26,-71.6,15,3.26
23,18,c6:99:bb:89:07:d5,Z60,13,-93.77,1.93,-93.77,13,1.93
23,18,56:77:3d:1c:98:93,Redmi 11 Prime,3,-64.0,2.83,-64.0,3,2.83
23,18,02:59:d2:85:5e:aa,Omi,9,-96.0,0.0,-96.0,9,0.0
23,18,5a:d6:bc:29:37:4c,AndroidAP,9,-59.0,0.0,-59.0,9,0.0
23,18,76:75:55:f3:a7:bd,Redmi Note 13 Pro,10,-74.1,2.7,-75.0,9,0.0
23,18,34:60:f9:a1:88:63,,13,-88.31,2.2,-87.45,11,0.99
23,18,bc:22:28:21:09:21,,13,-52.92,1.38,-52.92,13,1.38
23,18,00:22:b0:05:f3:bc,CSE-204,9,-78.0,0.0,-78.0,9,0.0
23,18,1c:61:b4:9c:7a:1a,,9,-78.0,0.0,-78.0,9,0.0
23,18,18:0f:76:c3:06:8d,CSE-304,9,-65.0,0.0,-65.0,9,0.0
23,18,7a:ae:58:61:a1:27,NK,10,-66.0,0.0,-66.0,10,0.0
23,18,1a:50:a7:f3:20:79,DoYouKnow ,3,-83.33,4.71,-83.33,3,4.71
23,18,5a:e6:b4:de:a1:ae,realme 9,2,-64.0,2.0,-64.0,2,2.0
23,18,d6:e6:83:e5:58:d7,Redmi Note 12 Pro,1,-76.0,0.0,-76.0,1,0.0
23,18,aa:dc:7e:ea:37:18,moto edge 50 neo_3238,3,-64.67,0.47,-64.67,3,0.47
23,18,30:b5:c2:ea:5b:44,DataLab@BUET,1,-71.0,0.0,-71.0,1,0.0
23,18,5e:75:bf:7f:f2:e4,realme 9 Pro 5G,4,-66.75,2.28,-66.75,4,2.28
23,18,12:38:f1:f0:25:6e,OPPO F21 Pro,1,-68.0,0.0,-68.0,1,0.0
23,18,fa:b5:62:5b:af:73,Redmi Note 10S,1,-76.0,0.0,-76.0,1,0.0
23,18,8e:fa:5f:79:06:05,Ei j eta amar wifi,1,-66.0,0.0,-66.0,1,0.0
23,18,fe:a6:d1:4e:1c:86,narzo 50,3,-60.33,1.89,-60.33,3,1.89
24,18,62:d5:76:41:44:83,Pixel,18,-79.39,4.07,-79.94,17,3.47
24,18,2c:fe:e2:59:d0:c2,Horion_e9,18,-62.78,2.62,-63.0,10,0.0
24,18,02:59:d2:85:5e:aa,Omi,1,-96.0,0.0,-96.0,1,0.0
24,18,ba:61:33:5d:51:8b,Oggy,13,-65.38,4.78,-66.0,10,0.0
24,18,7a:ec:99:a0:87:01,Abhishek's A55,18,-39.61,15.93,-39.61,18,15.93
24,18,1c:61:b4:9c:7a:1a,,1,-81.0,0.0,-81.0,1,0.0
24,18,7a:ae:58:61:a1:27,NK,16,-68.0,4.74,-68.0,16,4.74
24,18,c6:10:ef:ee:57:ec,pixel,18,-73.56,2.83,-73.0,13,0.39
24,18,ee:ec:4e:98:5f:81,,12,-80.25,2.8,-79.0,10,0.0
24,18,36:62:f9:a1:88:63,CSE OFFICE,18,-91.39,1.92,-91.39,18,1.92
24,18,4e:e8:ef:1a:c1:95,Mahdi,18,-65.33,6.16,-65.33,18,6.16
24,18,c2:3b:04:a2:01:1f,getIP().hackDevice(),16,-79.19,2.04,-78.73,15,1.06
24,18,8e:fa:5f:79:06:05,Ei j eta amar wifi,15,-67.53,3.63,-67.53,15,3.63
24,18,76:75:55:f3:a7:bd,Redmi Note 13 Pro,2,-62.5,2.5,-62.5,2,2.5
24,18,34:60:f9:a1:88:63,,5,-90.6,0.8,-91.0,4,0.0
24,18,36:20:f9:a1:88:62,CSE OFFICE,6,-62.5,6.42,-59.8,5,2.4
24,18,e6:03:58:bb:71:13,Norse Network,1,-80.0,0.0,-80.0,1,0.0
24,18,bc:22:28:21:09:21,,5,-63.0,2.53,-63.0,3,0.0
24,18,8e:94:a9:8d:65:5b,vivo Y27s,10,-64.0,0.0,-64.0,10,0.0
24,18,34:60:f9:a1:88:62,,15,-64.93,3.66,-64.0,10,0.0
24,18,bc:22:28:21:09:22,,5,-64.6,2.06,-64.6,5,2.06
24,18,1a:50:a7:f3:20:79,DoYouKnow ,2,-89.0,1.0,-89.0,2,1.0
24,18,5a:e6:b4:de:a1:ae,realme 9,1,-76.0,0.0,-76.0,1,0.0
24,18,12:38:f1:f0:25:6e,OPPO F21 Pro,2,-71.5,8.5,-71.5,2,8.5
24,18,0a:54:a5:5f:17:37,Galaxy S22C48A,1,-78.0,0.0,-78.0,1,0.0
24,18,1a:aa:2b:0a:98:c9,Ekta hotspot,1,-78.0,0.0,-78.0,1,0.0
24,18,30:b5:c2:ea:5b:44,DataLab@BUET,1,-69.0,0.0,-69.0,1,0.0
24,18,bc:22:28:21:55:6e,CSE-104,1,-84.0,0.0,-84.0,1,0.0
24,18,aa:dc:7e:ea:37:18,moto edge 50 neo_3238,1,-70.0,0.0,-70.0,1,0.0
25,18,62:d5:76:41:44:83,Pixel,17,-71.12,3.29,-71.12,17,3.29
25,18,34:60:f9:a1:88:62,,2,-67.0,0.0,-67.0,2,0.0
25,18,2c:fe:e2:59:d0:c2,Horion_e9,18,-77.28,4.33,-78.62,16,2.0
25,18,bc:22:28:21:09:24,CSE-205,3,-58.33,1.89,-58.33,3,1.89
25,18,bc:22:28:21:09:21,,15,-61.4,1.08,-61.57,14,0.9
25,18,ba:61:33:5d:51:8b,Oggy,7,-51.71,0.88,-51.8,5,0.4
25,18,30:b5:c2:ea:5b:44,DataLab@BUET,5,-63.6,0.8,-64.0,4,0.0
25,18,8a:c6:f0:bb:61:49,amim,3,-62.33,4.11,-62.33,3,4.11
25,18,46:c4:90:f1:0a:2a,Galaxy S23 Ultra 8407,6,-67.0,4.12,-67.0,6,4.12
25,18,c6:10:ef:ee:57:ec,pixel,18,-62.56,3.99,-61.64,14,1.11
25,18,12:38:f1:f0:25:6e,OPPO F21 Pro,2,-61.5,0.5,-61.5,2,0.5
25,18,36:62:f9:a1:88:63,CSE OFFICE,14,-89.57,1.55,-90.0,13,0.0
25,18,96:21:ee:e2:9f:97,Tanvir,5,-59.8,5.11,-57.25,4,0.43
25,18,4e:e8:ef:1a:c1:95,Mahdi,7,-56.43,2.82,-55.5,6,1.8
25,18,c2:3b:04:a2:01:1f,getIP().hackDevice(),6,-81.83,3.18,-81.83,6,3.18
25,18,8e:fa:5f:79:06:05,Ei j eta amar wifi,17,-56.41,2.59,-56.41,17,2.59
25,18,7a:ec:99:a0:87:01,Abhishek's A55,5,-49.8,1.6,-49.8,5,1.6
25,18,76:75:55:f3:a7:bd,Redmi Note 13 Pro,2,-63.5,6.5,-63.5,2,6.5
25,18,60:63:4c:31:37:40,CSE-303,1,-62.0,0.0,-62.0,1,0.0
25,18,7a:ae:58:61:a1:27,NK,2,-67.5,0.5,-67.5,2,0.5
25,18,36:20:f9:a1:88:56,CSE OFFICE,1,-72.0,0.0,-72.0,1,0.0
25,18,fa:b5:62:5b:af:73,Redmi Note 10S,1,-55.0,0.0,-55.0,1,0.0
25,18,aa:dc:7e:ea:37:18,moto edge 50 neo_3238,2,-62.5,1.5,-62.5,2,1.5
25,18,34:60:f9:a1:88:56,,1,-63.0,0.0,-63.0,1,0.0
25,18,36:20:f9:a1:88:62,CSE OFFICE,1,-58.0,0.0,-58.0,1,0.0
25,18,1a:aa:2b:0a:98:c9,Ekta hotspot,3,-67.0,0.0,-67.0,3,0.0
25,18,34:60:f9:a1:88:63,,3,-86.0,0.0,-86.0,3,0.0
26,18,62:d5:76:41:44:83,Pixel,18,-70.61,5.73,-71.07,15,2.57
26,18,2c:fe:e2:59:d0:c2,Horion_e9,18,-61.72,3.51,-61.72,18,3.51
26,18,1a:aa:2b:0a:98:c9,Ekta hotspot,11,-52.91,6.04,-51.0,10,0.0
26,18,bc:22:28:21:09:24,CSE-205,18,-56.56,3.04,-56.56,18,3.04
26,18,02:59:d2:85:5e:aa,Omi,1,-86.0,0.0,-86.0,1,0.0
26,18,ba:61:33:5d:51:8b,Oggy,4,-57.0,5.34,-57.0,4,5.34
26,18,10:62:eb:1a:0c:09,Room 914,1,-82.0,0.0,-82.0,1,0.0
26,18,56:f1:5f:2e:f3:7a,Horion_yj,3,-70.33,5.44,-70.33,3,5.44
26,18,c6:ef:10:ee:57:ec,pixel,1,-72.0,0.0,-72.0,1,0.0
26,18,e6:03:58:bb:71:13,Norse Network,1,-65.0,0.0,-65.0,1,0.0
26,18,c6:10:ef:ee:57:ec,pixel,16,-72.0,2.09,-72.0,16,2.09
26,18,ee:ec:4e:98:5f:81,,12,-76.5,1.66,-76.0,11,0.0
26,18,12:38:f1:f0:25:6e,OPPO F21 Pro,16,-56.69,3.35,-56.69,16,3.35
26,18,4e:e8:ef:1a:c1:95,Mahdi,18,-57.33,5.11,-57.33,18,5.11
26,18,c2:3b:04:a2:01:1f,getIP().hackDevice(),8,-78.75,4.82,-78.75,8,4.82
26,18,8e:fa:5f:79:06:05,Ei j eta amar wifi,18,-56.61,2.61,-57.93,14,0.26
26,18,02:a8:9b:f6:4d:ca,,1,-82.0,0.0,-82.0,1,0.0
26,18,e2:fd:30:fe:69:73,Anirban,3,-65.67,1.7,-65.67,3,1.7
26,18,8a:c6:f0:bb:61:49,amim,11,-67.64,1.15,-68.0,10,0.0
26,18,36:20:f9:a1:88:62,CSE OFFICE,14,-58.0,2.1,-58.83,12,0.37
26,18,60:63:4c:31:37:40,CSE-303,6,-50.83,2.03,-50.83,6,2.03
26,18,36:62:f9:a1:88:63,CSE OFFICE,12,-86.0,0.0,-86.0,12,0.0
26,18,76:75:55:f3:a7:bd,Redmi Note 13 Pro,13,-68.31,6.82,-72.0,10,0.0
26,18,34:60:f9:a1:88:62,,12,-59.42,2.96,-60.0,10,0.0
26,18,34:60:f9:a1:88:63,,13,-86.0,0.0,-86.0,13,0.0
26,18,bc:22:28:21:09:22,,6,-57.83,0.9,-57.83,6,0.9
26,18,bc:22:28:21:09:21,,17,-60.06,1.26,-60.06,17,1.26
26,18,34:0a:33:6a:24:5e,ROOM-713,2,-82.0,0.0,-82.0,2,0.0
26,18,18:0f:76:c3:06:8d,CSE-304,3,-59.0,0.82,-59.0,3,0.82
26,18,7a:ae:58:61:a1:27,NK,16,-60.31,2.47,-58.92,12,0.28
26,18,96:21:ee:e2:9f:97,Tanvir,4,-62.25,4.92,-62.25,4,4.92
26,18,00:22:b0:05:f3:bc,CSE-204,12,-71.17,2.76,-72.0,11,0.0
26,18,46:c4:90:f1:0a:2a,Galaxy S23 Ultra 8407,16,-64.0,2.89,-64.0,16,2.89
26,18,3e:92:f7:29:0d:11,Abrar Zahin's Galaxy A33 5G,6,-51.67,1.37,-51.67,6,1.37
26,18,5a:d6:bc:29:37:4c,AndroidAP,1,-76.0,0.0,-76.0,1,0.0
26,18,fa:b5:62:5b:af:73,Redmi Note 10S,1,-66.0,0.0,-66.0,1,0.0
26,18,c0:a5:dd:1a:7d:94,Serendipity,1,-82.0,0.0,-82.0,1,0.0
26,18,10:62:eb:77:b7:42,CSE-G04,1,-70.0,0.0,-70.0,1,0.0
26,18,0a:54:a5:5f:17:37,Galaxy S22C48A,6,-66.33,6.75,-64.25,4,0.43
26,18,5a:e6:b4:de:a1:ae,realme 9,1,-65.0,0.0,-65.0,1,0.0
26,18,aa:dc:7e:ea:37:18,moto edge 50 neo_3238,2,-57.5,0.5,-57.5,2,0.5
26,18,56:e7:d9:61:73:ec,POCO F6_5655,3,-62.0,0.0,-62.0,3,0.0
26,18,5e:75:bf:7f:f2:e4,realme 9 Pro 5G,3,-76.0,0.0,-76.0,3,0.0
27,18,62:d5:76:41:44:83,Pixel,17,-70.76,3.96,-70.76,17,3.96
27,18,2c:fe:e2:59:d0:c2,Horion_e9,18,-54.33,3.48,-54.33,18,3.48
27,18,ba:61:33:5d:51:8b,Oggy,8,-59.25,3.73,-59.25,8,3.73
27,18,36:20:f9:a1:88:62,CSE OFFICE,2,-54.5,0.5,-54.5,2,0.5
27,18,7a:ae:58:61:a1:27,NK,18,-49.39,7.62,-46.27,15,3.34
27,18,c6:10:ef:ee:57:ec,pixel,10,-71.4,2.54,-71.5,8,1.32
27,18,4e:e8:ef:1a:c1:95,Mahdi,12,-49.83,1.07,-49.83,12,1.07
27,18,c2:3b:04:a2:01:1f,getIP().hackDevice(),13,-79.08,1.07,-79.0,7,0.0
27,18,aa:dc:7e:ea:37:18,moto edge 50 neo_3238,6,-53.0,4.93,-53.0,6,4.93
27,18,8e:94:a9:8d:65:5b,vivo Y27s,2,-59.0,3.0,-59.0,2,3.0
27,18,36:62:f9:a1:88:63,CSE OFFICE,15,-78.33,1.14,-78.0,11,0.0
27,18,8e:fa:5f:79:06:05,Ei j eta amar wifi,17,-50.71,2.14,-50.71,17,2.14
27,18,76:75:55:f3:a7:bd,Redmi Note 13 Pro,4,-54.0,6.04,-54.0,4,6.04
27,18,12:38:f1:f0:25:6e,OPPO F21 Pro,9,-58.0,0.0,-58.0,9,0.0
27,18,46:c4:90:f1:0a:2a,Galaxy S23 Ultra 8407,3,-72.0,0.0,-72.0,3,0.0
27,18,7a:ec:99:a0:87:01,Abhishek's A55,4,-45.25,0.83,-45.25,4,0.83
27,18,96:21:ee:e2:9f:97,Tanvir,3,-55.33,2.36,-55.33,3,2.36
27,18,1a:50:a7:f3:20:79,DoYouKnow ,1,-84.0,0.0,-84.0,1,0.0
27,18,60:63:4c:31:37:40,CSE-303,3,-55.67,0.47,-55.67,3,0.47
27,18,5e:75:bf:7f:f2:e4,realme 9 Pro 5G,2,-68.0,0.0,-68.0,2,0.0
28,18,2c:fe:e2:59:d0:c2,Horion_e9,18,-61.22,4.16,-61.22,18,4.16
28,18,56:77:3d:1c:98:93,Redmi 11 Prime,1,-70.0,0.0,-70.0,1,0.0
28,18,4e:e8:ef:1a:c1:95,Mahdi,17,-62.47,2.68,-63.0,12,0.0
28,18,aa:dc:7e:ea:37:18,moto edge 50 neo_3238,14,-66.5,1.4,-66.0,10,0.0
28,18,bc:22:28:21:09:24,CSE-205,6,-53.17,3.53,-51.6,5,0.49
28,18,7a:ec:99:a0:87:01,Abhishek's A55,17,-49.65,4.87,-47.23,13,1.25
28,18,7a:ae:58:61:a1:27,NK,17,-61.82,2.04,-61.44,16,1.37
28,18,c6:10:ef:ee:57:ec,pixel,16,-76.75,4.24,-76.75,16,4.24
28,18,1a:50:a7:f3:20:79,DoYouKnow ,6,-91.67,1.49,-91.75,4,0.43
28,18,36:20:f9:a1:88:62,CSE OFFICE,1,-64.0,0.0,-64.0,1,0.0
28,18,60:63:4c:31:37:40,CSE-303,12,-66.0,3.19,-66.0,9,0.0
28,18,62:d5:76:41:44:83,Pixel,14,-79.21,4.02,-77.18,11,0.94
28,18,bc:22:28:21:09:22,,5,-67.0,2.53,-67.0,5,2.53
28,18,8e:94:a9:8d:65:5b,vivo Y27s,10,-52.7,2.1,-52.0,9,0.0
28,18,ba:61:33:5d:51:8b,Oggy,14,-62.29,2.12,-61.85,13,1.46
28,18,1e:61:b4:ac:79:f2,CSE-306BL,1,-80.0,0.0,-80.0,1,0.0
28,18,56:f1:5f:2e:f3:7a,Horion_yj,13,-68.31,1.07,-68.0,9,0.0
28,18,e2:fd:30:fe:69:73,Anirban,10,-66.3,0.9,-66.0,9,0.0
28,18,36:62:f9:a1:88:63,CSE OFFICE,11,-87.91,0.29,-88.0,10,0.0
28,18,c2:3b:04:a2:01:1f,getIP().hackDevice(),7,-79.0,4.72,-79.0,7,4.72
28,18,76:75:55:f3:a7:bd,Redmi Note 13 Pro,13,-42.0,9.82,-46.0,10,0.0
28,18,34:60:f9:a1:88:63,,10,-86.0,0.0,-86.0,10,0.0
28,18,bc:22:28:21:09:21,,13,-60.77,4.26,-60.77,13,4.26
28,18,3e:92:f7:29:0d:11,Abrar Zahin's Galaxy A33 5G,9,-62.0,0.0,-62.0,9,0.0
28,18,02:59:d2:85:5e:aa,Omi,9,-94.0,0.0,-94.0,9,0.0
28,18,c6:99:bb:89:07:d5,Z60,9,-94.0,0.0,-94.0,9,0.0
28,18,ee:ec:4e:98:5f:81,,9,-72.0,0.0,-72.0,9,0.0
28,18,0a:54:a5:5f:17:37,Galaxy S22C48A,12,-73.5,4.33,-71.0,9,0.0
28,18,34:0a:33:6a:24:5e,ROOM-713,1,-83.0,0.0,-83.0,1,0.0
28,18,46:c4:90:f1:0a:2a,Galaxy S23 Ultra 8407,1,-68.0,0.0,-68.0,1,0.0
28,18,12:38:f1:f0:25:6e,OPPO F21 Pro,2,-59.5,2.5,-59.5,2,2.5
28,18,96:21:ee:e2:9f:97,Tanvir,4,-63.0,5.2,-63.0,4,5.2
28,18,8a:c6:f0:bb:61:49,amim,1,-78.0,0.0,-78.0,1,0.0
28,18,18:0f:76:c3:06:8d,CSE-304,1,-69.0,0.0,-69.0,1,0.0
28,18,f4:8c:eb:c5:c7:aa,EMC-504,1,-83.0,0.0,-83.0,1,0.0
28,18,34:60:f9:a1:88:62,,3,-63.0,0.0,-63.0,3,0.0
28,18,8e:fa:5f:79:06:05,Ei j eta amar wifi,3,-59.0,0.0,-59.0,3,0.0
29,18,62:d5:76:41:44:83,Pixel,18,-51.17,6.83,-51.17,18,6.83
29,18,2c:fe:e2:59:d0:c2,Horion_e9,18,-72.83,2.57,-72.83,18,2.57
29,18,1a:aa:2b:0a:98:c9,Ekta hotspot,11,-67.36,1.49,-67.0,9,0.0
29,18,34:60:f9:a1:88:63,,3,-86.0,1.41,-86.0,3,1.41
29,18,bc:22:28:21:09:24,CSE-205,11,-56.27,1.6,-56.0,9,0.0
29,18,bc:22:28:21:09:22,,5,-66.2,1.47,-66.2,5,1.47
29,18,bc:22:28:21:09:21,,1,-67.0,0.0,-67.0,1,0.0
29,18,ba:61:33:5d:51:8b,Oggy,5,-62.2,1.72,-62.2,5,1.72
29,18,7a:ec:99:a0:87:01,Abhishek's A55,6,-49.0,2.71,-49.0,6,2.71
29,18,fe:a6:d1:4e:1c:86,narzo 50,1,-81.0,0.0,-81.0,1,0.0
29,18,1c:61:b4:9c:7a:1a,,1,-73.0,0.0,-73.0,1,0.0
29,18,8a:c6:f0:bb:61:49,amim,2,-66.0,0.0,-66.0,2,0.0
29,18,1e:61:b4:ac:7a:1a,CSE-306BL,1,-74.0,0.0,-74.0,1,0.0
29,18,7a:ae:58:61:a1:27,NK,2,-64.0,2.0,-64.0,2,2.0
29,18,46:c4:90:f1:0a:2a,Galaxy S23 Ultra 8407,7,-65.14,4.09,-65.14,7,4.09
29,18,c6:10:ef:ee:57:ec,pixel,9,-71.89,5.22,-73.38,8,3.28
29,18,12:38:f1:f0:25:6e,OPPO F21 Pro,7,-59.86,3.09,-59.86,7,3.09
29,18,36:62:f9:a1:88:63,CSE OFFICE,6,-84.0,2.83,-84.0,6,2.83
29,18,96:21:ee:e2:9f:97,Tanvir,13,-64.08,3.2,-64.08,13,3.2
29,18,4e:e8:ef:1a:c1:95,Mahdi,18,-38.28,3.48,-39.0,17,1.85
29,18,c2:3b:04:a2:01:1f,getIP().hackDevice(),8,-75.75,1.39,-76.14,7,0.99
29,18,aa:dc:7e:ea:37:18,moto edge 50 neo_3238,11,-66.55,1.78,-67.0,9,0.0
29,18,60:63:4c:31:37:48,dlink,18,-85.78,3.17,-85.78,18,3.17
29,18,76:75:55:f3:a7:bd,Redmi Note 13 Pro,6,-60.17,3.72,-59.25,4,0.43
29,18,ee:ec:4e:98:5f:81,,2,-82.5,0.5,-82.5,2,0.5
29,18,3e:92:f7:29:0d:11,Abrar Zahin's Galaxy A33 5G,13,-45.69,2.58,-45.69,13,2.58
29,18,8e:94:a9:8d:65:5b,vivo Y27s,1,-61.0,0.0,-61.0,1,0.0
29,18,02:59:d2:85:5e:aa,Omi,1,-90.0,0.0,-90.0,1,0.0
29,18,8e:fa:5f:79:06:05,Ei j eta amar wifi,15,-60.47,2.03,-60.47,15,2.03
29,18,e2:fd:30:fe:69:73,Anirban,9,-68.0,0.0,-68.0,9,0.0
29,18,0a:54:a5:5f:17:37,Galaxy S22C48A,9,-66.0,0.0,-66.0,9,0.0
29,18,34:60:f9:a1:88:62,,1,-64.0,0.0,-64.0,1,0.0
29,18,30:b5:c2:ea:5b:44,DataLab@BUET,2,-68.0,1.0,-68.0,2,1.0
29,18,24:2f:d0:88:39:a2,,1,-85.0,0.0,-85.0,1,0.0
29,18,1a:50:a7:f3:20:79,DoYouKnow ,2,-89.5,2.5,-89.5,2,2.5
29,18,60:63:4c:31:37:40,CSE-303,1,-62.0,0.0,-62.0,1,0.0
29,18,18:0f:76:c3:06:8d,CSE-304,1,-69.0,0.0,-69.0,1,0.0
29,18,00:22:b0:05:f3:bc,CSE-204,1,-67.0,0.0,-67.0,1,0.0
29,18,36:62:f9:a1:88:57,CSE OFFICE,3,-91.0,0.0,-91.0,3,0.0
29,18,34:60:f9:a1:88:57,,3,-92.0,0.0,-92.0,3,0.0
30,18,2c:fe:e2:59:d0:c2,Horion_e9,18,-73.56,3.72,-73.56,18,3.72
30,18,60:63:4c:31:37:40,CSE-303,18,-75.17,3.99,-75.17,18,3.99
30,18,1e:61:b4:ac:7a:1a,CSE-306BL,1,-85.0,0.0,-85.0,1,0.0
30,18,c6:10:ef:ee:57:ec,pixel,16,-74.88,6.48,-74.88,16,6.48
30,18,12:38:f1:f0:25:6e,OPPO F21 Pro,18,-58.33,4.84,-57.65,17,4.04
30,18,8e:fa:5f:79:06:05,Ei j eta amar wifi,16,-67.19,3.15,-67.14,14,1.81
30,18,3e:92:f7:29:0d:11,Abrar Zahin's Galaxy A33 5G,18,-73.78,4.85,-73.78,18,4.85
30,18,5a:d6:bc:29:37:4c,AndroidAP,16,-76.19,2.65,-75.33,12,1.18
30,18,b6:aa:61:51:66:ce,Thuja,1,-76.0,0.0,-76.0,1,0.0
30,18,36:62:f9:a1:88:63,CSE OFFICE,8,-88.0,3.28,-87.0,7,2.07
30,18,c2:3b:04:a2:01:1f,getIP().hackDevice(),17,-85.53,3.45,-85.53,17,3.45
30,18,aa:dc:7e:ea:37:18,moto edge 50 neo_3238,3,-67.0,0.0,-67.0,3,0.0
30,18,62:d5:76:41:44:83,Pixel,8,-81.12,5.09,-80.67,6,1.89
30,18,bc:22:28:21:09:24,CSE-205,5,-65.0,2.45,-65.0,5,2.45
30,18,bc:22:28:21:09:22,,16,-68.38,2.0,-68.0,12,0.0
30,18,7a:ae:58:61:a1:27,NK,6,-72.17,1.21,-72.17,6,1.21
30,18,10:62:eb:77:b7:42,CSE-G04,11,-70.82,0.57,-71.0,10,0.0
30,18,46:c4:90:f1:0a:2a,Galaxy S23 Ultra 8407,15,-71.13,4.08,-71.13,15,4.08
30,18,96:21:ee:e2:9f:97,Tanvir,8,-66.88,5.28,-68.71,7,2.19
30,18,ba:61:33:5d:51:8b,Oggy,6,-67.67,4.27,-66.25,4,0.43
30,18,36:20:f9:a1:88:62,CSE OFFICE,5,-69.8,3.92,-69.8,5,3.92
30,18,4e:e8:ef:1a:c1:95,Mahdi,12,-67.5,2.63,-68.0,9,0.0
30,18,bc:22:28:21:09:21,,16,-68.06,1.56,-68.0,9,0.0
30,18,7a:ec:99:a0:87:01,Abhishek's A55,16,-63.81,2.83,-63.81,16,2.83
30,18,8e:94:a9:8d:65:5b,vivo Y27s,1,-69.0,0.0,-69.0,1,0.0
30,18,e2:fd:30:fe:69:73,Anirban,1,-74.0,0.0,-74.0,1,0.0
30,18,34:60:f9:a1:88:63,,5,-89.2,2.93,-88.0,3,0.0
30,18,ee:ec:4e:98:5f:81,,10,-83.6,1.2,-84.0,9,0.0
30,18,60:63:4c:31:37:60,CSE-306,3,-87.33,5.19,-87.33,3,5.19
30,18,56:f1:5f:2e:f3:7a,Horion_yj,9,-73.0,0.0,-73.0,9,0.0
30,18,26:e4:72:86:6b:66,Torr20-tab,9,-95.0,0.0,-95.0,9,0.0
30,18,34:0a:33:6a:24:5e,ROOM-713,12,-85.5,2.6,-84.0,9,0.0
30,18,18:0f:76:c3:06:8d,CSE-304,9,-78.0,0.0,-78.0,9,0.0
30,18,1a:50:a7:f3:20:79,DoYouKnow ,5,-91.0,1.9,-91.0,3,0.0
30,18,1c:61:b4:9c:79:f2,,1,-87.0,0.0,-87.0,1,0.0
30,18,06:83:23:26:49:51,realme C55,1,-72.0,0.0,-72.0,1,0.0
30,18,10:62:eb:1a:0c:09,Room 914,1,-81.0,0.0,-81.0,1,0.0
30,18,fe:a6:d1:4e:1c:86,narzo 50,1,-70.0,0.0,-70.0,1,0.0
30,18,da:55:41:3a:44:5b,Ara,3,-63.0,0.0,-63.0,3,0.0
30,18,5c:e8:d3:0a:1e:e0,Free,3,-92.0,0.0,-92.0,3,0.0
30,18,3e:46:39:33:ac:0b,Galaxy A30s40BC,3,-87.0,0.0,-87.0,3,0.0
31,18,2c:fe:e2:59:d0:c2,Horion_e9,18,-77.0,2.43,-77.0,18,2.43
31,18,8a:c6:f0:bb:61:49,amim,1,-72.0,0.0,-72.0,1,0.0
31,18,34:60:f9:a1:88:63,,15,-83.47,3.83,-83.0,9,0.0
31,18,c6:ef:10:ee:57:ec,pixel,1,-60.0,0.0,-60.0,1,0.0
31,18,c6:10:ef:ee:57:ec,pixel,8,-71.25,2.77,-70.43,7,1.84
31,18,ee:ec:4e:98:5f:81,,11,-84.82,2.52,-86.0,9,0.0
31,18,ba:61:33:5d:51:8b,Oggy,18,-42.11,5.54,-42.11,18,5.54
31,18,36:62:f9:a1:88:63,CSE OFFICE,9,-89.33,1.56,-89.33,9,1.56
31,18,4e:e8:ef:1a:c1:95,Mahdi,18,-57.83,3.67,-58.29,17,3.23
31,18,aa:dc:7e:ea:37:18,moto edge 50 neo_3238,5,-64.0,3.1,-63.0,3,0.0
31,18,02:59:d2:85:5e:aa,Omi,11,-97.18,1.85,-98.0,9,0.0
31,18,8e:fa:5f:79:06:05,Ei j eta amar wifi,2,-66.0,0.0,-66.0,2,0.0
31,18,36:20:f9:a1:88:62,CSE OFFICE,1,-63.0,0.0,-63.0,1,0.0
31,18,62:d5:76:41:44:83,Pixel,17,-75.47,2.48,-75.06,16,1.92
31,18,46:c4:90:f1:0a:2a,Galaxy S23 Ultra 8407,1,-70.0,0.0,-70.0,1,0.0
31,18,7a:ec:99:a0:87:01,Abhishek's A55,14,-60.29,5.36,-60.29,14,5.36
31,18,00:22:b0:05:f3:bc,CSE-204,4,-67.75,0.43,-67.75,4,0.43
31,18,18:0f:76:c3:06:8d,CSE-304,1,-71.0,0.0,-71.0,1,0.0
31,18,60:63:4c:31:37:40,CSE-303,9,-58.0,0.0,-58.0,9,0.0
31,18,c2:3b:04:a2:01:1f,getIP().hackDevice(),14,-79.5,1.35,-79.15,13,0.53
31,18,36:62:f9:a1:88:57,CSE OFFICE,14,-94.43,0.9,-94.62,13,0.62
31,18,7a:ae:58:61:a1:27,NK,9,-66.0,0.0,-66.0,9,0.0
31,18,1a:50:a7:f3:20:79,DoYouKnow ,5,-87.8,2.23,-87.8,5,2.23
31,18,76:75:55:f3:a7:bd,Redmi Note 13 Pro,3,-57.67,2.05,-57.67,3,2.05
31,18,30:b5:c2:ea:5b:44,DataLab@BUET,3,-61.67,1.89,-61.67,3,1.89
31,18,12:38:f1:f0:25:6e,OPPO F21 Pro,2,-60.5,0.5,-60.5,2,0.5
31,18,96:21:ee:e2:9f:97,Tanvir,5,-61.2,2.86,-61.2,5,2.86
31,18,bc:62:ce:6a:3a:2a,RBH 204,1,-70.0,0.0,-70.0,1,0.0
31,18,f4:8c:eb:c5:c7:aa,EMC-504,1,-84.0,0.0,-84.0,1,0.0
31,18,da:55:41:3a:44:5b,Ara,3,-58.0,0.0,-58.0,3,0.0
31,18,3e:92:f7:29:0d:11,Abrar Zahin's Galaxy A33 5G,3,-60.0,0.0,-60.0,3,0.0
31,18,c2:c4:fb:a2:01:1f,getIP().hackDevice(),3,-60.0,0.0,-60.0,3,0.0
32,18,76:75:55:f3:a7:bd,Redmi Note 13 Pro,17,-48.29,7.41,-48.29,17,7.41
32,18,7a:ec:99:a0:87:01,Abhishek's A55,12,-51.83,3.02,-51.18,11,2.21
32,18,7a:ae:58:61:a1:27,NK,11,-63.27,3.57,-63.27,11,3.57
32,18,2c:fe:e2:59:d0:c2,Horion_e9,18,-66.44,7.65,-66.44,18,7.65
32,18,8e:fa:5f:79:06:05,Ei j eta amar wifi,7,-62.29,3.06,-63.33,6,1.8
32,18,4e:e8:ef:1a:c1:95,Mahdi,16,-61.38,3.52,-60.8,15,2.81
32,18,12:38:f1:f0:25:6e,OPPO F21 Pro,13,-51.08,10.02,-51.08,13,10.02
32,18,36:20:f9:a1:88:62,CSE OFFICE,8,-62.25,2.99,-63.14,7,1.96
32,18,60:63:4c:31:37:40,CSE-303,8,-60.5,3.28,-61.71,7,0.7
32,18,bc:22:28:21:09:22,,15,-67.73,3.6,-67.73,15,3.6
32,18,c2:c4:fb:a2:01:1f,getIP().hackDevice(),4,-67.75,0.43,-67.75,4,0.43
32,18,bc:22:28:21:09:21,,14,-68.0,3.89,-68.0,14,3.89
32,18,00:22:b0:05:f3:bc,CSE-204,2,-69.5,0.5,-69.5,2,0.5
32,18,8a:c6:f0:bb:61:49,amim,1,-72.0,0.0,-72.0,1,0.0
32,18,56:f1:5f:2e:f3:7a,Horion_yj,3,-70.33,2.05,-70.33,3,2.05
32,18,aa:dc:7e:ea:37:18,moto edge 50 neo_3238,5,-67.6,4.03,-67.6,5,4.03
32,18,c6:10:ef:ee:57:ec,pixel,17,-76.65,3.34,-76.65,17,3.34
32,18,ee:ec:4e:98:5f:81,,8,-78.62,4.58,-78.62,8,4.58
32,18,c2:3b:04:a2:01:1f,getIP().hackDevice(),16,-82.12,2.85,-82.12,16,2.85
32,18,36:62:f9:a1:88:63,CSE OFFICE,7,-84.29,1.91,-84.29,7,1.91
32,18,34:60:f9:a1:88:63,,7,-84.86,1.88,-84.86,7,1.88
32,18,3e:92:f7:29:0d:11,Abrar Zahin's Galaxy A33 5G,6,-61.0,2.08,-61.25,4,0.43
32,18,8e:94:a9:8d:65:5b,vivo Y27s,1,-58.0,0.0,-58.0,1,0.0
32,18,bc:22:28:21:09:24,CSE-205,7,-57.43,3.25,-58.5,6,2.06
32,18,e2:fd:30:fe:69:73,Anirban,3,-68.33,3.68,-68.33,3,3.68
32,18,ba:61:33:5d:51:8b,Oggy,4,-66.5,3.84,-66.5,4,3.84
32,18,62:d5:76:41:44:83,Pixel,14,-76.14,3.85,-76.14,14,3.85
32,18,46:c4:90:f1:0a:2a,Galaxy S23 Ultra 8407,7,-69.71,2.6,-68.83,6,1.57
32,18,96:26:00:ef:b2:d5,AlAmin,1,-72.0,0.0,-72.0,1,0.0
32,18,3e:4c:aa:f9:d8:98,VoSSS,2,-71.5,3.5,-71.5,2,3.5
32,18,5e:75:bf:7f:f2:e4,realme 9 Pro 5G,1,-77.0,0.0,-77.0,1,0.0
32,18,02:59:d2:85:5e:aa,Omi,1,-83.0,0.0,-83.0,1,0.0
32,18,5a:d6:bc:29:37:4c,AndroidAP,5,-66.6,1.85,-66.6,5,1.85
32,18,34:60:f9:a1:88:62,,5,-63.8,2.04,-63.8,5,2.04
32,18,30:b5:c2:ea:5b:44,DataLab@BUET,2,-70.5,1.5,-70.5,2,1.5
32,18,96:21:ee:e2:9f:97,Tanvir,8,-66.12,8.27,-66.12,8,8.27
32,18,02:df:3b:f6:97:11,CSE 9,1,-71.0,0.0,-71.0,1,0.0
32,18,34:60:f9:a1:8b:8e,,1,-72.0,0.0,-72.0,1,0.0
32,18,1a:50:a7:f3:20:79,DoYouKnow ,2,-85.0,1.0,-85.0,2,1.0
32,18,1c:61:b4:9c:79:f2,,1,-75.0,0.0,-75.0,1,0.0
32,18,f4:8c:eb:c5:c7:aa,EMC-504,1,-85.0,0.0,-85.0,1,0.0
32,18,da:55:41:3a:44:5b,Ara,1,-61.0,0.0,-61.0,1,0.0
32,18,fe:a6:d1:4e:1c:86,narzo 50,1,-68.0,0.0,-68.0,1,0.0
32,18,5a:e6:b4:de:a1:ae,realme 9,1,-69.0,0.0,-69.0,1,0.0
32,18,18:0f:76:c3:06:8d,CSE-304,1,-75.0,0.0,-75.0,1,0.0
33,18,62:d5:76:41:44:83,Pixel,18,-74.78,4.33,-74.78,18,4.33
33,18,2c:fe:e2:59:d0:c2,Horion_e9,18,-65.33,2.58,-65.33,12,0.75
33,18,c2:c4:fb:a2:01:1f,getIP().hackDevice(),3,-59.67,3.3,-59.67,3,3.3
33,18,bc:22:28:21:09:24,CSE-205,8,-59.75,2.33,-59.75,8,2.33
33,18,bc:22:28:21:09:22,,15,-57.4,0.88,-57.4,15,0.88
33,18,bc:22:28:21:09:21,,15,-57.0,0.37,-57.0,13,0.0
33,18,36:20:f9:a1:88:56,CSE OFFICE,1,-77.0,0.0,-77.0,1,0.0
33,18,ba:61:33:5d:51:8b,Oggy,17,-56.47,2.43,-56.91,11,0.29
33,18,7a:ec:99:a0:87:01,Abhishek's A55,18,-57.94,3.72,-58.0,13,0.0
33,18,60:63:4c:31:37:40,CSE-303,14,-61.64,1.17,-61.09,11,0.29
33,18,5a:e6:b4:de:a1:ae,realme 9,1,-69.0,0.0,-69.0,1,0.0
33,18,46:c4:90:f1:0a:2a,Galaxy S23 Ultra 8407,12,-75.33,2.21,-76.0,11,0.0
33,18,c6:10:ef:ee:57:ec,pixel,18,-66.83,3.47,-66.83,18,3.47
33,18,36:62:f9:a1:88:63,CSE OFFICE,15,-88.53,1.31,-89.0,13,0.0
33,18,0a:54:a5:5f:17:37,Galaxy S22C48A,2,-73.0,1.0,-73.0,2,1.0
33,18,96:21:ee:e2:9f:97,Tanvir,1,-80.0,0.0,-80.0,1,0.0
33,18,4e:e8:ef:1a:c1:95,Mahdi,18,-61.78,2.22,-61.78,18,2.22
33,18,60:63:4c:31:37:48,dlink,15,-83.73,1.0,-84.0,11,0.0
33,18,8e:fa:5f:79:06:05,Ei j eta amar wifi,12,-70.42,1.32,-71.0,10,0.0
33,18,34:60:f9:a1:88:56,,1,-76.0,0.0,-76.0,1,0.0
33,18,56:f1:5f:2e:f3:7a,Horion_yj,13,-74.46,1.45,-74.0,10,0.0
33,18,1a:50:a7:f3:20:79,DoYouKnow ,6,-84.33,2.13,-83.4,5,0.49
33,18,1c:61:b4:9c:7a:1a,,11,-85.82,0.57,-86.0,10,0.0
33,18,e2:fd:30:fe:69:73,Anirban,3,-72.67,2.62,-72.67,3,2.62
33,18,8a:c6:f0:bb:61:49,amim,1,-73.0,0.0,-73.0,1,0.0
33,18,36:20:f9:a1:88:62,CSE OFFICE,2,-69.5,1.5,-69.5,2,1.5
33,18,5e:a9:31:22:bb:0a,CSE-LAB,11,-73.0,0.0,-73.0,11,0.0
33,18,18:0f:76:c3:06:8d,CSE-304,3,-70.0,2.16,-70.0,3,2.16
33,18,10:62:eb:77:b7:42,CSE-G04,1,-58.0,0.0,-58.0,1,0.0
33,18,12:38:f1:f0:25:6e,OPPO F21 Pro,3,-65.33,0.94,-65.33,3,0.94
33,18,ee:ec:4e:98:5f:81,,1,-73.0,0.0,-73.0,1,0.0
33,18,76:75:55:f3:a7:bd,Redmi Note 13 Pro,6,-66.67,9.72,-62.4,5,2.06
33,18,34:60:f9:a1:88:63,,14,-87.0,0.93,-87.0,10,0.0
33,18,bc:22:28:21:55:6e,CSE-104,10,-81.0,0.0,-81.0,10,0.0
33,18,c2:3b:04:a2:01:1f,getIP().hackDevice(),12,-67.83,2.23,-67.0,10,0.0
33,18,da:55:41:3a:44:5b,Ara,6,-54.83,3.58,-56.4,5,0.8
33,18,7a:ae:58:61:a1:27,NK,1,-68.0,0.0,-68.0,1,0.0
33,18,3e:92:f7:29:0d:11,Abrar Zahin's Galaxy A33 5G,5,-66.2,0.98,-66.0,3,0.0
33,18,e8:65:d4:52:b3:b0,Room709,1,-91.0,0.0,-91.0,1,0.0
33,18,30:b5:c2:ea:5b:44,DataLab@BUET,5,-65.4,0.8,-65.0,4,0.0
33,18,c6:ef:10:ee:57:ec,pixel,1,-68.0,0.0,-68.0,1,0.0
33,18,1c:61:b4:9c:79:f2,,4,-75.0,1.73,-75.0,4,1.73
33,18,aa:dc:7e:ea:37:18,moto edge 50 neo_3238,4,-66.5,0.87,-66.5,4,0.87
33,18,00:04:56:fe:23:e7,00002DhkSknAp1,4,-87.75,1.3,-87.75,4,1.3
33,18,fa:b5:62:5b:af:73,Redmi Note 10S,3,-78.0,0.0,-78.0,3,0.0
34,18,2c:fe:e2:59:d0:c2,Horion_e9,18,-83.61,4.06,-83.61,18,4.06
34,18,56:f1:5f:2e:f3:7a,Horion_yj,17,-81.71,3.3,-81.0,11,0.0
34,18,4e:1d:99:39:cc:3e,Galaxy A324007,15,-83.07,3.02,-82.92,13,1.69
34,18,e2:fd:30:fe:69:73,Anirban,17,-78.18,2.73,-78.18,17,2.73
34,18,60:63:4c:31:37:40,CSE-303,12,-64.67,1.55,-64.0,10,0.0
34,18,c2:3b:04:a2:01:1f,getIP().hackDevice(),16,-82.94,3.85,-82.94,16,3.85
34,18,34:60:f9:a1:88:57,,2,-92.0,2.0,-92.0,2,2.0
34,18,76:75:55:f3:a7:bd,Redmi Note 13 Pro,2,-65.5,6.5,-65.5,2,6.5
34,18,62:d5:76:41:44:83,Pixel,18,-69.33,5.51,-69.33,18,5.51
34,18,34:60:f9:a1:88:63,,1,-95.0,0.0,-95.0,1,0.0
34,18,bc:22:28:21:09:22,,14,-77.07,6.62,-80.0,11,0.0
34,18,bc:22:28:21:09:21,,16,-77.38,6.79,-79.86,14,1.81
34,18,70:4c:a5:f5:9b:88,BUET-Free-WiFi,1,-87.0,0.0,-87.0,1,0.0
34,18,7a:ec:99:a0:87:01,Abhishek's A55,18,-60.72,4.15,-61.81,16,2.86
34,18,00:22:b0:05:f3:bc,CSE-204,1,-65.0,0.0,-65.0,1,0.0
34,18,c6:10:ef:ee:57:ec,pixel,18,-79.0,4.11,-79.65,17,3.22
34,18,12:38:f1:f0:25:6e,OPPO F21 Pro,4,-65.0,3.67,-65.0,4,3.67
34,18,0a:54:a5:5f:17:37,Galaxy S22C48A,12,-79.42,3.68,-81.0,10,0.0
34,18,96:21:ee:e2:9f:97,Tanvir,14,-68.86,1.46,-68.33,12,0.75
34,18,8e:fa:5f:79:06:05,Ei j eta amar wifi,18,-73.28,3.66,-72.73,15,1.18
34,18,1a:50:a7:f3:20:79,DoYouKnow ,1,-88.0,0.0,-88.0,1,0.0
34,18,36:62:f9:a1:88:63,CSE OFFICE,1,-87.0,0.0,-87.0,1,0.0
34,18,1a:aa:2b:0a:98:c9,Ekta hotspot,5,-71.8,0.4,-72.0,4,0.0
34,18,36:62:f9:a1:88:57,CSE OFFICE,1,-90.0,0.0,-90.0,1,0.0
34,18,46:c4:90:f1:0a:2a,Galaxy S23 Ultra 8407,17,-67.29,2.44,-67.29,17,2.44
34,18,3e:92:f7:29:0d:11,Abrar Zahin's Galaxy A33 5G,14,-52.64,11.69,-52.64,14,11.69
34,18,c2:c4:fb:a2:01:1f,getIP().hackDevice(),11,-67.55,1.72,-67.0,10,0.0
34,18,24:2f:d0:88:39:a2,,10,-88.0,0.0,-88.0,10,0.0
34,18,34:60:f9:a1:88:56,,10,-78.0,0.0,-78.0,10,0.0
34,18,26:2f:d0:88:39:a2,IAC,10,-88.0,0.0,-88.0,10,0.0
34,18,ba:61:33:5d:51:8b,Oggy,2,-72.0,3.0,-72.0,2,3.0
34,18,da:55:41:3a:44:5b,Ara,5,-70.0,2.45,-70.0,5,2.45
34,18,fa:b5:62:5b:af:73,Redmi Note 10S,3,-65.33,6.8,-65.33,3,6.8
34,18,42:91:83:46:e0:61,Churoot,6,-75.33,0.75,-75.0,5,0.0
34,18,bc:22:28:21:55:6e,CSE-104,1,-93.0,0.0,-93.0,1,0.0
34,18,30:b5:c2:ea:5b:44,DataLab@BUET,5,-67.2,2.4,-67.2,5,2.4
34,18,a2:52:b1:d0:08:4c,,1,-86.0,0.0,-86.0,1,0.0
34,18,00:22:b0:05:f3:51,CSE-108,1,-92.0,0.0,-92.0,1,0.0
34,18,34:60:f9:a1:88:62,,1,-75.0,0.0,-75.0,1,0.0
34,18,aa:dc:7e:ea:37:18,moto edge 50 neo_3238,3,-81.0,0.0,-81.0,3,0.0
35,18,62:d5:76:41:44:83,Pixel,12,-84.67,0.85,-85.0,10,0.0
35,18,2c:fe:e2:59:d0:c2,Horion_e9,18,-81.61,4.85,-82.0,10,0.0
35,18,1a:aa:2b:0a:98:c9,Ekta hotspot,13,-76.62,1.27,-76.0,10,0.0
35,18,c2:c4:fb:a2:01:1f,getIP().hackDevice(),18,-58.78,2.76,-58.78,18,2.76
35,18,bc:22:28:21:09:22,,15,-66.53,3.61,-66.53,15,3.61
35,18,ba:61:33:5d:51:8b,Oggy,12,-72.67,3.22,-74.0,10,0.0
35,18,42:91:83:46:e0:61,Churoot,12,-59.08,7.54,-56.0,10,0.0
35,18,7a:ec:99:a0:87:01,Abhishek's A55,16,-63.38,4.5,-60.83,12,0.37
35,18,52:29:6f:70:e8:02,Shakshor,3,-87.67,3.86,-87.67,3,3.86
35,18,00:22:b0:05:f3:bc,CSE-204,17,-70.12,4.92,-70.12,17,4.92
35,18,8a:c6:f0:bb:61:49,amim,12,-71.42,1.71,-71.0,10,0.0
35,18,7a:ae:58:61:a1:27,NK,12,-71.67,2.17,-72.0,10,0.0
35,18,18:0f:76:c3:06:8d,CSE-304,12,-68.58,3.59,-67.0,10,0.0
35,18,c6:10:ef:ee:57:ec,pixel,17,-82.47,8.13,-82.47,17,8.13
35,18,10:62:eb:77:b7:42,CSE-G04,11,-80.36,1.15,-80.0,10,0.0
35,18,c2:3b:04:a2:01:1f,getIP().hackDevice(),18,-61.83,14.52,-61.83,18,14.52
35,18,aa:dc:7e:ea:37:18,moto edge 50 neo_3238,12,-67.17,1.91,-68.0,10,0.0
35,18,fa:b5:62:5b:af:73,Redmi Note 10S,12,-67.67,2.56,-68.0,10,0.0
35,18,1a:50:a7:f3:20:79,DoYouKnow ,7,-89.43,2.26,-89.6,5,0.8
35,18,76:75:55:f3:a7:bd,Redmi Note 13 Pro,2,-66.0,2.0,-66.0,2,2.0
35,18,34:60:f9:a1:88:63,,10,-89.0,0.0,-89.0,10,0.0
35,18,bc:22:28:21:09:21,,10,-64.0,0.0,-64.0,10,0.0
35,18,36:62:f9:a1:88:63,CSE OFFICE,10,-90.0,0.0,-90.0,10,0.0
35,18,98:25:4a:f1:3a:ed,1006 5G,1,-92.0,0.0,-92.0,1,0.0
35,18,36:62:f9:a1:88:57,CSE OFFICE,1,-88.0,0.0,-88.0,1,0.0
35,18,36:20:f9:a1:88:56,CSE OFFICE,5,-61.4,1.74,-61.4,5,1.74
35,18,30:b5:c2:ea:5b:44,DataLab@BUET,1,-71.0,0.0,-71.0,1,0.0
35,18,26:e4:72:86:6b:66,Torr20-tab,6,-82.0,3.79,-82.0,6,3.79
35,18,56:f1:5f:2e:f3:7a,Horion_yj,1,-84.0,0.0,-84.0,1,0.0
35,18,e2:fd:30:fe:69:73,Anirban,1,-74.0,0.0,-74.0,1,0.0
35,18,60:63:4c:31:37:40,CSE-303,5,-73.6,3.88,-75.5,4,0.87
35,18,12:38:f1:f0:25:6e,OPPO F21 Pro,4,-60.0,6.93,-60.0,4,6.93
35,18,8e:fa:5f:79:06:05,Ei j eta amar wifi,3,-74.33,1.25,-74.33,3,1.25
35,18,5e:a9:31:22:bb:0a,CSE-LAB,1,-75.0,0.0,-75.0,1,0.0
35,18,4e:e8:ef:1a:c1:95,Mahdi,1,-75.0,0.0,-75.0,1,0.0
35,18,34:60:f9:a1:88:56,,2,-62.5,0.5,-62.5,2,0.5
36,18,62:d5:76:41:44:83,Pixel,17,-80.12,2.59,-79.0,12,0.41
36,18,2c:fe:e2:59:d0:c2,Horion_e9,18,-62.17,2.83,-62.71,17,1.81
36,18,34:60:f9:a1:88:63,,16,-86.56,2.06,-86.56,16,2.06
36,18,bc:22:28:21:09:24,CSE-205,5,-59.0,2.76,-59.0,5,2.76
36,18,bc:22:28:21:09:22,,6,-61.83,4.18,-63.6,5,1.5
36,18,bc:22:28:21:09:21,,15,-55.93,3.89,-54.09,11,0.29
36,18,02:59:d2:85:5e:aa,Omi,1,-92.0,0.0,-92.0,1,0.0
36,18,3e:4c:aa:f9:d8:98,VoSSS,1,-70.0,0.0,-70.0,1,0.0
36,18,7a:ec:99:a0:87:01,Abhishek's A55,15,-56.4,2.09,-56.0,10,0.0
36,18,02:a8:9b:f6:4d:ca,,1,-91.0,0.0,-91.0,1,0.0
36,18,c6:99:bb:89:07:d5,Z60,1,-94.0,0.0,-94.0,1,0.0
36,18,8a:c6:f0:bb:61:49,amim,1,-71.0,0.0,-71.0,1,0.0
36,18,60:63:4c:31:37:40,CSE-303,16,-56.44,1.94,-56.0,11,0.0
36,18,7a:ae:58:61:a1:27,NK,15,-62.27,3.41,-62.27,15,3.41
36,18,c6:10:ef:ee:57:ec,pixel,18,-74.56,5.02,-73.88,17,4.31
36,18,12:38:f1:f0:25:6e,OPPO F21 Pro,2,-70.5,0.5,-70.5,2,0.5
36,18,ee:ec:4e:98:5f:81,,11,-79.45,1.72,-80.0,10,0.0
36,18,36:62:f9:a1:88:63,CSE OFFICE,18,-88.11,1.52,-88.11,18,1.52
36,18,4e:e8:ef:1a:c1:95,Mahdi,7,-61.29,3.49,-61.29,7,3.49
36,18,c2:3b:04:a2:01:1f,getIP().hackDevice(),17,-79.76,1.8,-80.0,12,0.0
36,18,34:60:f9:a1:88:62,,2,-68.0,0.0,-68.0,2,0.0
36,18,36:20:f9:a1:88:62,CSE OFFICE,2,-65.5,2.5,-65.5,2,2.5
36,18,8e:fa:5f:79:06:05,Ei j eta amar wifi,17,-65.24,1.63,-65.24,17,1.63
36,18,76:75:55:f3:a7:bd,Redmi Note 13 Pro,12,-64.42,1.32,-65.0,10,0.0
36,18,8e:94:a9:8d:65:5b,vivo Y27s,10,-68.0,0.0,-68.0,10,0.0
36,18,18:0f:76:c3:06:8d,CSE-304,11,-68.91,0.29,-69.0,10,0.0
36,18,aa:dc:7e:ea:37:18,moto edge 50 neo_3238,13,-61.77,3.79,-60.0,10,0.0
36,18,3e:92:f7:29:0d:11,Abrar Zahin's Galaxy A33 5G,2,-63.0,2.0,-63.0,2,2.0
36,18,ba:61:33:5d:51:8b,Oggy,3,-69.33,0.47,-69.33,3,0.47
36,18,30:b5:c2:ea:5b:44,DataLab@BUET,2,-68.0,4.0,-68.0,2,4.0
36,18,56:f1:5f:2e:f3:7a,Horion_yj,1,-71.0,0.0,-71.0,1,0.0
36,18,1a:50:a7:f3:20:79,DoYouKnow ,6,-90.0,1.83,-90.0,6,1.83
36,18,00:22:b0:05:f3:bc,CSE-204,3,-75.0,2.83,-75.0,3,2.83
36,18,3e:46:39:33:ac:0b,Galaxy A30s40BC,1,-78.0,0.0,-78.0,1,0.0
36,18,0a:54:a5:5f:17:37,Galaxy S22C48A,3,-67.0,2.16,-67.0,3,2.16
36,18,bc:62:ce:6a:3a:2a,RBH 204,1,-79.0,0.0,-79.0,1,0.0
36,18,e2:fd:30:fe:69:73,Anirban,2,-67.5,0.5,-67.5,2,0.5
36,18,96:26:00:ef:b2:d5,AlAmin,1,-72.0,0.0,-72.0,1,0.0
36,18,1c:61:b4:9c:7a:1a,,1,-81.0,0.0,-81.0,1,0.0
36,18,bc:22:28:21:55:6e,CSE-104,1,-74.0,0.0,-74.0,1,0.0
36,18,46:c4:90:f1:0a:2a,Galaxy S23 Ultra 8407,2,-69.0,0.0,-69.0,2,0.0
36,18,d6:e6:83:e5:58:d7,Redmi Note 12 Pro,2,-76.0,0.0,-76.0,2,0.0
37,18,2c:fe:e2:59:d0:c2,Horion_e9,18,-67.06,4.38,-67.06,18,4.38
37,18,0c:80:63:b5:d6:d2,ROOM-513,5,-73.2,0.98,-73.2,5,0.98
37,18,1a:50:a7:f3:20:79,DoYouKnow ,14,-80.86,3.48,-80.86,14,3.48
37,18,60:63:4c:31:37:40,CSE-303,18,-49.94,2.22,-50.56,16,1.46
37,18,60:63:4c:31:37:48,dlink,18,-81.44,4.76,-81.44,18,4.76
37,18,34:60:f9:a1:88:63,,5,-82.8,1.47,-82.8,5,1.47
37,18,f4:8c:eb:c5:c7:aa,EMC-504,2,-66.0,0.0,-66.0,2,0.0
37,18,c6:10:ef:ee:57:ec,pixel,18,-75.67,2.21,-75.45,11,0.5
37,18,36:62:f9:a1:88:63,CSE OFFICE,2,-80.0,0.0,-80.0,2,0.0
37,18,4e:e8:ef:1a:c1:95,Mahdi,6,-64.17,0.69,-64.17,6,0.69
37,18,62:d5:76:41:44:83,Pixel,15,-77.73,2.54,-77.29,14,1.98
37,18,bc:22:28:21:09:24,CSE-205,11,-50.09,1.44,-50.09,11,1.44
37,18,bc:22:28:21:09:22,,11,-53.0,6.31,-53.0,11,6.31
37,18,bc:22:28:21:09:21,,5,-56.4,4.41,-56.4,5,4.41
37,18,56:f1:5f:2e:f3:7a,Horion_yj,6,-67.0,1.0,-67.0,6,1.0
37,18,34:60:f9:a1:88:57,,3,-88.0,0.0,-88.0,3,0.0
37,18,76:75:55:f3:a7:bd,Redmi Note 13 Pro,9,-61.0,5.72,-61.0,9,5.72
37,18,30:b5:c2:ea:5b:44,DataLab@BUET,6,-67.0,0.0,-67.0,6,0.0
37,18,12:38:f1:f0:25:6e,OPPO F21 Pro,6,-65.0,2.0,-65.0,6,2.0
37,18,8e:fa:5f:79:06:05,Ei j eta amar wifi,4,-67.5,0.87,-67.5,4,0.87
37,18,3e:92:f7:29:0d:11,Abrar Zahin's Galaxy A33 5G,6,-74.0,2.0,-74.0,6,2.0
37,18,7a:ec:99:a0:87:01,Abhishek's A55,12,-61.75,1.79,-61.75,12,1.79
37,18,e2:fd:30:fe:69:73,Anirban,6,-68.5,0.5,-68.5,6,0.5
37,18,1e:61:b4:ac:7a:1a,CSE-306BL,3,-72.0,0.0,-72.0,3,0.0
37,18,42:91:83:46:e0:61,Churoot,13,-74.15,2.68,-74.75,12,1.79
37,18,c2:3b:04:a2:01:1f,getIP().hackDevice(),7,-83.43,1.68,-83.43,7,1.68
37,18,aa:dc:7e:ea:37:18,moto edge 50 neo_3238,6,-56.0,1.0,-56.0,6,1.0
37,18,7a:ae:58:61:a1:27,NK,3,-60.0,0.0,-60.0,3,0.0
37,18,56:77:3d:1c:98:93,Redmi 11 Prime,3,-64.0,0.0,-64.0,3,0.0
37,18,c2:c4:fb:a2:01:1f,getIP().hackDevice(),3,-67.0,0.0,-67.0,3,0.0
37,18,52:29:6f:70:e8:02,Shakshor,4,-65.75,11.69,-65.75,4,11.69
38,15,3e:92:f7:29:0d:11,Abrar Zahin's Galaxy A33 5G,2,-76.0,1.0,-76.0,2,1.0
38,15,62:d5:76:41:44:83,Pixel,6,-69.5,2.93,-68.2,5,0.4
38,15,2c:fe:e2:59:d0:c2,Horion_e9,15,-76.2,1.38,-76.2,15,1.38
38,15,34:60:f9:a1:88:63,,1,-91.0,0.0,-91.0,1,0.0
38,15,24:2f:d0:88:4c:62,,1,-81.0,0.0,-81.0,1,0.0
38,15,36:62:f9:a1:88:57,CSE OFFICE,11,-85.0,2.37,-86.0,9,0.0
38,15,bc:22:28:21:09:22,,2,-74.0,5.0,-74.0,2,5.0
38,15,bc:22:28:21:09:21,,1,-77.0,0.0,-77.0,1,0.0
38,15,ba:61:33:5d:51:8b,Oggy,2,-65.5,2.5,-65.5,2,2.5
38,15,42:91:83:46:e0:61,Churoot,15,-78.33,4.51,-78.33,15,4.51
38,15,7a:ec:99:a0:87:01,Abhishek's A55,2,-59.5,7.5,-59.5,2,7.5
38,15,1a:50:a7:f3:20:79,DoYouKnow ,15,-70.87,2.16,-70.87,15,2.16
38,15,52:29:6f:70:e8:02,Shakshor,15,-71.07,4.23,-72.14,14,1.36
38,15,e2:fd:30:fe:69:73,Anirban,10,-75.4,1.2,-75.0,9,0.0
38,15,60:63:4c:31:37:40,CSE-303,10,-68.8,3.6,-70.0,9,0.0
38,15,5e:a9:31:22:bb:0a,CSE-LAB,2,-70.0,4.0,-70.0,2,4.0
38,15,36:20:f9:a1:8b:8e,CSE OFFICE,1,-79.0,0.0,-79.0,1,0.0
38,15,36:62:f9:a1:88:63,CSE OFFICE,14,-81.0,4.87,-81.0,14,4.87
38,15,1c:61:b4:9c:79:f2,,1,-75.0,0.0,-75.0,1,0.0
38,15,34:60:f9:a1:88:57,,1,-84.0,0.0,-84.0,1,0.0
38,15,4e:e8:ef:1a:c1:95,Mahdi,15,-46.53,1.59,-46.21,14,1.08
38,15,c2:3b:04:a2:01:1f,getIP().hackDevice(),11,-88.18,0.39,-88.0,9,0.0
38,15,60:63:4c:31:37:48,dlink,15,-82.07,0.93,-82.29,14,0.45
38,15,5c:e9:31:22:bb:0a,,1,-66.0,0.0,-66.0,1,0.0
38,15,5c:e8:d3:0a:1e:e0,Free,1,-71.0,0.0,-71.0,1,0.0
38,15,bc:22:28:21:09:24,CSE-205,1,-67.0,0.0,-67.0,1,0.0
38,15,36:20:f9:a1:88:56,CSE OFFICE,10,-73.3,2.1,-74.0,9,0.0
38,15,56:f1:5f:2e:f3:7a,Horion_yj,14,-59.64,3.58,-59.64,14,3.58
38,15,00:22:b0:05:f3:bc,CSE-204,5,-65.8,0.4,-66.0,4,0.0
38,15,bc:22:28:21:55:6e,CSE-104,14,-64.21,2.4,-63.77,13,1.85
38,15,7a:ae:58:61:a1:27,NK,1,-68.0,0.0,-68.0,1,0.0
38,15,76:75:55:f3:a7:bd,Redmi Note 13 Pro,14,-72.36,3.24,-72.36,14,3.24
38,15,24:2f:d0:88:39:a3,,4,-94.0,0.0,-94.0,4,0.0
38,15,36:20:f9:a1:88:62,CSE OFFICE,13,-68.31,5.54,-68.31,13,5.54
38,15,26:2a:d0:88:39:a3,IAC,13,-93.0,0.0,-93.0,13,0.0
39,18,2c:fe:e2:59:d0:c2,Horion_e9,18,-79.89,5.74,-79.89,18,5.74
39,18,1a:50:a7:f3:20:79,DoYouKnow ,18,-72.06,3.52,-73.79,14,1.21
39,18,60:63:4c:31:37:40,CSE-303,7,-56.43,1.76,-57.0,6,1.15
39,18,76:75:55:f3:a7:bd,Redmi Note 13 Pro,8,-62.5,5.52,-60.71,7,3.06
39,18,30:b5:c2:ea:5b:44,DataLab@BUET,1,-70.0,0.0,-70.0,1,0.0
39,18,c6:ef:10:ee:57:ec,pixel,12,-69.83,5.43,-72.0,10,0.0
39,18,c6:10:ef:ee:57:ec,pixel,15,-55.33,12.04,-51.0,13,4.95
39,18,5c:e8:d3:0a:1e:e0,Free,11,-66.09,0.29,-66.0,10,0.0
39,18,24:2f:d0:88:39:a2,,5,-72.8,0.98,-72.8,5,0.98
39,18,4e:e8:ef:1a:c1:95,Mahdi,18,-35.5,2.03,-35.82,17,1.58
39,18,26:2f:d0:88:39:a2,IAC,3,-74.33,1.25,-74.33,3,1.25
39,18,bc:22:28:21:09:22,,5,-74.0,2.0,-74.0,5,2.0
39,18,bc:22:28:21:09:21,,18,-75.11,2.26,-75.11,18,2.26
39,18,26:2f:d0:88:4c:62,IAC,2,-80.5,1.5,-80.5,2,1.5
39,18,00:22:b0:05:f3:bc,CSE-204,17,-61.53,2.15,-61.94,16,1.43
39,18,bc:22:28:21:55:6e,CSE-104,14,-72.86,3.42,-72.86,14,3.42
39,18,56:f1:5f:2e:f3:7a,Horion_yj,18,-57.94,4.18,-57.94,18,4.18
39,18,e2:fd:30:fe:69:73,Anirban,13,-71.46,3.88,-73.0,10,0.0
39,18,34:60:f9:a1:88:57,,5,-83.6,3.5,-83.6,5,3.5
39,18,34:60:f9:a1:88:56,,15,-60.8,2.48,-61.23,13,0.42
39,18,34:60:f9:a1:88:62,,6,-65.17,2.79,-66.4,5,0.49
39,18,34:60:f9:a1:88:63,,18,-86.83,1.57,-86.83,18,1.57
39,18,5a:e6:b4:de:a1:ae,realme 9,17,-55.88,2.17,-55.0,12,0.0
39,18,1c:61:b4:9c:79:f2,,4,-72.5,3.04,-72.5,4,3.04
39,18,8e:fa:5f:79:06:05,Ei j eta amar wifi,3,-75.67,4.92,-75.67,3,4.92
39,18,3e:92:f7:29:0d:11,Abrar Zahin's Galaxy A33 5G,12,-68.83,3.58,-70.0,10,0.0
39,18,52:29:6f:70:e8:02,Shakshor,18,-64.0,4.85,-64.0,18,4.85
39,18,36:20:f9:a1:88:62,CSE OFFICE,14,-65.79,1.7,-66.0,11,0.0
39,18,36:62:f9:a1:88:63,CSE OFFICE,18,-86.89,1.59,-86.89,18,1.59
39,18,36:62:f9:a1:88:57,CSE OFFICE,18,-85.5,2.67,-85.88,17,2.22
39,18,36:20:f9:a1:88:56,CSE OFFICE,14,-60.21,2.4,-59.0,11,0.0
39,18,7a:ec:99:a0:87:01,Abhishek's A55,12,-59.25,5.07,-57.0,10,0.0
39,18,1c:61:b4:9c:7a:1a,,13,-68.08,1.14,-68.0,10,0.0
39,18,18:0f:76:c3:06:8d,CSE-304,18,-55.11,4.05,-54.0,13,0.0
39,18,c2:3b:04:a2:01:1f,getIP().hackDevice(),7,-87.14,2.1,-86.33,6,0.75
39,18,42:91:83:46:e0:61,Churoot,1,-92.0,0.0,-92.0,1,0.0
39,18,1e:61:b4:ac:79:f2,CSE-306BL,2,-76.0,0.0,-76.0,2,0.0
39,18,6a:66:d2:07:a3:61,Juice Pila do. Mosambi Ka! 🥹,5,-69.4,3.5,-67.75,4,1.3
39,18,ba:61:33:5d:51:8b,Oggy,16,-66.38,5.1,-66.38,16,5.1
39,18,7a:ae:58:61:a1:27,NK,16,-47.25,1.03,-47.0,13,0.0
39,18,96:21:ee:e2:9f:97,Tanvir,1,-79.0,0.0,-79.0,1,0.0
39,18,34:e8:94:10:7d:fa,Hall of Fame,1,-76.0,0.0,-76.0,1,0.0
39,18,bc:22:28:21:09:24,CSE-205,1,-64.0,0.0,-64.0,1,0.0
39,18,46:c4:90:f1:0a:2a,Galaxy S23 Ultra 8407,3,-70.67,3.68,-70.67,3,3.68
39,18,56:f1:5f:72:68:1c,Horion_dx,1,-67.0,0.0,-67.0,1,0.0
39,18,1e:61:b4:ac:7a:1a,CSE-306BL,1,-69.0,0.0,-69.0,1,0.0
39,18,34:60:f9:a1:8b:8e,,1,-73.0,0.0,-73.0,1,0.0
40,18,2c:fe:e2:59:d0:c2,Horion_e9,18,-85.28,3.49,-85.82,17,2.75
40,18,56:f1:5f:2e:f3:7a,Horion_yj,18,-56.39,5.55,-56.69,13,1.38
40,18,1a:50:a7:f3:20:79,DoYouKnow ,18,-75.83,4.0,-75.83,18,4.0
40,18,60:63:4c:31:37:40,CSE-303,18,-60.22,2.15,-60.22,18,2.15
40,18,26:2a:d0:88:39:a3,IAC,10,-91.8,2.14,-92.75,8,0.43
40,18,34:60:f9:a1:88:57,,8,-85.0,2.6,-85.0,8,2.6
40,18,34:60:f9:a1:88:56,,13,-65.23,3.94,-65.67,9,0.47
40,18,76:75:55:f3:a7:bd,Redmi Note 13 Pro,10,-72.9,2.59,-73.44,9,2.11
40,18,34:60:f9:a1:88:62,,13,-68.77,3.02,-68.77,13,3.02
40,18,34:60:f9:a1:88:63,,13,-81.92,3.47,-80.73,11,2.22
40,18,c6:ef:10:ee:57:ec,pixel,2,-71.0,6.0,-71.0,2,6.0
40,18,5a:e6:b4:de:a1:ae,realme 9,10,-66.7,4.5,-66.7,10,4.5
40,18,46:c4:90:f1:0a:2a,Galaxy S23 Ultra 8407,16,-61.12,3.5,-61.12,16,3.5
40,18,c6:10:ef:ee:57:ec,pixel,13,-71.46,5.02,-72.83,12,1.67
40,18,1c:61:b4:9c:79:f2,,2,-69.5,3.5,-69.5,2,3.5
40,18,5c:e8:d3:0a:1e:e0,Free,9,-60.67,6.96,-57.43,7,1.05
40,18,ba:61:33:5d:51:8b,Oggy,3,-69.0,5.1,-69.0,3,5.1
40,18,24:2f:d0:88:39:a3,,17,-91.71,1.45,-92.0,16,0.87
40,18,24:2f:d0:88:39:a2,,11,-71.09,3.09,-71.09,11,3.09
40,18,52:29:6f:70:e8:02,Shakshor,18,-72.78,1.99,-73.38,16,1.11
40,18,36:20:f9:a1:88:62,CSE OFFICE,4,-66.25,3.63,-66.25,4,3.63
40,18,36:62:f9:a1:88:63,CSE OFFICE,18,-82.5,2.81,-81.4,15,1.45
40,18,4e:e8:ef:1a:c1:95,Mahdi,18,-45.61,3.87,-45.0,13,0.39
40,18,c2:3b:04:a2:01:1f,getIP().hackDevice(),11,-89.55,1.97,-90.33,9,1.15
40,18,fa:b5:62:5b:af:73,Redmi Note 10S,2,-84.0,5.0,-84.0,2,5.0
40,18,26:2f:d0:88:39:a2,IAC,13,-72.08,3.69,-72.08,13,3.69
40,18,36:62:f9:a1:88:57,CSE OFFICE,18,-85.17,2.06,-85.09,11,0.29
40,18,bc:22:28:21:09:21,,13,-81.31,4.29,-82.91,11,1.68
40,18,36:20:f9:a1:88:56,CSE OFFICE,17,-67.06,4.21,-67.06,17,4.21
40,18,7a:ec:99:a0:87:01,Abhishek's A55,8,-58.38,7.53,-55.0,6,0.0
40,18,00:22:b0:05:f3:bc,CSE-204,13,-66.85,2.68,-66.85,13,2.68
40,18,1c:61:b4:9c:7a:1a,,4,-71.75,4.09,-71.75,4,4.09
40,18,bc:22:28:21:55:6e,CSE-104,18,-67.39,2.31,-67.76,17,1.77
40,18,7a:ae:58:61:a1:27,NK,17,-62.76,4.41,-62.76,17,4.41
40,18,56:77:3d:1c:98:93,Redmi 11 Prime,1,-79.0,0.0,-79.0,1,0.0
40,18,ce:ad:71:f7:d6:3f,,1,-68.0,0.0,-68.0,1,0.0
40,18,6a:66:d2:07:a3:61,Juice Pila do. Mosambi Ka! 🥹,9,-69.0,4.0,-70.25,8,1.98
40,18,3e:92:f7:29:0d:11,Abrar Zahin's Galaxy A33 5G,9,-67.22,0.42,-67.0,7,0.0
40,18,aa:dc:7e:ea:37:18,moto edge 50 neo_3238,14,-62.5,7.38,-62.5,14,7.38
40,18,bc:22:28:21:09:22,,12,-79.58,3.8,-79.58,12,3.8
40,18,56:f1:5f:72:68:1c,Horion_dx,1,-69.0,0.0,-69.0,1,0.0
40,18,5e:a9:31:22:bb:0a,CSE-LAB,2,-67.5,0.5,-67.5,2,0.5
40,18,18:0f:76:c3:06:8d,CSE-304,16,-53.25,1.15,-53.38,13,0.49
40,18,60:63:4c:31:37:60,CSE-306,1,-86.0,0.0,-86.0,1,0.0
40,18,5c:e9:31:22:bb:0a,,1,-67.0,0.0,-67.0,1,0.0
40,18,26:2f:d0:88:4c:62,IAC,8,-75.38,1.58,-75.0,5,0.0
40,18,1e:61:b4:ac:7a:1a,CSE-306BL,5,-76.0,0.0,-76.0,5,0.0
40,18,bc:22:28:21:09:24,CSE-205,5,-76.0,0.0,-76.0,5,0.0
40,18,24:2f:d0:88:4c:62,,6,-76.33,1.49,-77.0,5,0.0
40,18,1e:61:b4:ac:79:f2,CSE-306BL,7,-77.0,0.0,-77.0,7,0.0
40,18,34:e8:94:10:7d:fa,Hall of Fame,5,-76.0,0.0,-76.0,5,0.0
41,18,2c:fe:e2:59:d0:c2,Horion_e9,18,-78.28,4.95,-78.28,18,4.95
41,18,da:55:41:3a:44:5b,Ara,1,-53.0,0.0,-53.0,1,0.0
41,18,1a:50:a7:f3:20:79,DoYouKnow ,18,-75.78,3.44,-76.88,16,1.58
41,18,8a:c6:f0:bb:61:49,amim,1,-67.0,0.0,-67.0,1,0.0
41,18,60:63:4c:31:37:48,dlink,18,-82.11,1.49,-82.11,18,1.49
41,18,5a:e6:b4:de:a1:ae,realme 9,18,-51.89,5.12,-50.76,17,2.24
41,18,46:c4:90:f1:0a:2a,Galaxy S23 Ultra 8407,6,-61.33,6.13,-61.33,6,6.13
41,18,96:21:ee:e2:9f:97,Tanvir,1,-61.0,0.0,-61.0,1,0.0
41,18,8e:fa:5f:79:06:05,Ei j eta amar wifi,1,-56.0,0.0,-56.0,1,0.0
41,18,c2:c4:fb:a2:01:1f,getIP().hackDevice(),15,-73.8,3.97,-74.79,14,1.52
41,18,4e:e8:ef:1a:c1:95,Mahdi,10,-53.1,2.7,-53.1,10,2.7
41,18,c2:3b:04:a2:01:1f,getIP().hackDevice(),18,-71.83,2.67,-71.83,18,2.67
41,18,aa:dc:7e:ea:37:18,moto edge 50 neo_3238,12,-69.0,4.3,-69.0,12,4.3
41,18,bc:62:ce:6a:3a:2a,RBH 204,4,-72.5,4.33,-72.5,4,4.33
41,18,62:d5:76:41:44:83,Pixel,1,-63.0,0.0,-63.0,1,0.0
41,18,7a:ec:99:a0:87:01,Abhishek's A55,1,-43.0,0.0,-43.0,1,0.0
41,18,fe:a6:d1:4e:1c:86,narzo 50,1,-67.0,0.0,-67.0,1,0.0
41,18,00:22:b0:05:f3:bc,CSE-204,18,-56.67,5.09,-56.67,18,5.09
41,18,7a:ae:58:61:a1:27,NK,18,-66.44,2.27,-66.44,18,2.27
41,18,18:0f:76:c3:06:8d,CSE-304,18,-50.67,4.35,-49.71,17,1.84
41,18,10:62:eb:77:b7:42,CSE-G04,4,-71.0,0.0,-71.0,4,0.0
41,18,6a:66:d2:07:a3:61,Juice Pila do. Mosambi Ka! 🥹,6,-58.0,8.0,-58.0,6,8.0
41,18,c6:10:ef:ee:57:ec,pixel,3,-85.0,0.0,-85.0,3,0.0
41,18,56:b0:f4:42:18:c1,narzo 50 Pro 5G,5,-75.2,3.43,-75.2,5,3.43
41,18,52:29:6f:70:e8:02,Shakshor,17,-71.18,2.09,-71.18,17,2.09
41,18,56:f1:5f:72:68:1c,Horion_dx,14,-75.36,2.97,-74.0,9,0.0
41,18,36:62:f9:a1:88:57,CSE OFFICE,14,-76.43,1.55,-76.43,14,1.55
41,18,36:20:f9:a1:88:56,CSE OFFICE,6,-53.5,0.5,-53.5,6,0.5
41,18,1e:61:b4:ac:79:f2,CSE-306BL,3,-67.0,0.0,-67.0,3,0.0
41,18,60:63:4c:31:37:40,CSE-303,3,-55.0,0.0,-55.0,3,0.0
41,18,1a:aa:2b:0a:98:c9,Ekta hotspot,9,-75.0,0.0,-75.0,9,0.0
41,18,3e:92:f7:29:0d:11,Abrar Zahin's Galaxy A33 5G,3,-64.0,0.0,-64.0,3,0.0
41,18,5c:e9:31:22:bb:0a,,6,-62.0,0.0,-62.0,6,0.0
41,18,fa:b5:62:5b:af:73,Redmi Note 10S,2,-62.0,0.0,-62.0,2,0.0
41,18,bc:22:28:21:55:6e,CSE-104,2,-58.0,0.0,-58.0,2,0.0
42,18,5c:e9:31:22:bb:0a,,2,-72.5,2.5,-72.5,2,2.5
42,18,2c:fe:e2:59:d0:c2,Horion_e9,8,-82.75,4.63,-82.75,8,4.63
42,18,5c:e8:d3:0a:1e:e0,Free,6,-68.5,5.06,-68.5,4,1.5
42,18,36:62:f9:a1:88:57,CSE OFFICE,17,-78.71,3.01,-78.83,12,0.69
42,18,56:f1:5f:72:68:1c,Horion_dx,1,-73.0,0.0,-73.0,1,0.0
42,18,36:20:f9:a1:88:56,CSE OFFICE,17,-62.53,2.15,-62.92,12,0.49
42,18,ba:61:33:5d:51:8b,Oggy,15,-71.47,5.82,-71.47,15,5.82
42,18,7a:ec:99:a0:87:01,Abhishek's A55,1,-62.0,0.0,-62.0,1,0.0
42,18,1a:50:a7:f3:20:79,DoYouKnow ,18,-65.06,4.29,-65.06,18,4.29
42,18,56:f1:5f:2e:f3:7a,Horion_yj,9,-66.78,2.39,-66.78,9,2.39
42,18,6a:66:d2:07:a3:61,Juice Pila do. Mosambi Ka! 🥹,3,-63.33,4.64,-63.33,3,4.64
42,18,52:29:6f:70:e8:02,Shakshor,17,-66.12,3.22,-67.43,14,1.35
42,18,00:22:b0:05:f3:bc,CSE-204,16,-71.81,12.23,-71.81,16,12.23
42,18,34:60:f9:a1:8b:8e,,1,-79.0,0.0,-79.0,1,0.0
42,18,60:63:4c:31:37:40,CSE-303,18,-62.39,7.35,-59.94,16,2.59
42,18,5a:e6:b4:de:a1:ae,realme 9,16,-68.62,3.72,-68.62,16,3.72
42,18,7a:ae:58:61:a1:27,NK,15,-70.33,3.03,-71.0,14,1.77
42,18,c6:10:ef:ee:57:ec,pixel,1,-74.0,0.0,-74.0,1,0.0
42,18,34:e8:94:10:7d:fa,Hall of Fame,16,-72.19,4.64,-72.0,9,0.0
42,18,56:b0:f4:42:18:c1,narzo 50 Pro 5G,1,-79.0,0.0,-79.0,1,0.0
42,18,aa:dc:7e:ea:37:18,moto edge 50 neo_3238,10,-66.1,0.3,-66.0,9,0.0
42,18,34:60:f9:a1:88:56,,15,-61.33,1.25,-61.0,11,0.0
42,18,76:75:55:f3:a7:bd,Redmi Note 13 Pro,18,-59.33,7.92,-57.53,17,2.81
42,18,34:60:f9:a1:88:62,,6,-72.17,6.18,-72.17,6,6.18
42,18,1e:61:b4:ac:79:f2,CSE-306BL,14,-72.86,1.46,-73.0,10,0.0
42,18,bc:22:28:21:55:6e,CSE-104,7,-77.57,3.29,-77.57,7,3.29
42,18,18:0f:76:c3:06:8d,CSE-304,14,-51.79,1.21,-52.0,9,0.0
42,18,36:20:f9:a1:8b:8e,CSE OFFICE,2,-76.5,2.5,-76.5,2,2.5
42,18,36:62:f9:a1:88:63,CSE OFFICE,5,-83.8,3.49,-85.0,3,0.0
42,18,1c:61:b4:9c:79:f2,,11,-75.45,1.44,-76.0,9,0.0
42,18,4e:e8:ef:1a:c1:95,Mahdi,16,-72.06,3.33,-72.53,15,2.87
42,18,c2:3b:04:a2:01:1f,getIP().hackDevice(),16,-82.44,6.13,-85.0,11,0.0
42,18,bc:22:28:21:09:22,,7,-81.57,3.85,-81.57,7,3.85
42,18,24:2f:d0:88:4c:62,,1,-81.0,0.0,-81.0,1,0.0
42,18,24:2f:d0:88:39:a2,,3,-72.67,5.19,-72.67,3,5.19
42,18,36:20:f9:a1:88:62,CSE OFFICE,4,-69.25,1.79,-69.25,4,1.79
42,18,ce:ad:71:f7:d6:3f,,2,-75.5,3.5,-75.5,2,3.5
42,18,46:c4:90:f1:0a:2a,Galaxy S23 Ultra 8407,1,-81.0,0.0,-81.0,1,0.0
42,18,60:63:4c:31:37:60,CSE-306,5,-82.6,3.56,-82.6,5,3.56
42,18,34:60:f9:a1:88:57,,3,-80.0,4.24,-80.0,3,4.24
42,18,c8:e7:d8:89:f1:a6,Imran_Fast Network_01708529844,4,-82.5,0.87,-82.5,4,0.87
42,18,26:2f:d0:88:39:a2,IAC,1,-74.0,0.0,-74.0,1,0.0
42,18,34:60:f9:a1:88:63,,3,-86.33,0.94,-86.33,3,0.94
42,18,bc:22:28:21:09:21,,3,-83.33,2.36,-83.33,3,2.36
42,18,5e:a9:31:22:bb:0a,CSE-LAB,4,-71.75,3.27,-71.75,4,3.27
42,18,70:4c:a5:95:b6:00,BUET-Free-WiFi,2,-85.0,1.0,-85.0,2,1.0
42,18,80:af:ca:11:95:ea,Graduate Lobby,1,-83.0,0.0,-83.0,1,0.0
42,18,c2:c4:fb:a2:01:1f,getIP().hackDevice(),3,-82.67,0.94,-82.67,3,0.94
42,18,30:b5:c2:ea:5b:44,DataLab@BUET,3,-78.67,4.71,-78.67,3,4.71
42,18,70:4c:a5:95:b6:01,eduroam,1,-86.0,0.0,-86.0,1,0.0
42,18,1c:61:b4:9c:7a:1a,,1,-73.0,0.0,-73.0,1,0.0
42,18,fa:b5:62:5b:af:73,Redmi Note 10S,2,-67.0,0.0,-67.0,2,0.0
43,18,2c:fe:e2:59:d0:c2,Horion_e9,18,-82.89,3.0,-82.89,18,3.0
43,18,1a:50:a7:f3:20:79,DoYouKnow ,18,-69.06,6.58,-69.06,18,6.58
43,18,34:60:f9:a1:88:63,,17,-87.47,3.97,-87.47,17,3.97
43,18,5a:e6:b4:de:a1:ae,realme 9,18,-55.06,7.6,-55.06,18,7.6
43,18,c6:10:ef:ee:57:ec,pixel,1,-93.0,0.0,-93.0,1,0.0
43,18,ba:61:33:5d:51:8b,Oggy,18,-40.33,2.6,-40.67,15,0.47
43,18,52:29:6f:70:e8:02,Shakshor,18,-74.06,6.78,-74.06,18,6.78
43,18,4e:e8:ef:1a:c1:95,Mahdi,15,-62.73,1.88,-63.0,12,0.0
43,18,36:62:f9:a1:88:57,CSE OFFICE,18,-80.0,1.83,-80.0,18,1.83
43,18,00:22:b0:05:f3:bc,CSE-204,9,-55.89,5.36,-54.38,8,3.43
43,18,7a:ae:58:61:a1:27,NK,7,-67.0,4.17,-68.5,6,2.14
43,18,18:0f:76:c3:06:8d,CSE-304,12,-62.25,1.36,-63.0,9,0.0
43,18,56:f1:5f:2e:f3:7a,Horion_yj,12,-68.42,1.75,-69.0,9,0.0
43,18,76:75:55:f3:a7:bd,Redmi Note 13 Pro,14,-61.79,5.21,-61.79,14,5.21
43,18,6a:66:d2:07:a3:61,Juice Pila do. Mosambi Ka! 🥹,1,-59.0,0.0,-59.0,1,0.0
43,18,46:c4:90:f1:0a:2a,Galaxy S23 Ultra 8407,13,-72.15,1.75,-73.0,9,0.0
43,18,36:20:f9:a1:88:62,CSE OFFICE,1,-75.0,0.0,-75.0,1,0.0
43,18,c2:3b:04:a2:01:1f,getIP().hackDevice(),17,-67.29,2.65,-67.29,17,2.65
43,18,36:20:f9:a1:88:56,CSE OFFICE,8,-57.38,2.64,-58.0,5,0.0
43,18,34:e8:94:10:7d:fa,Hall of Fame,3,-70.67,4.5,-70.67,3,4.5
43,18,fa:b5:62:5b:af:73,Redmi Note 10S,16,-75.94,8.56,-75.94,16,8.56
43,18,26:2f:d0:88:4c:62,IAC,10,-80.1,0.3,-80.0,9,0.0
43,18,24:2f:d0:88:39:a2,,9,-78.0,0.0,-78.0,9,0.0
43,18,36:62:f9:a1:88:63,CSE OFFICE,10,-92.7,0.9,-93.0,9,0.0
43,18,c2:c4:fb:a2:01:1f,getIP().hackDevice(),5,-72.6,3.01,-72.6,5,3.01
43,18,5e:a9:31:22:bb:0a,CSE-LAB,1,-66.0,0.0,-66.0,1,0.0
43,18,60:63:4c:31:37:40,CSE-303,4,-64.75,3.9,-64.75,4,3.9
43,18,30:b5:c2:ea:5b:44,DataLab@BUET,2,-70.0,1.0,-70.0,2,1.0
43,18,3e:92:f7:29:0d:11,Abrar Zahin's Galaxy A33 5G,3,-64.0,0.0,-64.0,3,0.0
43,18,aa:dc:7e:ea:37:18,moto edge 50 neo_3238,3,-73.0,0.0,-73.0,3,0.0
44,20,34:60:f9:a1:88:62,,1,-73.0,0.0,-73.0,1,0.0
44,20,5c:e8:d3:0a:1e:e0,Free,2,-64.0,4.0,-64.0,2,4.0
44,20,2c:fe:e2:59:d0:c2,Horion_e9,20,-80.85,1.49,-81.0,18,0.0
44,20,56:f1:5f:72:68:1c,Horion_dx,1,-68.0,0.0,-68.0,1,0.0
44,20,30:b5:c2:ea:5b:44,DataLab@BUET,1,-71.0,0.0,-71.0,1,0.0
44,20,1a:50:a7:f3:20:79,DoYouKnow ,1,-46.0,0.0,-46.0,1,0.0
44,20,56:f1:5f:2e:f3:7a,Horion_yj,20,-45.1,3.36,-44.0,18,0.0
44,20,52:29:6f:70:e8:02,Shakshor,1,-61.0,0.0,-61.0,1,0.0
44,20,60:63:4c:31:37:40,CSE-303,1,-63.0,0.0,-63.0,1,0.0
44,20,1e:61:b4:ac:7a:1a,CSE-306BL,1,-69.0,0.0,-69.0,1,0.0
44,20,7a:ae:58:61:a1:27,NK,20,-50.8,0.68,-51.0,18,0.0
44,20,18:0f:76:c3:06:8d,CSE-304,1,-53.0,0.0,-53.0,1,0.0
44,20,c2:3b:04:a2:01:1f,getIP().hackDevice(),20,-83.6,1.98,-84.0,18,0.0
44,20,76:75:55:f3:a7:bd,Redmi Note 13 Pro,19,-50.68,1.34,-51.0,18,0.0
44,20,3e:92:f7:29:0d:11,Abrar Zahin's Galaxy A33 5G,1,-62.0,0.0,-62.0,1,0.0
44,20,00:22:b0:05:f3:bc,CSE-204,19,-55.89,0.45,-56.0,18,0.0
44,20,bc:22:28:21:09:22,,1,-87.0,0.0,-87.0,1,0.0
44,20,5a:e6:b4:de:a1:ae,realme 9,19,-64.53,2.23,-64.0,18,0.0
44,20,ba:61:33:5d:51:8b,Oggy,1,-72.0,0.0,-72.0,1,0.0
44,20,36:62:f9:a1:88:57,CSE OFFICE,18,-88.0,0.0,-88.0,18,0.0
44,20,bc:22:28:21:09:21,,18,-88.0,0.0,-88.0,18,0.0
44,20,34:60:f9:a1:88:57,,18,-85.0,0.0,-85.0,18,0.0
44,20,fa:b5:62:5b:af:73,Redmi Note 10S,18,-73.0,0.0,-73.0,18,0.0
45,18,3e:92:f7:29:0d:11,Abrar Zahin's Galaxy A33 5G,18,-55.61,6.54,-57.44,16,4.26
45,18,34:60:f9:a1:88:62,,10,-63.0,1.67,-63.0,10,1.67
45,18,36:62:f9:a1:88:57,CSE OFFICE,18,-82.72,2.4,-82.69,16,1.83
45,18,bc:22:28:21:09:22,,18,-82.0,1.25,-81.62,16,0.6
45,18,bc:22:28:21:09:21,,12,-83.25,1.74,-83.25,12,1.74
45,18,36:20:f9:a1:88:56,CSE OFFICE,18,-56.5,1.71,-56.07,14,0.46
45,18,ce:ad:71:f7:d6:3f,,2,-76.0,2.0,-76.0,2,2.0
45,18,56:f1:5f:2e:f3:7a,Horion_yj,18,-63.17,2.97,-63.17,18,2.97
45,18,1a:50:a7:f3:20:79,DoYouKnow ,18,-71.22,6.55,-71.22,18,6.55
45,18,6a:66:d2:07:a3:61,Juice Pila do. Mosambi Ka! 🥹,2,-62.5,1.5,-62.5,2,1.5
45,18,52:29:6f:70:e8:02,Shakshor,18,-68.33,6.11,-69.59,17,3.34
45,18,bc:22:28:21:55:6e,CSE-104,17,-69.94,4.14,-69.94,17,4.14
45,18,36:20:f9:a1:88:62,CSE OFFICE,12,-63.5,2.6,-63.5,12,2.6
45,18,60:63:4c:31:37:40,CSE-303,17,-57.29,3.29,-57.29,17,3.29
45,18,00:22:b0:05:f3:51,CSE-108,1,-87.0,0.0,-87.0,1,0.0
45,18,5a:e6:b4:de:a1:ae,realme 9,18,-60.61,3.18,-60.06,17,2.29
45,18,18:0f:76:c3:06:8d,CSE-304,18,-51.28,9.17,-49.24,17,3.73
45,18,7a:ae:58:61:a1:27,NK,13,-62.92,3.52,-62.17,12,2.44
45,18,46:c4:90:f1:0a:2a,Galaxy S23 Ultra 8407,13,-66.08,3.91,-64.45,11,0.5
45,18,34:60:f9:a1:88:57,,12,-83.83,2.34,-83.44,9,0.68
45,18,4e:e8:ef:1a:c1:95,Mahdi,13,-58.92,11.53,-58.92,13,11.53
45,18,c2:3b:04:a2:01:1f,getIP().hackDevice(),18,-86.94,3.91,-87.41,17,3.5
45,18,34:60:f9:a1:88:56,,12,-56.5,2.5,-56.5,12,2.5
45,18,2c:fe:e2:59:d0:c2,Horion_e9,17,-83.82,1.38,-83.4,15,0.71
45,18,ba:61:33:5d:51:8b,Oggy,9,-61.67,1.56,-61.0,7,0.0
45,18,24:2f:d0:88:39:a2,,1,-79.0,0.0,-79.0,1,0.0
45,18,76:75:55:f3:a7:bd,Redmi Note 13 Pro,17,-59.41,3.71,-59.41,17,3.71
45,18,26:2f:d0:88:39:a2,IAC,7,-71.71,3.15,-70.5,6,1.12
45,18,00:22:b0:05:f3:bc,CSE-204,17,-64.53,11.63,-64.53,17,11.63
45,18,5e:a9:31:22:bb:0a,CSE-LAB,1,-65.0,0.0,-65.0,1,0.0
45,18,34:e8:94:10:7d:fa,Hall of Fame,7,-69.43,1.05,-69.0,6,0.0
45,18,5c:e8:d3:0a:1e:e0,Free,10,-68.3,2.37,-68.3,10,2.37
45,18,24:2f:d0:88:39:a3,,8,-88.38,0.7,-88.0,6,0.0
45,18,da:ee:60:35:62:33,🫶,7,-84.43,1.05,-84.0,6,0.0
45,18,60:63:4c:31:37:60,CSE-306,9,-83.33,2.62,-84.0,6,0.0
45,18,26:2a:d0:88:39:a3,IAC,7,-87.14,0.35,-87.0,6,0.0
45,18,aa:dc:7e:ea:37:18,moto edge 50 neo_3238,8,-67.5,1.0,-67.0,6,0.0
45,18,1e:61:b4:ac:79:f2,CSE-306BL,1,-70.0,0.0,-70.0,1,0.0
45,18,36:62:f9:a1:88:63,CSE OFFICE,5,-87.0,1.26,-87.0,5,1.26
45,18,fa:b5:62:5b:af:73,Redmi Note 10S,1,-75.0,0.0,-75.0,1,0.0
45,18,34:60:f9:a1:88:63,,5,-87.2,1.94,-87.2,5,1.94
45,18,c2:c4:fb:a2:01:1f,getIP().hackDevice(),1,-77.0,0.0,-77.0,1,0.0
45,18,70:4c:a5:95:b6:01,eduroam,1,-86.0,0.0,-86.0,1,0.0
45,18,1e:61:b4:ac:7a:1a,CSE-306BL,1,-72.0,0.0,-72.0,1,0.0
45,18,5c:e9:31:22:bb:0b,,1,-89.0,0.0,-89.0,1,0.0
45,18,5e:ea:31:22:bb:0b,CSE-LAB,1,-90.0,0.0,-90.0,1,0.0
45,18,1e:61:b4:ac:79:f3,CSE-306BL,2,-87.0,0.0,-87.0,2,0.0
45,18,bc:22:28:21:09:24,CSE-205,2,-64.0,0.0,-64.0,2,0.0
45,18,30:b5:c2:ea:5b:44,DataLab@BUET,2,-73.0,0.0,-73.0,2,0.0
45,18,36:20:f9:a1:8b:8e,CSE OFFICE,2,-72.0,0.0,-72.0,2,0.0
46,18,1a:50:a7:f3:20:79,DoYouKnow ,18,-77.0,5.29,-78.21,14,1.7
46,18,00:22:b0:05:f3:bc,CSE-204,6,-60.0,6.93,-60.0,6,6.93
46,18,2c:fe:e2:59:d0:c2,Horion_e9,17,-89.71,3.19,-89.71,17,3.19
46,18,c2:c4:fb:a2:01:1f,getIP().hackDevice(),12,-67.17,6.15,-70.0,9,0.0
46,18,60:63:4c:31:37:40,CSE-303,1,-76.0,0.0,-76.0,1,0.0
46,18,bc:22:28:21:09:22,,5,-81.2,5.81,-82.0,3,0.82
46,18,c6:10:ef:ee:57:ec,pixel,1,-96.0,0.0,-96.0,1,0.0
46,18,36:20:f9:a1:88:56,CSE OFFICE,18,-52.72,3.63,-52.94,16,2.08
46,18,12:38:f1:f0:25:6e,OPPO F21 Pro,1,-56.0,0.0,-56.0,1,0.0
46,18,c2:3b:04:a2:01:1f,getIP().hackDevice(),16,-56.75,6.78,-55.27,11,0.62
46,18,26:e4:72:86:6b:66,Torr20-tab,1,-80.0,0.0,-80.0,1,0.0
46,18,7a:ec:99:a0:87:01,Abhishek's A55,1,-70.0,0.0,-70.0,1,0.0
46,18,3e:92:f7:29:0d:11,Abrar Zahin's Galaxy A33 5G,4,-62.25,5.36,-62.25,4,5.36
46,18,36:62:f9:a1:88:57,CSE OFFICE,17,-75.53,2.25,-75.62,13,0.62
46,18,bc:22:28:21:09:21,,5,-83.8,2.93,-83.8,5,2.93
46,18,5c:e9:31:22:bb:0b,,3,-94.33,0.94,-94.33,3,0.94
46,18,56:f1:5f:2e:f3:7a,Horion_yj,4,-70.75,1.3,-70.75,4,1.3
46,18,52:29:6f:70:e8:02,Shakshor,17,-75.59,2.97,-75.0,11,0.0
46,18,34:60:f9:a1:88:57,,5,-76.4,2.06,-76.4,5,2.06
46,18,4e:e8:ef:1a:c1:95,Mahdi,10,-64.7,2.1,-64.0,9,0.0
46,18,fa:b5:62:5b:af:73,Redmi Note 10S,6,-75.83,4.74,-75.83,6,4.74
46,18,5a:e6:b4:de:a1:ae,realme 9,3,-70.0,0.82,-70.0,3,0.82
46,18,76:75:55:f3:a7:bd,Redmi Note 13 Pro,3,-74.33,1.89,-74.33,3,1.89
46,18,34:e8:94:10:7d:fa,Hall of Fame,10,-75.6,1.2,-76.0,9,0.0
46,18,ba:61:33:5d:51:8b,Oggy,3,-67.67,3.3,-67.67,3,3.3
46,18,30:b5:c2:ea:5b:44,DataLab@BUET,2,-71.5,1.5,-71.5,2,1.5
46,18,18:0f:76:c3:06:8d,CSE-304,3,-61.67,2.05,-61.67,3,2.05
46,18,7a:ae:58:61:a1:27,NK,2,-81.0,3.0,-81.0,2,3.0
46,18,aa:dc:7e:ea:37:18,moto edge 50 neo_3238,1,-76.0,0.0,-76.0,1,0.0
46,18,34:60:f9:a1:88:56,,1,-55.0,0.0,-55.0,1,0.0
46,18,70:4c:a5:95:a4:20,BUET-Free-WiFi,4,-86.5,1.5,-86.5,4,1.5
46,18,70:4c:a5:95:a4:21,eduroam,4,-86.25,1.09,-86.25,4,1.09
46,18,5e:ea:31:22:bb:0b,CSE-LAB,2,-91.0,0.0,-91.0,2,0.0
47,18,2c:fe:e2:59:d0:c2,Horion_e9,18,-83.33,1.25,-83.33,18,1.25
47,18,ba:61:33:5d:51:8b,Oggy,7,-68.43,2.66,-68.43,7,2.66
47,18,56:f1:5f:2e:f3:7a,Horion_yj,18,-54.72,1.79,-54.72,18,1.79
47,18,1a:50:a7:f3:20:79,DoYouKnow ,18,-67.72,2.47,-67.5,16,1.06
47,18,52:29:6f:70:e8:02,Shakshor,18,-69.33,6.28,-71.8,15,3.29
47,18,36:62:f9:a1:88:63,CSE OFFICE,17,-86.76,0.88,-87.0,14,0.0
47,18,4e:e8:ef:1a:c1:95,Mahdi,14,-58.5,3.83,-58.0,10,0.0
47,18,c2:3b:04:a2:01:1f,getIP().hackDevice(),6,-82.33,2.49,-83.0,4,0.0
47,18,aa:dc:7e:ea:37:18,moto edge 50 neo_3238,15,-60.2,1.38,-60.31,13,0.46
47,18,36:62:f9:a1:88:57,CSE OFFICE,18,-83.11,1.29,-82.87,15,0.62
47,18,36:20:f9:a1:88:56,CSE OFFICE,13,-63.38,3.93,-65.0,9,0.0
47,18,6a:66:d2:07:a3:61,Juice Pila do. Mosambi Ka! 🥹,1,-57.0,0.0,-57.0,1,0.0
47,18,00:22:b0:05:f3:bc,CSE-204,7,-61.57,4.17,-61.57,7,4.17
47,18,bc:22:28:21:55:6e,CSE-104,3,-66.33,0.94,-66.33,3,0.94
47,18,7a:ae:58:61:a1:27,NK,18,-50.44,3.58,-49.31,16,1.69
47,18,18:0f:76:c3:06:8d,CSE-304,17,-52.53,0.98,-53.0,13,0.0
47,18,5a:e6:b4:de:a1:ae,realme 9,4,-59.5,3.64,-59.5,4,3.64
47,18,56:f1:5f:72:68:1c,Horion_dx,2,-72.5,4.5,-72.5,2,4.5
47,18,46:c4:90:f1:0a:2a,Galaxy S23 Ultra 8407,14,-62.64,1.59,-62.31,13,1.07
47,18,24:2f:d0:88:39:a2,,1,-67.0,0.0,-67.0,1,0.0
47,18,26:2f:d0:88:39:a2,IAC,1,-68.0,0.0,-68.0,1,0.0
47,18,bc:22:28:21:09:22,,5,-79.8,1.47,-79.8,5,1.47
47,18,60:63:4c:31:37:40,CSE-303,14,-59.64,1.95,-59.64,14,1.95
47,18,34:60:f9:a1:88:57,,12,-83.75,0.43,-84.0,9,0.0
47,18,34:60:f9:a1:88:63,,12,-88.0,0.0,-88.0,12,0.0
47,18,bc:22:28:21:09:21,,13,-79.23,0.42,-79.0,10,0.0
47,18,34:e8:94:10:7d:fa,Hall of Fame,10,-74.6,1.2,-75.0,9,0.0
47,18,fa:b5:62:5b:af:73,Redmi Note 10S,2,-70.0,1.0,-70.0,2,1.0
47,18,3e:92:f7:29:0d:11,Abrar Zahin's Galaxy A33 5G,1,-66.0,0.0,-66.0,1,0.0
47,18,5c:e8:d3:0a:1e:e0,Free,2,-67.0,1.0,-67.0,2,1.0
47,18,1e:61:b4:ac:79:f2,CSE-306BL,1,-73.0,0.0,-73.0,1,0.0
47,18,02:df:3b:f6:97:11,CSE 9,1,-74.0,0.0,-74.0,1,0.0
47,18,76:75:55:f3:a7:bd,Redmi Note 13 Pro,1,-58.0,0.0,-58.0,1,0.0
48,18,3e:92:f7:29:0d:11,Abrar Zahin's Galaxy A33 5G,18,-62.11,3.9,-61.18,17,0.62
48,18,2c:fe:e2:59:d0:c2,Horion_e9,18,-86.33,1.49,-86.0,11,0.0
48,18,34:60:f9:a1:88:63,,10,-92.3,1.79,-91.89,9,1.37
48,18,36:62:f9:a1:88:57,CSE OFFICE,18,-69.28,1.45,-69.28,18,1.45
48,18,bc:22:28:21:09:21,,18,-86.44,3.86,-86.44,18,3.86
48,18,5c:e9:31:22:bb:0b,,15,-96.33,1.01,-96.33,15,1.01
48,18,36:20:f9:a1:88:56,CSE OFFICE,18,-49.56,3.37,-47.86,14,0.99
48,18,5e:ea:31:22:bb:0b,CSE-LAB,15,-97.13,0.5,-97.0,11,0.0
48,18,1e:61:b4:ac:79:f3,CSE-306BL,1,-98.0,0.0,-98.0,1,0.0
48,18,1a:50:a7:f3:20:79,DoYouKnow ,18,-72.61,2.67,-73.06,17,1.98
48,18,56:f1:5f:2e:f3:7a,Horion_yj,4,-69.5,1.66,-69.5,4,1.66
48,18,52:29:6f:70:e8:02,Shakshor,18,-71.67,6.75,-71.67,18,6.75
48,18,bc:22:28:21:55:6e,CSE-104,5,-75.8,2.64,-74.5,4,0.5
48,18,60:63:4c:31:37:40,CSE-303,18,-73.89,2.13,-73.89,18,2.13
48,18,5a:e6:b4:de:a1:ae,realme 9,16,-67.38,4.46,-67.38,16,4.46
48,18,18:0f:76:c3:06:8d,CSE-304,10,-55.3,2.15,-55.3,10,2.15
48,18,7a:ae:58:61:a1:27,NK,11,-67.0,0.0,-67.0,11,0.0
48,18,46:c4:90:f1:0a:2a,Galaxy S23 Ultra 8407,5,-76.0,2.0,-77.0,4,0.0
48,18,36:62:f9:a1:88:63,CSE OFFICE,10,-92.0,2.32,-92.0,10,2.32
48,18,4e:e8:ef:1a:c1:95,Mahdi,14,-73.0,4.04,-74.2,10,0.4
48,18,c2:3b:04:a2:01:1f,getIP().hackDevice(),17,-83.29,2.47,-82.91,11,0.51
48,18,60:63:4c:31:37:48,dlink,18,-92.22,2.55,-92.22,18,2.55
48,18,76:75:55:f3:a7:bd,Redmi Note 13 Pro,18,-63.83,3.45,-63.56,16,1.62
48,18,34:60:f9:a1:88:56,,18,-51.33,2.05,-50.94,17,1.3
48,18,5c:e8:d3:0a:1e:e0,Free,8,-73.38,2.91,-73.38,8,2.91
48,18,bc:22:28:21:09:22,,8,-82.88,2.98,-81.86,7,1.36
48,18,ce:ad:71:f7:d6:3f,,16,-68.31,1.61,-69.0,12,0.0
48,18,00:22:b0:05:f3:bc,CSE-204,9,-63.22,6.03,-63.22,9,6.03
48,18,5e:a9:31:22:bb:0a,CSE-LAB,12,-61.5,3.28,-61.0,8,0.0
48,18,34:60:f9:a1:88:57,,9,-70.22,1.4,-70.22,9,1.4
48,18,5c:e9:31:22:bb:0a,,11,-62.0,0.0,-62.0,11,0.0
48,18,4e:1d:99:39:cc:3e,Galaxy A324007,10,-74.0,0.0,-74.0,10,0.0
48,18,1c:61:b4:9c:79:f3,,10,-97.0,0.0,-97.0,10,0.0
48,18,aa:dc:7e:ea:37:18,moto edge 50 neo_3238,14,-75.43,0.82,-75.23,13,0.42
48,18,ba:61:33:5d:51:8b,Oggy,8,-73.62,1.58,-73.62,8,1.58
48,18,24:2f:d0:88:39:a2,,3,-75.33,0.94,-75.33,3,0.94
48,18,34:60:f9:a1:8b:8e,,2,-88.0,0.0,-88.0,2,0.0
48,18,36:20:f9:a1:88:62,CSE OFFICE,6,-74.83,0.37,-75.0,5,0.0
48,18,34:60:f9:a1:88:62,,5,-75.6,0.49,-75.6,5,0.49
48,18,34:e8:94:10:7d:fa,Hall of Fame,5,-67.0,1.1,-66.5,4,0.5
48,18,c2:c4:fb:a2:01:1f,getIP().hackDevice(),1,-80.0,0.0,-80.0,1,0.0
48,18,26:2f:d0:88:39:a2,IAC,3,-75.33,2.05,-75.33,3,2.05
48,18,1a:aa:2b:0a:98:c9,Ekta hotspot,2,-69.0,1.0,-69.0,2,1.0
48,18,30:b5:c2:ea:5b:44,DataLab@BUET,3,-80.67,4.92,-80.67,3,4.92
48,18,da:ee:60:35:62:33,🫶,1,-97.0,0.0,-97.0,1,0.0
48,18,1c:61:b4:9c:79:f2,,4,-77.0,0.0,-77.0,4,0.0
48,18,fa:b5:62:5b:af:73,Redmi Note 10S,3,-77.0,0.0,-77.0,3,0.0
49,18,2c:fe:e2:59:d0:c2,Horion_e9,18,-84.89,1.59,-85.0,10,0.0
49,18,52:29:6f:70:e8:02,Shakshor,18,-62.17,4.31,-62.17,12,0.99
49,18,60:63:4c:31:37:40,CSE-303,7,-58.0,4.47,-56.33,6,1.97
49,18,4e:e8:ef:1a:c1:95,Mahdi,3,-67.0,9.9,-67.0,3,9.9
49,18,c2:3b:04:a2:01:1f,getIP().hackDevice(),18,-86.44,2.91,-87.25,16,1.89
49,18,34:60:f9:a1:88:57,,2,-83.5,1.5,-83.5,2,1.5
49,18,34:60:f9:a1:88:56,,2,-58.5,0.5,-58.5,2,0.5
49,18,76:75:55:f3:a7:bd,Redmi Note 13 Pro,13,-54.46,7.71,-52.0,9,0.0
49,18,36:62:f9:a1:88:57,CSE OFFICE,9,-86.44,2.36,-86.44,9,2.36
49,18,bc:22:28:21:09:22,,7,-83.0,2.33,-82.6,5,0.8
49,18,56:f1:5f:72:68:1c,Horion_dx,2,-78.5,4.5,-78.5,2,4.5
49,18,bc:22:28:21:09:21,,2,-80.0,0.0,-80.0,2,0.0
49,18,36:20:f9:a1:88:56,CSE OFFICE,4,-62.25,6.53,-62.25,4,6.53
49,18,00:22:b0:05:f3:bc,CSE-204,3,-67.0,0.0,-67.0,3,0.0
49,18,7a:ae:58:61:a1:27,NK,8,-58.62,3.9,-57.6,5,0.8
49,18,56:f1:5f:2e:f3:7a,Horion_yj,16,-63.75,4.1,-63.75,16,4.1
49,18,3e:92:f7:29:0d:11,Abrar Zahin's Galaxy A33 5G,2,-56.0,1.0,-56.0,2,1.0
49,18,bc:22:28:21:55:6e,CSE-104,1,-68.0,0.0,-68.0,1,0.0
49,18,5a:e6:b4:de:a1:ae,realme 9,5,-68.2,2.4,-68.2,5,2.4
49,18,18:0f:76:c3:06:8d,CSE-304,14,-56.86,1.81,-56.38,13,0.62
49,18,da:ee:60:35:62:33,🫶,2,-82.5,0.5,-82.5,2,0.5
49,18,aa:dc:7e:ea:37:18,moto edge 50 neo_3238,1,-67.0,0.0,-67.0,1,0.0
49,18,5c:e8:d3:0a:1e:e0,Free,1,-60.0,0.0,-60.0,1,0.0
49,18,46:c4:90:f1:0a:2a,Galaxy S23 Ultra 8407,1,-63.0,0.0,-63.0,1,0.0
50,18,2c:fe:e2:59:d0:c2,Horion_e9,17,-89.29,2.52,-89.75,16,1.79
50,18,56:f1:5f:2e:f3:7a,Horion_yj,9,-70.33,4.37,-70.33,9,4.37
50,18,1a:50:a7:f3:20:79,DoYouKnow ,17,-75.0,4.67,-72.69,13,1.43
50,18,34:60:f9:a1:88:57,,10,-79.7,3.72,-79.7,10,3.72
50,18,76:75:55:f3:a7:bd,Redmi Note 13 Pro,8,-68.25,4.35,-68.25,8,4.35
50,18,52:29:6f:70:e8:02,Shakshor,17,-73.06,5.92,-73.06,17,5.92
50,18,4e:e8:ef:1a:c1:95,Mahdi,17,-64.88,9.13,-64.88,17,9.13
50,18,c2:3b:04:a2:01:1f,getIP().hackDevice(),16,-84.94,3.88,-84.94,16,3.88
50,18,36:62:f9:a1:88:57,CSE OFFICE,16,-80.75,4.38,-80.07,15,3.6
50,18,bc:22:28:21:09:22,,8,-81.88,3.55,-81.88,8,3.55
50,18,36:20:f9:a1:88:56,CSE OFFICE,18,-63.28,2.28,-63.28,18,2.28
50,18,60:63:4c:31:37:40,CSE-303,15,-66.93,5.47,-66.93,15,5.47
50,18,34:60:f9:a1:88:63,,4,-94.0,0.0,-94.0,4,0.0
50,18,46:c4:90:f1:0a:2a,Galaxy S23 Ultra 8407,11,-70.45,4.1,-70.45,11,4.1
50,18,36:20:f9:a1:8b:8e,CSE OFFICE,3,-79.0,0.0,-79.0,3,0.0
50,18,3e:92:f7:29:0d:11,Abrar Zahin's Galaxy A33 5G,10,-71.3,6.05,-71.3,10,6.05
50,18,36:20:f9:a1:88:62,CSE OFFICE,9,-73.33,3.62,-73.33,9,3.62
50,18,36:62:f9:a1:88:63,CSE OFFICE,9,-96.22,1.99,-96.22,9,1.99
50,18,bc:22:28:21:09:21,,6,-80.33,2.69,-80.33,6,2.69
50,18,5c:e8:d3:0a:1e:e0,Free,9,-79.11,5.09,-79.11,9,5.09
50,18,bc:22:28:21:55:6e,CSE-104,7,-73.29,3.01,-73.29,7,3.01
50,18,34:60:f9:a1:8b:8e,,1,-78.0,0.0,-78.0,1,0.0
50,18,34:60:f9:a1:88:56,,7,-62.43,2.82,-62.43,7,2.82
50,18,34:60:f9:a1:88:62,,4,-70.0,3.08,-70.0,4,3.08
50,18,ce:ad:71:f7:d6:3f,,2,-77.0,0.0,-77.0,2,0.0
50,18,24:2f:d0:88:39:a2,,2,-72.5,1.5,-72.5,2,1.5
50,18,fe:13:2f:1f:9e:48,Ifti’s iPhone,5,-68.0,2.53,-68.0,5,2.53
50,18,30:b5:c2:ea:5b:44,DataLab@BUET,1,-65.0,0.0,-65.0,1,0.0
50,18,26:2f:d0:88:39:a2,IAC,1,-73.0,0.0,-73.0,1,0.0
50,18,26:2f:d0:88:4c:62,IAC,1,-79.0,0.0,-79.0,1,0.0
50,18,70:4c:a5:95:b2:d9,eduroam,1,-98.0,0.0,-98.0,1,0.0
51,18,2c:fe:e2:59:d0:c2,Horion_e9,18,-79.83,6.0,-79.83,18,6.0
51,18,1a:50:a7:f3:20:79,DoYouKnow ,18,-68.33,4.43,-68.33,18,4.43
51,18,52:29:6f:70:e8:02,Shakshor,12,-68.67,4.05,-68.67,12,4.05
51,18,60:63:4c:31:37:40,CSE-303,7,-54.14,0.83,-54.0,5,0.0
51,18,4e:e8:ef:1a:c1:95,Mahdi,7,-54.0,10.07,-54.0,7,10.07
51,18,60:63:4c:31:37:48,dlink,16,-86.25,1.52,-86.25,16,1.52
51,18,76:75:55:f3:a7:bd,Redmi Note 13 Pro,11,-59.18,7.12,-61.2,10,3.31
51,18,34:60:f9:a1:88:63,,2,-86.0,2.0,-86.0,2,2.0
51,18,bc:22:28:21:09:21,,6,-70.33,2.92,-71.6,5,0.8
51,18,7a:ae:58:61:a1:27,NK,17,-67.82,6.26,-70.57,14,2.06
51,18,ba:61:33:5d:51:8b,Oggy,7,-62.0,6.99,-64.83,6,0.9
51,18,da:ee:60:35:62:33,🫶,4,-80.0,0.0,-80.0,4,0.0
51,18,36:20:f9:a1:88:62,CSE OFFICE,4,-63.0,0.0,-63.0,4,0.0
51,18,36:62:f9:a1:88:63,CSE OFFICE,14,-85.43,1.68,-85.43,14,1.68
51,18,c2:3b:04:a2:01:1f,getIP().hackDevice(),10,-79.3,2.37,-79.3,10,2.37
51,18,34:60:f9:a1:88:57,,4,-83.0,0.0,-83.0,4,0.0
51,18,aa:dc:7e:ea:37:18,moto edge 50 neo_3238,5,-73.0,2.0,-74.0,4,0.0
51,18,36:62:f9:a1:88:57,CSE OFFICE,15,-83.13,1.31,-83.13,15,1.31
51,18,bc:22:28:21:09:22,,4,-72.0,0.0,-72.0,4,0.0
51,18,36:20:f9:a1:88:56,CSE OFFICE,9,-64.22,1.99,-64.22,9,1.99
51,18,18:0f:76:c3:06:8d,CSE-304,10,-43.8,3.31,-43.8,10,3.31
51,18,5a:e6:b4:de:a1:ae,realme 9,11,-50.09,6.53,-50.09,11,6.53
51,18,46:c4:90:f1:0a:2a,Galaxy S23 Ultra 8407,9,-64.33,1.49,-64.33,9,1.49
51,18,56:f1:5f:72:68:1c,Horion_dx,7,-67.43,3.11,-67.43,7,3.11
51,18,00:22:b0:05:f3:bc,CSE-204,8,-53.75,4.94,-53.75,8,4.94
51,18,3e:92:f7:29:0d:11,Abrar Zahin's Galaxy A33 5G,5,-60.6,2.8,-62.0,4,0.0
51,18,5c:e8:d3:0a:1e:e0,Free,1,-79.0,0.0,-79.0,1,0.0
51,18,5e:a9:31:22:bb:0a,CSE-LAB,5,-66.6,0.8,-67.0,4,0.0
51,18,56:f1:5f:2e:f3:7a,Horion_yj,4,-62.0,0.0,-62.0,4,0.0
51,18,1e:61:b4:ac:79:f2,CSE-306BL,1,-68.0,0.0,-68.0,1,0.0
51,18,fe:13:2f:1f:9e:48,Ifti’s iPhone,1,-62.0,0.0,-62.0,1,0.0
52,5,5c:e8:d3:0a:1e:e0,Free,5,-59.0,0.0,-59.0,5,0.0
52,5,2c:fe:e2:59:d0:c2,Horion_e9,5,-84.0,0.0,-84.0,5,0.0
52,5,36:62:f9:a1:88:57,CSE OFFICE,5,-83.0,0.0,-83.0,5,0.0
52,5,56:f1:5f:72:68:1c,Horion_dx,5,-67.0,0.0,-67.0,5,0.0
52,5,36:20:f9:a1:88:56,CSE OFFICE,5,-63.0,0.0,-63.0,5,0.0
52,5,1a:50:a7:f3:20:79,DoYouKnow ,5,-46.0,0.0,-46.0,5,0.0
52,5,56:f1:5f:2e:f3:7a,Horion_yj,4,-50.0,0.0,-50.0,4,0.0
52,5,52:29:6f:70:e8:02,Shakshor,4,-68.0,0.0,-68.0,4,0.0
52,5,00:22:b0:05:f3:bc,CSE-204,4,-60.0,0.0,-60.0,4,0.0
52,5,7a:ae:58:61:a1:27,NK,4,-52.0,1.0,-52.0,4,1.0
52,5,fe:13:2f:1f:9e:48,Ifti’s iPhone,4,-60.0,0.0,-60.0,4,0.0
52,5,76:75:55:f3:a7:bd,Redmi Note 13 Pro,4,-42.0,0.0,-42.0,4,0.0
52,5,34:60:f9:a1:88:56,,4,-57.0,0.0,-57.0,4,0.0
53,18,2c:fe:e2:59:d0:c2,Horion_e9,18,-82.0,0.0,-82.0,18,0.0
53,18,24:2f:d0:88:4c:62,,18,-89.0,0.0,-89.0,18,0.0
53,18,1e:61:b4:ac:79:f2,CSE-306BL,18,-68.0,0.0,-68.0,18,0.0
53,18,24:2f:d0:88:39:a2,,18,-74.0,0.0,-74.0,18,0.0
53,18,52:29:6f:70:e8:02,Shakshor,18,-69.0,0.0,-69.0,18,0.0
53,18,1a:50:a7:f3:20:79,DoYouKnow ,18,-72.0,0.0,-72.0,18,0.0
53,18,56:f1:5f:2e:f3:7a,Horion_yj,18,-73.0,0.0,-73.0,18,0.0
53,18,36:20:f9:a1:88:62,CSE OFFICE,18,-68.0,0.0,-68.0,18,0.0
53,18,60:63:4c:31:37:40,CSE-303,18,-62.0,0.0,-62.0,18,0.0
53,18,00:22:b0:05:f3:51,CSE-108,18,-85.0,0.0,-85.0,18,0.0
53,18,36:62:f9:a1:88:63,CSE OFFICE,18,-84.0,0.0,-84.0,18,0.0
53,18,c2:3b:04:a2:01:1f,getIP().hackDevice(),18,-94.0,0.0,-94.0,18,0.0
53,18,76:75:55:f3:a7:bd,Redmi Note 13 Pro,18,-72.0,0.0,-72.0,18,0.0
53,18,26:2f:d0:88:39:a2,IAC,18,-73.0,0.0,-73.0,18,0.0
53,18,bc:22:28:21:09:24,CSE-205,18,-76.0,0.0,-76.0,18,0.0
53,18,36:62:f9:a1:88:57,CSE OFFICE,18,-85.0,0.0,-85.0,18,0.0
53,18,26:2f:d0:88:4c:62,IAC,18,-91.0,0.0,-91.0,18,0.0
53,18,36:20:f9:a1:88:56,CSE OFFICE,18,-68.0,0.0,-68.0,18,0.0
53,18,ce:ad:71:f7:d6:3f,,18,-97.0,0.0,-97.0,18,0.0
53,18,bc:22:28:21:55:6e,CSE-104,18,-70.0,0.0,-70.0,18,0.0
53,18,7a:ae:58:61:a1:27,NK,18,-68.0,0.0,-68.0,18,0.0
53,18,36:20:f9:a1:8b:8e,CSE OFFICE,18,-75.0,0.0,-75.0,18,0.0
53,18,46:c4:90:f1:0a:2a,Galaxy S23 Ultra 8407,18,-78.0,0.0,-78.0,18,0.0
53,18,8e:fa:5f:79:06:05,Ei j eta amar wifi,18,-92.0,0.0,-92.0,18,0.0
54,18,26:2f:d0:88:39:a2,IAC,2,-70.0,3.0,-70.0,2,3.0
54,18,2c:fe:e2:59:d0:c2,Horion_e9,17,-85.88,4.32,-85.88,17,4.32
54,18,36:62:f9:a1:88:57,CSE OFFICE,18,-74.06,4.13,-74.06,18,4.13
54,18,bc:22:28:21:09:21,,18,-84.56,1.38,-85.08,13,0.47
54,18,5c:e9:31:22:bb:0b,,7,-92.14,1.12,-92.14,7,1.12
54,18,36:20:f9:a1:88:56,CSE OFFICE,18,-53.11,4.53,-52.31,13,1.26
54,18,ba:61:33:5d:51:8b,Oggy,11,-66.73,3.49,-65.11,9,0.74
54,18,5e:ea:31:22:bb:0b,CSE-LAB,16,-91.38,0.48,-91.38,16,0.48
54,18,1a:50:a7:f3:20:79,DoYouKnow ,18,-76.94,3.55,-76.94,18,3.55
54,18,52:29:6f:70:e8:02,Shakshor,18,-69.89,3.6,-69.41,17,3.11
54,18,00:22:b0:05:f3:bc,CSE-204,18,-51.56,6.16,-51.56,18,6.16
54,18,5a:e6:b4:de:a1:ae,realme 9,15,-61.8,3.04,-61.82,11,1.59
54,18,34:60:f9:a1:88:57,,18,-75.83,3.3,-75.83,18,3.3
54,18,34:60:f9:a1:88:56,,16,-52.06,3.03,-52.0,9,0.0
54,18,bc:22:28:21:09:22,,8,-84.12,2.62,-84.12,8,2.62
54,18,56:f1:5f:2e:f3:7a,Horion_yj,6,-67.33,4.53,-69.2,5,1.94
54,18,36:20:f9:a1:88:62,CSE OFFICE,1,-72.0,0.0,-72.0,1,0.0
54,18,5e:a9:31:22:bb:0a,CSE-LAB,4,-63.75,0.83,-63.75,4,0.83
54,18,4e:e8:ef:1a:c1:95,Mahdi,11,-59.73,1.54,-59.0,9,0.0
54,18,c2:3b:04:a2:01:1f,getIP().hackDevice(),17,-77.12,2.54,-76.09,11,0.29
54,18,76:75:55:f3:a7:bd,Redmi Note 13 Pro,16,-66.38,2.8,-66.0,9,0.0
54,18,34:60:f9:a1:88:62,,3,-67.33,3.3,-67.33,3,3.3
54,18,5c:e8:d3:0a:1e:e0,Free,6,-62.0,2.89,-62.0,6,2.89
54,18,6a:66:d2:07:a3:61,Juice Pila do. Mosambi Ka! 🥹,1,-61.0,0.0,-61.0,1,0.0
54,18,7a:ae:58:61:a1:27,NK,9,-60.67,4.37,-59.0,7,0.0
54,18,aa:dc:7e:ea:37:18,moto edge 50 neo_3238,13,-64.0,3.8,-65.7,10,0.46
54,18,3e:92:f7:29:0d:11,Abrar Zahin's Galaxy A33 5G,5,-55.6,2.8,-55.6,5,2.8
54,18,34:60:f9:a1:88:63,,1,-92.0,0.0,-92.0,1,0.0
54,18,ce:ad:71:f7:d6:3f,,1,-71.0,0.0,-71.0,1,0.0
54,18,60:63:4c:31:37:40,CSE-303,3,-65.0,3.74,-65.0,3,3.74
54,18,46:c4:90:f1:0a:2a,Galaxy S23 Ultra 8407,1,-65.0,0.0,-65.0,1,0.0
54,18,24:2f:d0:88:39:a2,,13,-65.85,2.25,-65.0,9,0.0
54,18,18:0f:76:c3:06:8d,CSE-304,7,-57.0,0.0,-57.0,7,0.0
54,18,34:e8:94:10:7d:fa,Hall of Fame,1,-74.0,0.0,-74.0,1,0.0
54,18,5c:e9:31:22:bb:0a,,1,-62.0,0.0,-62.0,1,0.0
54,18,bc:22:28:21:55:6e,CSE-104,1,-80.0,0.0,-80.0,1,0.0
54,18,c2:c4:fb:a2:01:1f,getIP().hackDevice(),2,-81.0,0.0,-81.0,2,0.0
55,18,5c:e8:d3:0a:1e:e0,Free,12,-56.33,3.01,-55.0,10,0.0
55,18,1a:aa:2b:0a:98:c9,Ekta hotspot,1,-74.0,0.0,-74.0,1,0.0
55,18,2c:fe:e2:59:d0:c2,Horion_e9,18,-80.11,4.59,-80.11,18,4.59
55,18,34:60:f9:a1:88:63,,18,-83.06,1.22,-83.0,13,0.0
55,18,bc:22:28:21:09:24,CSE-205,1,-59.0,0.0,-59.0,1,0.0
55,18,36:62:f9:a1:88:57,CSE OFFICE,18,-80.61,0.68,-80.81,16,0.39
55,18,bc:22:28:21:09:22,,18,-81.44,3.58,-81.44,18,3.58
55,18,bc:22:28:21:09:21,,18,-81.5,3.83,-81.5,18,3.83
55,18,56:f1:5f:2e:f3:7a,Horion_yj,7,-53.29,3.15,-52.17,6,1.67
55,18,00:22:b0:05:f3:bc,CSE-204,4,-55.75,1.64,-55.75,4,1.64
55,18,1a:50:a7:f3:20:79,DoYouKnow ,18,-63.11,3.91,-64.0,13,0.39
55,18,36:20:f9:a1:88:62,CSE OFFICE,11,-53.45,1.44,-53.0,10,0.0
55,18,60:63:4c:31:37:40,CSE-303,6,-54.0,6.43,-54.0,6,6.43
55,18,18:0f:76:c3:06:8d,CSE-304,18,-45.22,1.08,-45.15,13,0.36
55,18,7a:ae:58:61:a1:27,NK,17,-56.06,4.73,-58.14,14,1.6
55,18,5a:e6:b4:de:a1:ae,realme 9,18,-60.5,2.93,-60.83,12,0.55
55,18,36:62:f9:a1:88:63,CSE OFFICE,18,-84.17,1.3,-84.17,18,1.3
55,18,4e:e8:ef:1a:c1:95,Mahdi,16,-52.81,1.81,-52.81,16,1.81
55,18,34:60:f9:a1:88:57,,18,-81.28,0.99,-81.28,18,0.99
55,18,c2:3b:04:a2:01:1f,getIP().hackDevice(),17,-83.12,2.95,-83.12,17,2.95
55,18,aa:dc:7e:ea:37:18,moto edge 50 neo_3238,17,-57.18,2.83,-57.75,16,1.71
55,18,36:20:f9:a1:88:56,CSE OFFICE,12,-56.08,0.64,-56.0,10,0.0
55,18,ba:61:33:5d:51:8b,Oggy,11,-65.09,0.29,-65.0,10,0.0
55,18,70:4c:a5:95:b6:01,eduroam,1,-74.0,0.0,-74.0,1,0.0
55,18,bc:22:28:21:55:6e,CSE-104,3,-64.67,2.36,-64.67,3,2.36
55,18,26:2a:d0:88:39:a3,IAC,2,-85.5,0.5,-85.5,2,0.5
55,18,76:75:55:f3:a7:bd,Redmi Note 13 Pro,12,-45.42,1.38,-45.0,11,0.0
55,18,3e:92:f7:29:0d:11,Abrar Zahin's Galaxy A33 5G,11,-51.36,1.15,-51.0,10,0.0
55,18,24:2f:d0:88:39:a2,,2,-63.5,3.5,-63.5,2,3.5
55,18,46:c4:90:f1:0a:2a,Galaxy S23 Ultra 8407,14,-57.0,0.76,-57.0,12,0.0
55,18,5c:e9:31:22:bb:0b,,2,-86.5,0.5,-86.5,2,0.5
55,18,fe:13:2f:1f:9e:48,Ifti’s iPhone,5,-19.4,3.72,-21.0,4,2.12
55,18,1c:61:b4:9c:79:f2,,1,-60.0,0.0,-60.0,1,0.0
55,18,56:f1:5f:72:68:1c,Horion_dx,1,-65.0,0.0,-65.0,1,0.0
55,18,ce:ad:71:f7:d6:3f,,1,-54.0,0.0,-54.0,1,0.0
55,18,70:4c:a5:95:b2:d9,eduroam,1,-86.0,0.0,-86.0,1,0.0
55,18,34:e8:94:10:7d:fa,Hall of Fame,1,-67.0,0.0,-67.0,1,0.0
55,18,5e:ea:31:22:bb:0b,CSE-LAB,1,-89.0,0.0,-89.0,1,0.0
55,18,da:ee:60:35:62:33,🫶,1,-52.0,0.0,-52.0,1,0.0
55,18,fa:b5:62:5b:af:73,Redmi Note 10S,2,-53.0,0.0,-53.0,2,0.0
56,18,3e:92:f7:29:0d:11,Abrar Zahin's Galaxy A33 5G,2,-65.0,1.0,-65.0,2,1.0
56,18,2c:fe:e2:59:d0:c2,Horion_e9,18,-83.11,5.13,-85.71,14,1.03
56,18,5c:e8:d3:0a:1e:e0,Free,4,-78.0,4.24,-78.0,4,4.24
56,18,36:62:f9:a1:88:57,CSE OFFICE,17,-82.71,1.52,-82.0,14,0.0
56,18,bc:22:28:21:09:21,,6,-76.0,5.86,-76.0,6,5.86
56,18,ba:61:33:5d:51:8b,Oggy,10,-48.4,1.2,-48.0,9,0.0
56,18,56:f1:5f:2e:f3:7a,Horion_yj,8,-59.75,4.58,-59.75,8,4.58
56,18,1a:50:a7:f3:20:79,DoYouKnow ,18,-74.56,5.38,-76.12,16,3.04
56,18,52:29:6f:70:e8:02,Shakshor,18,-74.67,8.08,-74.67,18,8.08
56,18,00:22:b0:05:f3:bc,CSE-204,15,-57.87,2.06,-57.17,12,0.37
56,18,bc:22:28:21:55:6e,CSE-104,2,-66.5,1.5,-66.5,2,1.5
56,18,36:20:f9:a1:88:62,CSE OFFICE,1,-72.0,0.0,-72.0,1,0.0
56,18,60:63:4c:31:37:40,CSE-303,4,-64.5,4.39,-64.5,4,4.39
56,18,5a:e6:b4:de:a1:ae,realme 9,16,-54.75,7.56,-57.55,11,1.16
56,18,18:0f:76:c3:06:8d,CSE-304,13,-49.54,0.75,-49.54,13,0.75
56,18,7a:ae:58:61:a1:27,NK,13,-63.31,4.29,-64.0,9,0.0
56,18,46:c4:90:f1:0a:2a,Galaxy S23 Ultra 8407,2,-61.5,0.5,-61.5,2,0.5
56,18,34:60:f9:a1:88:57,,5,-82.4,1.96,-82.0,3,0.0
56,18,c2:3b:04:a2:01:1f,getIP().hackDevice(),11,-75.73,1.6,-75.0,9,0.0
56,18,aa:dc:7e:ea:37:18,moto edge 50 neo_3238,12,-57.0,3.54,-55.0,9,0.0
56,18,fa:b5:62:5b:af:73,Redmi Note 10S,13,-60.46,6.38,-58.0,10,0.0
56,18,34:60:f9:a1:88:56,,5,-60.4,1.5,-60.4,5,1.5
56,18,76:75:55:f3:a7:bd,Redmi Note 13 Pro,4,-69.0,13.91,-69.0,4,13.91
56,18,bc:22:28:21:09:22,,13,-79.62,4.38,-82.0,10,0.0
56,18,36:20:f9:a1:88:56,CSE OFFICE,14,-56.93,1.98,-56.0,10,0.0
56,18,34:e8:94:10:7d:fa,Hall of Fame,15,-69.07,4.85,-70.77,13,2.29
56,18,4e:e8:ef:1a:c1:95,Mahdi,1,-58.0,0.0,-58.0,1,0.0
56,18,ce:ad:71:f7:d6:3f,,9,-72.0,0.0,-72.0,9,0.0
56,18,26:2f:d0:88:39:a2,IAC,2,-63.0,0.0,-63.0,2,0.0
56,18,30:b5:c2:ea:5b:44,DataLab@BUET,2,-65.0,0.0,-65.0,2,0.0
56,18,1e:61:b4:ac:7a:1a,CSE-306BL,1,-72.0,0.0,-72.0,1,0.0
56,18,fe:13:2f:1f:9e:48,Ifti’s iPhone,3,-60.0,5.35,-60.0,3,5.35
56,18,c8:e7:d8:89:f1:a6,Imran_Fast Network_01708529844,1,-82.0,0.0,-82.0,1,0.0
56,18,24:2f:d0:88:39:a2,,2,-68.0,0.0,-68.0,2,0.0
56,18,34:60:f9:a1:8b:8e,,2,-66.0,0.0,-66.0,2,0.0
56,18,36:62:f9:a1:88:63,CSE OFFICE,2,-82.0,0.0,-82.0,2,0.0
57,18,76:75:55:f3:a7:bd,Redmi Note 13 Pro,18,-58.67,7.07,-56.9,10,0.3
57,18,4e:e8:ef:1a:c1:95,Mahdi,14,-59.14,6.46,-62.45,11,1.16
57,18,18:0f:76:c3:06:8d,CSE-304,9,-54.89,5.09,-54.89,9,5.09
57,18,60:63:4c:31:37:40,CSE-303,18,-59.94,3.24,-58.83,12,0.99
57,18,7a:ae:58:61:a1:27,NK,9,-63.44,5.85,-63.44,9,5.85
57,18,00:22:b0:05:f3:bc,CSE-204,18,-65.11,3.81,-65.11,18,3.81
57,18,56:f1:5f:2e:f3:7a,Horion_yj,18,-59.06,3.54,-59.06,18,3.54
57,18,5a:e6:b4:de:a1:ae,realme 9,9,-65.33,2.79,-65.33,9,2.79
57,18,46:c4:90:f1:0a:2a,Galaxy S23 Ultra 8407,16,-67.25,1.79,-67.25,16,1.79
57,18,26:2f:d0:88:39:a2,IAC,8,-71.38,3.04,-71.5,6,0.5
57,18,5c:e8:d3:0a:1e:e0,Free,18,-75.17,4.41,-75.17,18,4.41
57,18,1c:61:b4:9c:79:f2,,3,-67.0,0.0,-67.0,3,0.0
57,18,3e:92:f7:29:0d:11,Abrar Zahin's Galaxy A33 5G,12,-62.75,3.03,-61.0,9,0.0
57,18,24:2f:d0:88:39:a2,,9,-71.11,1.1,-71.0,6,0.0
57,18,aa:dc:7e:ea:37:18,moto edge 50 neo_3238,8,-70.75,3.38,-70.75,8,3.38
57,18,56:f1:5f:72:68:1c,Horion_dx,5,-77.0,0.0,-77.0,5,0.0
57,18,36:20:f9:a1:88:62,CSE OFFICE,15,-64.2,1.17,-64.1,10,0.3
57,18,34:60:f9:a1:88:62,,17,-65.12,1.68,-65.0,9,0.0
57,18,36:20:f9:a1:88:56,CSE OFFICE,16,-64.56,1.46,-65.0,11,0.0
57,18,34:60:f9:a1:88:56,,17,-63.41,2.03,-63.41,17,2.03
57,18,5e:a9:31:22:bb:0a,CSE-LAB,8,-67.75,1.3,-67.0,6,0.0
57,18,bc:22:28:21:55:6e,CSE-104,13,-73.69,0.46,-73.69,13,0.46
57,18,ce:ad:71:f7:d6:3f,,15,-75.4,2.33,-76.5,12,0.87
57,18,da:ee:60:35:62:33,🫶,11,-83.82,0.39,-84.0,9,0.0
57,18,50:eb:f6:17:73:b8,SHAN,9,-90.0,0.0,-90.0,9,0.0
57,18,fe:13:2f:1f:9e:48,Ifti’s iPhone,6,-49.17,4.34,-49.17,6,4.34
57,18,ba:61:33:5d:51:8b,Oggy,2,-65.0,0.0,-65.0,2,0.0
57,18,fa:b5:62:5b:af:73,Redmi Note 10S,3,-71.0,0.0,-71.0,3,0.0
57,18,34:60:f9:a1:8b:8e,,6,-72.5,1.5,-72.5,6,1.5
57,18,60:63:4c:31:37:60,CSE-306,5,-82.6,2.94,-82.6,5,2.94
57,18,1a:aa:2b:0a:98:c9,Ekta hotspot,2,-83.0,0.0,-83.0,2,0.0
57,18,5c:e9:31:22:bb:0a,,4,-67.0,0.0,-67.0,4,0.0
57,18,30:b5:c2:ea:5b:44,DataLab@BUET,4,-68.0,0.0,-68.0,4,0.0
57,18,24:2f:d0:88:4c:62,,4,-81.0,0.0,-81.0,4,0.0
57,18,8e:f6:fd:8d:6d:a4,POCO X3 Pro,3,-77.0,0.0,-77.0,3,0.0
57,18,00:22:b0:05:f3:51,CSE-108,3,-77.0,0.0,-77.0,3,0.0
57,18,70:4c:a5:95:b6:01,eduroam,3,-81.0,0.0,-81.0,3,0.0
58,18,3e:92:f7:29:0d:11,Abrar Zahin's Galaxy A33 5G,2,-62.0,0.0,-62.0,2,0.0
58,18,5c:e9:31:22:bb:0a,,1,-64.0,0.0,-64.0,1,0.0
58,18,2c:fe:e2:59:d0:c2,Horion_e9,18,-84.61,2.91,-84.61,18,2.91
58,18,34:60:f9:a1:88:63,,11,-93.0,0.0,-93.0,11,0.0
58,18,36:62:f9:a1:88:57,CSE OFFICE,18,-72.94,1.87,-72.94,18,1.87
58,18,bc:22:28:21:09:21,,2,-79.0,1.0,-79.0,2,1.0
58,18,ba:61:33:5d:51:8b,Oggy,18,-62.94,1.9,-63.93,14,0.26
58,18,56:f1:5f:2e:f3:7a,Horion_yj,14,-69.29,3.03,-70.82,11,0.57
58,18,1a:50:a7:f3:20:79,DoYouKnow ,18,-72.39,5.03,-72.39,18,5.03
58,18,52:29:6f:70:e8:02,Shakshor,18,-71.17,6.82,-71.17,18,6.82
58,18,00:22:b0:05:f3:bc,CSE-204,17,-51.82,1.46,-51.33,15,0.6
58,18,bc:22:28:21:55:6e,CSE-104,3,-74.67,1.25,-74.67,3,1.25
58,18,60:63:4c:31:37:40,CSE-303,11,-56.27,0.86,-56.0,10,0.0
58,18,5e:a9:31:22:bb:0a,CSE-LAB,3,-62.67,1.89,-62.67,3,1.89
58,18,46:c4:90:f1:0a:2a,Galaxy S23 Ultra 8407,2,-76.0,1.0,-76.0,2,1.0
58,18,36:62:f9:a1:88:63,CSE OFFICE,12,-92.08,0.28,-92.0,11,0.0
58,18,4e:e8:ef:1a:c1:95,Mahdi,17,-62.18,3.94,-63.71,14,2.34
58,18,34:60:f9:a1:88:57,,12,-74.42,1.66,-75.0,10,0.0
58,18,c2:3b:04:a2:01:1f,getIP().hackDevice(),18,-78.06,6.84,-78.06,18,6.84
58,18,34:e8:94:10:7d:fa,Hall of Fame,12,-64.08,1.44,-64.0,10,0.0
58,18,60:63:4c:31:37:48,dlink,18,-82.17,2.54,-81.65,17,1.41
58,18,26:2f:d0:88:4c:62,IAC,1,-88.0,0.0,-88.0,1,0.0
58,18,36:20:f9:a1:88:56,CSE OFFICE,14,-51.5,1.05,-51.0,11,0.0
58,18,6a:66:d2:07:a3:61,Juice Pila do. Mosambi Ka! 🥹,11,-55.55,1.72,-55.0,10,0.0
58,18,36:20:f9:a1:88:62,CSE OFFICE,1,-73.0,0.0,-73.0,1,0.0
58,18,18:0f:76:c3:06:8d,CSE-304,3,-57.67,0.94,-57.67,3,0.94
58,18,aa:dc:7e:ea:37:18,moto edge 50 neo_3238,12,-65.75,1.79,-65.0,10,0.0
58,18,34:60:f9:a1:88:56,,11,-53.36,1.15,-53.0,10,0.0
58,18,bc:22:28:21:09:22,,11,-80.91,0.29,-81.0,10,0.0
58,18,5c:e9:31:22:bb:0b,,10,-90.0,0.0,-90.0,10,0.0
58,18,5e:ea:31:22:bb:0b,CSE-LAB,10,-90.0,0.0,-90.0,10,0.0
58,18,e2:fd:30:fe:69:73,Anirban,10,-77.0,0.0,-77.0,10,0.0
58,18,c6:10:ef:ee:57:ec,pixel,10,-68.0,0.0,-68.0,10,0.0
58,18,5a:e6:b4:de:a1:ae,realme 9,6,-57.67,2.21,-57.67,6,2.21
58,18,7a:ae:58:61:a1:27,NK,2,-66.5,4.5,-66.5,2,4.5
58,18,56:f1:5f:72:68:1c,Horion_dx,1,-74.0,0.0,-74.0,1,0.0
58,18,fa:b5:62:5b:af:73,Redmi Note 10S,1,-67.0,0.0,-67.0,1,0.0
59,11,62:d5:76:41:44:83,Pixel,11,-66.18,0.39,-66.0,9,0.0
59,11,2c:fe:e2:59:d0:c2,Horion_e9,11,-73.0,0.85,-73.0,9,0.0
59,11,36:62:f9:a1:88:57,CSE OFFICE,11,-87.82,0.39,-88.0,9,0.0
59,11,bc:22:28:21:09:22,,1,-62.0,0.0,-62.0,1,0.0
59,11,bc:22:28:21:09:21,,2,-64.0,2.0,-64.0,2,2.0
59,11,5a:d6:bc:29:37:4c,AndroidAP,2,-73.0,1.0,-73.0,2,1.0
59,11,7a:ec:99:a0:87:01,Abhishek's A55,11,-65.82,0.57,-66.0,10,0.0
59,11,e2:fd:30:fe:69:73,Anirban,10,-76.7,0.9,-77.0,9,0.0
59,11,c6:ef:10:ee:57:ec,pixel,10,-72.7,0.9,-73.0,9,0.0
59,11,c6:10:ef:ee:57:ec,pixel,10,-67.8,0.6,-68.0,9,0.0
59,11,10:62:eb:77:b7:42,CSE-G04,1,-76.0,0.0,-76.0,1,0.0
59,11,36:62:f9:a1:88:63,CSE OFFICE,10,-87.0,0.45,-87.0,8,0.0
59,11,34:60:f9:a1:88:57,,2,-87.0,0.0,-87.0,2,0.0
59,11,4e:e8:ef:1a:c1:95,Mahdi,10,-59.0,1.34,-59.0,8,0.0
59,11,c2:3b:04:a2:01:1f,getIP().hackDevice(),10,-62.2,2.56,-61.0,8,0.0
59,11,34:60:f9:a1:88:62,,1,-64.0,0.0,-64.0,1,0.0
59,11,1a:aa:2b:0a:98:c9,Ekta hotspot,10,-61.8,0.6,-62.0,9,0.0
59,11,ba:61:33:5d:51:8b,Oggy,10,-57.8,0.6,-58.0,9,0.0
59,11,f6:6b:65:56:e4:88,realme 10,10,-65.7,0.9,-66.0,9,0.0
59,11,5e:a9:31:22:bb:0a,CSE-LAB,1,-64.0,0.0,-64.0,1,0.0
59,11,3e:92:f7:29:0d:11,Abrar Zahin's Galaxy A33 5G,9,-68.0,0.0,-68.0,9,0.0
59,11,34:60:f9:a1:88:63,,9,-88.0,0.0,-88.0,9,0.0
59,11,5c:e9:31:22:bb:0b,,9,-89.0,0.0,-89.0,9,0.0
59,11,1c:61:b4:9c:7a:1a,,9,-83.0,0.0,-83.0,9,0.0
59,11,8a:c6:f0:bb:61:49,amim,9,-64.0,0.0,-64.0,9,0.0
59,11,46:c4:90:f1:0a:2a,Galaxy S23 Ultra 8407,8,-74.0,0.0,-74.0,8,0.0
59,11,ee:ec:4e:98:5f:81,,8,-83.0,0.0,-83.0,8,0.0
59,11,fa:b5:62:5b:af:73,Redmi Note 10S,8,-78.0,0.0,-78.0,8,0.0
60,18,62:d5:76:41:44:83,Pixel,15,-77.07,3.02,-77.07,15,3.02
60,18,2c:fe:e2:59:d0:c2,Horion_e9,18,-76.0,2.52,-75.53,17,1.65
60,18,c2:c4:fb:a2:01:1f,getIP().hackDevice(),18,-55.39,7.99,-58.87,15,2.0
60,18,bc:22:28:21:09:22,,8,-68.75,2.73,-68.75,8,2.73
60,18,bc:22:28:21:09:21,,8,-69.25,3.46,-69.25,8,3.46
60,18,36:20:f9:a1:88:56,CSE OFFICE,8,-66.38,2.87,-66.38,8,2.87
60,18,ba:61:33:5d:51:8b,Oggy,8,-69.88,4.08,-69.88,8,4.08
60,18,02:59:d2:85:5e:aa,Omi,2,-93.0,2.0,-93.0,2,2.0
60,18,30:b5:c2:ea:5b:44,DataLab@BUET,3,-68.0,4.08,-68.0,3,4.08
60,18,7a:ec:99:a0:87:01,Abhishek's A55,14,-61.64,5.07,-61.64,14,5.07
60,18,c2:3b:04:a2:01:1f,getIP().hackDevice(),14,-48.57,3.98,-48.57,14,3.98
60,18,4e:e8:ef:1a:c1:95,Mahdi,15,-63.47,3.9,-63.47,15,3.9
60,18,34:60:f9:a1:88:57,,2,-92.0,0.0,-92.0,2,0.0
60,18,34:60:f9:a1:88:56,,11,-66.09,0.9,-66.3,10,0.64
60,18,1a:aa:2b:0a:98:c9,Ekta hotspot,1,-71.0,0.0,-71.0,1,0.0
60,18,36:62:f9:a1:88:57,CSE OFFICE,5,-92.4,0.8,-92.0,4,0.0
60,18,8a:c6:f0:bb:61:49,amim,4,-70.5,0.87,-70.5,4,0.87
60,18,c6:10:ef:ee:57:ec,pixel,17,-63.41,5.18,-63.41,17,5.18
60,18,36:62:f9:a1:88:63,CSE OFFICE,6,-92.17,0.9,-92.0,4,0.0
60,18,8e:fa:5f:79:06:05,Ei j eta amar wifi,1,-77.0,0.0,-77.0,1,0.0
60,18,fa:b5:62:5b:af:73,Redmi Note 10S,2,-82.0,3.0,-82.0,2,3.0
60,18,96:26:00:ef:b2:d5,AlAmin,5,-80.0,0.0,-80.0,5,0.0
60,18,60:63:4c:31:37:40,CSE-303,15,-65.4,3.63,-65.4,15,3.63
60,18,7a:ae:58:61:a1:27,NK,5,-69.0,0.0,-69.0,5,0.0
60,18,34:60:f9:a1:88:63,,6,-91.67,0.75,-92.0,5,0.0
60,18,3e:92:f7:29:0d:11,Abrar Zahin's Galaxy A33 5G,3,-70.0,0.0,-70.0,3,0.0
60,18,26:e4:72:86:6b:66,Torr20-tab,1,-87.0,0.0,-87.0,1,0.0
60,18,f6:6b:65:56:e4:88,realme 10,1,-80.0,0.0,-80.0,1,0.0
60,18,ee:ec:4e:98:5f:81,,1,-91.0,0.0,-91.0,1,0.0
61,18,3e:92:f7:29:0d:11,Abrar Zahin's Galaxy A33 5G,17,-58.0,2.63,-56.93,14,1.39
61,18,62:d5:76:41:44:83,Pixel,18,-57.72,5.41,-60.08,13,0.73
61,18,2c:fe:e2:59:d0:c2,Horion_e9,18,-73.72,5.33,-72.0,10,0.0
61,18,34:60:f9:a1:88:63,,12,-89.5,1.38,-90.0,10,0.0
61,18,bc:22:28:21:09:24,CSE-205,7,-57.29,2.55,-57.29,7,2.55
61,18,bc:22:28:21:09:22,,17,-61.24,3.42,-61.5,14,0.73
61,18,bc:22:28:21:09:21,,16,-60.06,2.7,-60.0,10,0.0
61,18,ba:61:33:5d:51:8b,Oggy,4,-58.5,2.29,-58.5,4,2.29
61,18,7a:ec:99:a0:87:01,Abhishek's A55,17,-56.06,5.02,-56.88,16,3.94
61,18,02:a8:9b:f6:4d:ca,,1,-87.0,0.0,-87.0,1,0.0
61,18,36:20:f9:a1:88:62,CSE OFFICE,4,-67.75,3.9,-67.75,4,3.9
61,18,60:63:4c:31:37:40,CSE-303,10,-70.4,1.8,-71.0,9,0.0
61,18,c6:10:ef:ee:57:ec,pixel,18,-71.0,3.35,-71.0,18,3.35
61,18,4e:e8:ef:1a:c1:95,Mahdi,18,-42.83,3.47,-42.0,10,0.0
61,18,c2:3b:04:a2:01:1f,getIP().hackDevice(),15,-80.67,1.89,-81.0,9,0.0
61,18,aa:dc:7e:ea:37:18,moto edge 50 neo_3238,1,-62.0,0.0,-62.0,1,0.0
61,18,8e:fa:5f:79:06:05,Ei j eta amar wifi,16,-61.31,2.31,-60.8,15,1.22
61,18,34:60:f9:a1:88:62,,1,-68.0,0.0,-68.0,1,0.0
61,18,02:59:d2:85:5e:aa,Omi,4,-88.0,0.71,-88.0,4,0.71
61,18,c6:ef:10:ee:57:ec,pixel,1,-75.0,0.0,-75.0,1,0.0
61,18,12:38:f1:f0:25:6e,OPPO F21 Pro,7,-62.86,4.73,-61.0,6,1.41
61,18,36:62:f9:a1:88:63,CSE OFFICE,15,-88.53,0.96,-88.53,15,0.96
61,18,96:21:ee:e2:9f:97,Tanvir,16,-63.94,2.51,-63.53,15,2.03
61,18,76:75:55:f3:a7:bd,Redmi Note 13 Pro,13,-65.08,1.98,-66.0,10,0.0
61,18,36:62:f9:a1:88:57,CSE OFFICE,10,-89.6,1.2,-90.0,9,0.0
61,18,8a:c6:f0:bb:61:49,amim,3,-67.33,1.25,-67.33,3,1.25
61,18,34:60:f9:a1:88:57,,1,-85.0,0.0,-85.0,1,0.0
61,18,fa:b5:62:5b:af:73,Redmi Note 10S,2,-73.0,5.0,-73.0,2,5.0
61,18,30:b5:c2:ea:5b:44,DataLab@BUET,9,-69.0,0.0,-69.0,9,0.0
61,18,5a:d6:bc:29:37:4c,AndroidAP,12,-82.25,4.76,-85.0,9,0.0
61,18,00:22:b0:05:f3:bc,CSE-204,10,-58.8,2.4,-58.0,9,0.0
61,18,e6:03:58:bb:71:13,Norse Network,9,-75.0,0.0,-75.0,9,0.0
61,18,10:62:eb:77:b7:42,CSE-G04,9,-76.0,0.0,-76.0,9,0.0
61,18,18:0f:76:c3:06:8d,CSE-304,1,-69.0,0.0,-69.0,1,0.0
61,18,46:c4:90:f1:0a:2a,Galaxy S23 Ultra 8407,2,-72.5,3.5,-72.5,2,3.5
61,18,34:60:f9:a1:88:56,,1,-66.0,0.0,-66.0,1,0.0
61,18,c2:c4:fb:a2:01:1f,getIP().hackDevice(),5,-67.2,2.86,-67.0,3,0.0
61,18,10:62:eb:1a:0c:09,Room 914,1,-75.0,0.0,-75.0,1,0.0
61,18,ee:ec:4e:98:5f:81,,1,-82.0,0.0,-82.0,1,0.0
61,18,1a:50:a7:f3:20:79,DoYouKnow ,1,-82.0,0.0,-82.0,1,0.0
61,18,0a:54:a5:5f:17:37,Galaxy S22C48A,3,-67.0,0.0,-67.0,3,0.0
62,18,2c:fe:e2:59:d0:c2,Horion_e9,18,-75.89,2.71,-75.89,18,2.71
62,18,60:63:4c:31:37:40,CSE-303,14,-55.5,2.75,-55.5,14,2.75
62,18,c6:10:ef:ee:57:ec,pixel,18,-80.78,2.92,-80.55,11,0.66
62,18,c2:3b:04:a2:01:1f,getIP().hackDevice(),17,-82.41,2.2,-82.0,16,1.5
62,18,e2:fd:30:fe:69:73,Anirban,2,-69.0,2.0,-69.0,2,2.0
62,18,5a:d6:bc:29:37:4c,AndroidAP,1,-67.0,0.0,-67.0,1,0.0
62,18,36:20:f9:a1:88:62,CSE OFFICE,12,-65.58,0.95,-65.82,11,0.57
62,18,aa:dc:7e:ea:37:18,moto edge 50 neo_3238,16,-56.12,1.96,-56.12,16,1.96
62,18,62:d5:76:41:44:83,Pixel,18,-87.17,3.95,-87.15,13,1.29
62,18,4e:e8:ef:1a:c1:95,Mahdi,5,-66.0,3.95,-64.5,4,2.87
62,18,bc:22:28:21:09:24,CSE-205,3,-57.0,1.41,-57.0,3,1.41
62,18,bc:22:28:21:09:22,,6,-62.83,4.88,-62.83,6,4.88
62,18,bc:22:28:21:09:21,,5,-61.4,4.03,-61.4,5,4.03
62,18,34:60:f9:a1:88:63,,6,-89.5,3.45,-88.0,5,0.89
62,18,12:38:f1:f0:25:6e,OPPO F21 Pro,11,-60.91,1.56,-60.22,9,0.42
62,18,8e:fa:5f:79:06:05,Ei j eta amar wifi,3,-68.0,0.0,-68.0,3,0.0
62,18,ba:61:33:5d:51:8b,Oggy,14,-57.5,3.44,-56.0,9,0.0
62,18,36:62:f9:a1:88:63,CSE OFFICE,17,-90.35,2.08,-90.35,17,2.08
62,18,7a:ec:99:a0:87:01,Abhishek's A55,5,-65.6,2.06,-65.6,5,2.06
62,18,02:a8:9b:f6:4d:ca,,1,-92.0,0.0,-92.0,1,0.0
62,18,02:59:d2:85:5e:aa,Omi,9,-94.0,0.0,-94.0,9,0.0
62,18,1a:50:a7:f3:20:79,DoYouKnow ,10,-93.6,3.67,-93.6,10,3.67
62,18,ee:ec:4e:98:5f:81,,8,-72.0,5.29,-70.0,7,0.0
62,18,56:f1:5f:2e:f3:7a,Horion_yj,7,-69.0,0.0,-69.0,7,0.0
62,18,18:0f:76:c3:06:8d,CSE-304,9,-69.0,1.41,-69.0,7,0.0
62,18,0a:54:a5:5f:17:37,Galaxy S22C48A,3,-67.67,0.94,-67.67,3,0.94
62,18,5a:e6:b4:de:a1:ae,realme 9,2,-63.5,1.5,-63.5,2,1.5
62,18,00:22:b0:05:f3:bc,CSE-204,1,-69.0,0.0,-69.0,1,0.0
62,18,d6:e6:83:e5:58:d7,Redmi Note 12 Pro,1,-80.0,0.0,-80.0,1,0.0
62,18,c6:ef:10:ee:57:ec,pixel,3,-78.0,0.0,-78.0,3,0.0
62,18,5c:e8:d3:0a:1e:e0,Free,3,-75.0,0.0,-75.0,3,0.0
62,18,96:26:00:ef:b2:d5,AlAmin,3,-79.0,0.0,-79.0,3,0.0
62,18,46:c4:90:f1:0a:2a,Galaxy S23 Ultra 8407,3,-80.0,0.0,-80.0,3,0.0
62,18,7a:ae:58:61:a1:27,NK,3,-68.0,0.0,-68.0,3,0.0
63,18,2c:fe:e2:59:d0:c2,Horion_e9,17,-62.18,1.95,-61.36,14,0.61
63,18,36:62:f9:a1:88:63,CSE OFFICE,2,-85.5,0.5,-85.5,2,0.5
63,18,4e:e8:ef:1a:c1:95,Mahdi,8,-57.12,3.66,-55.86,7,1.55
63,18,c2:3b:04:a2:01:1f,getIP().hackDevice(),5,-81.8,2.23,-82.0,3,0.0
63,18,62:d5:76:41:44:83,Pixel,6,-76.0,3.21,-74.6,5,0.8
63,18,7a:ec:99:a0:87:01,Abhishek's A55,18,-43.0,2.6,-43.0,11,0.0
63,18,c6:10:ef:ee:57:ec,pixel,17,-77.41,2.3,-77.41,17,2.3
63,18,76:75:55:f3:a7:bd,Redmi Note 13 Pro,2,-63.5,1.5,-63.5,2,1.5
63,18,1c:61:b4:9c:7a:1a,,2,-75.5,3.5,-75.5,2,3.5
63,18,7a:ae:58:61:a1:27,NK,3,-54.67,1.7,-54.67,3,1.7
63,18,8e:fa:5f:79:06:05,Ei j eta amar wifi,12,-56.5,1.19,-56.0,10,0.0
63,18,e2:fd:30:fe:69:73,Anirban,1,-71.0,0.0,-71.0,1,0.0
63,18,1e:61:b4:ac:7a:1a,CSE-306BL,1,-70.0,0.0,-70.0,1,0.0
63,18,fa:b5:62:5b:af:73,Redmi Note 10S,1,-78.0,0.0,-78.0,1,0.0
63,18,bc:22:28:21:09:22,,3,-63.33,1.25,-63.33,3,1.25
63,18,12:38:f1:f0:25:6e,OPPO F21 Pro,5,-56.4,4.45,-56.4,5,4.45
63,18,60:63:4c:31:37:40,CSE-303,5,-55.0,0.63,-55.0,3,0.0
63,18,6a:66:d2:07:a3:61,Juice Pila do. Mosambi Ka! 🥹,1,-82.0,0.0,-82.0,1,0.0
63,18,30:b5:c2:ea:5b:44,DataLab@BUET,1,-64.0,0.0,-64.0,1,0.0
63,18,bc:22:28:21:55:6e,CSE-104,1,-76.0,0.0,-76.0,1,0.0
63,18,5e:75:bf:7f:f2:e4,realme 9 Pro 5G,1,-70.0,0.0,-70.0,1,0.0
63,18,46:c4:90:f1:0a:2a,Galaxy S23 Ultra 8407,3,-68.0,0.0,-68.0,3,0.0
64,18,62:d5:76:41:44:83,Pixel,18,-81.44,3.89,-80.0,11,0.0
64,18,2c:fe:e2:59:d0:c2,Horion_e9,18,-67.67,1.7,-68.0,10,0.0
64,18,bc:22:28:21:09:24,CSE-205,12,-49.17,4.22,-47.0,9,0.0
64,18,36:20:f9:a1:88:56,CSE OFFICE,2,-67.0,1.0,-67.0,2,1.0
64,18,36:20:f9:a1:88:62,CSE OFFICE,7,-63.0,1.6,-63.0,7,1.6
64,18,60:63:4c:31:37:40,CSE-303,11,-60.82,0.57,-61.0,10,0.0
64,18,c6:10:ef:ee:57:ec,pixel,18,-75.06,4.88,-75.06,18,4.88
64,18,ee:ec:4e:98:5f:81,,11,-63.91,4.68,-66.0,9,0.0
64,18,36:62:f9:a1:88:63,CSE OFFICE,18,-87.94,2.82,-87.94,18,2.82
64,18,0a:54:a5:5f:17:37,Galaxy S22C48A,13,-65.62,2.68,-64.64,11,1.49
64,18,4e:e8:ef:1a:c1:95,Mahdi,17,-67.06,3.62,-66.21,14,1.08
64,18,c2:3b:04:a2:01:1f,getIP().hackDevice(),18,-77.89,2.6,-78.41,17,1.5
64,18,8e:94:a9:8d:65:5b,vivo Y27s,12,-53.5,4.39,-51.0,9,0.0
64,18,34:60:f9:a1:88:62,,2,-65.0,1.0,-65.0,2,1.0
64,18,bc:22:28:21:09:22,,13,-53.23,0.58,-53.0,11,0.0
64,18,7e:5d:23:fc:ca:4a,GADA ELECTRONICS,2,-70.0,0.0,-70.0,2,0.0
64,18,7a:ec:99:a0:87:01,Abhishek's A55,16,-59.19,4.26,-59.19,16,4.26
64,18,56:f1:5f:2e:f3:7a,Horion_yj,15,-71.6,3.26,-71.6,15,3.26
64,18,c6:99:bb:89:07:d5,Z60,13,-93.77,1.93,-93.77,13,1.93
64,18,56:77:3d:1c:98:93,Redmi 11 Prime,3,-64.0,2.83,-64.0,3,2.83
64,18,02:59:d2:85:5e:aa,Omi,9,-96.0,0.0,-96.0,9,0.0
64,18,5a:d6:bc:29:37:4c,AndroidAP,9,-59.0,0.0,-59.0,9,0.0
64,18,76:75:55:f3:a7:bd,Redmi Note 13 Pro,10,-74.1,2.7,-75.0,9,0.0
64,18,34:60:f9:a1:88:63,,13,-88.31,2.2,-87.45,11,0.99
64,18,bc:22:28:21:09:21,,13,-52.92,1.38,-52.92,13,1.38
64,18,00:22:b0:05:f3:bc,CSE-204,9,-78.0,0.0,-78.0,9,0.0
64,18,1c:61:b4:9c:7a:1a,,9,-78.0,0.0,-78.0,9,0.0
64,18,18:0f:76:c3:06:8d,CSE-304,9,-65.0,0.0,-65.0,9,0.0
64,18,7a:ae:58:61:a1:27,NK,10,-66.0,0.0,-66.0,10,0.0
64,18,1a:50:a7:f3:20:79,DoYouKnow ,3,-83.33,4.71,-83.33,3,4.71
64,18,5a:e6:b4:de:a1:ae,realme 9,2,-64.0,2.0,-64.0,2,2.0
64,18,d6:e6:83:e5:58:d7,Redmi Note 12 Pro,1,-76.0,0.0,-76.0,1,0.0
64,18,aa:dc:7e:ea:37:18,moto edge 50 neo_3238,3,-64.67,0.47,-64.67,3,0.47
64,18,30:b5:c2:ea:5b:44,DataLab@BUET,1,-71.0,0.0,-71.0,1,0.0
64,18,5e:75:bf:7f:f2:e4,realme 9 Pro 5G,4,-66.75,2.28,-66.75,4,2.28
64,18,12:38:f1:f0:25:6e,OPPO F21 Pro,1,-68.0,0.0,-68.0,1,0.0
64,18,fa:b5:62:5b:af:73,Redmi Note 10S,1,-76.0,0.0,-76.0,1,0.0
64,18,8e:fa:5f:79:06:05,Ei j eta amar wifi,1,-66.0,0.0,-66.0,1,0.0
64,18,fe:a6:d1:4e:1c:86,narzo 50,3,-60.33,1.89,-60.33,3,1.89
65,18,62:d5:76:41:44:83,Pixel,18,-79.39,4.07,-79.94,17,3.47
65,18,2c:fe:e2:59:d0:c2,Horion_e9,18,-62.78,2.62,-63.0,10,0.0
65,18,02:59:d2:85:5e:aa,Omi,1,-96.0,0.0,-96.0,1,0.0
65,18,ba:61:33:5d:51:8b,Oggy,13,-65.38,4.78,-66.0,10,0.0
65,18,7a:ec:99:a0:87:01,Abhishek's A55,18,-39.61,15.93,-39.61,18,15.93
65,18,1c:61:b4:9c:7a:1a,,1,-81.0,0.0,-81.0,1,0.0
65,18,7a:ae:58:61:a1:27,NK,16,-68.0,4.74,-68.0,16,4.74
65,18,c6:10:ef:ee:57:ec,pixel,18,-73.56,2.83,-73.0,13,0.39
65,18,ee:ec:4e:98:5f:81,,12,-80.25,2.8,-79.0,10,0.0
65,18,36:62:f9:a1:88:63,CSE OFFICE,18,-91.39,1.92,-91.39,18,1.92
65,18,4e:e8:ef:1a:c1:95,Mahdi,18,-65.33,6.16,-65.33,18,6.16
65,18,c2:3b:04:a2:01:1f,getIP().hackDevice(),16,-79.19,2.04,-78.73,15,1.06
65,18,8e:fa:5f:79:06:05,Ei j eta amar wifi,15,-67.53,3.63,-67.53,15,3.63
65,18,76:75:55:f3:a7:bd,Redmi Note 13 Pro,2,-62.5,2.5,-62.5,2,2.5
65,18,34:60:f9:a1:88:63,,5,-90.6,0.8,-91.0,4,0.0
65,18,36:20:f9:a1:88:62,CSE OFFICE,6,-62.5,6.42,-59.8,5,2.4
65,18,e6:03:58:bb:71:13,Norse Network,1,-80.0,0.0,-80.0,1,0.0
65,18,bc:22:28:21:09:21,,5,-63.0,2.53,-63.0,3,0.0
65,18,8e:94:a9:8d:65:5b,vivo Y27s,10,-64.0,0.0,-64.0,10,0.0
65,18,34:60:f9:a1:88:62,,15,-64.93,3.66,-64.0,10,0.0
65,18,bc:22:28:21:09:22,,5,-64.6,2.06,-64.6,5,2.06
65,18,1a:50:a7:f3:20:79,DoYouKnow ,2,-89.0,1.0,-89.0,2,1.0
65,18,5a:e6:b4:de:a1:ae,realme 9,1,-76.0,0.0,-76.0,1,0.0
65,18,12:38:f1:f0:25:6e,OPPO F21 Pro,2,-71.5,8.5,-71.5,2,8.5
65,18,0a:54:a5:5f:17:37,Galaxy S22C48A,1,-78.0,0.0,-78.0,1,0.0
65,18,1a:aa:2b:0a:98:c9,Ekta hotspot,1,-78.0,0.0,-78.0,1,0.0
65,18,30:b5:c2:ea:5b:44,DataLab@BUET,1,-69.0,0.0,-69.0,1,0.0
65,18,bc:22:28:21:55:6e,CSE-104,1,-84.0,0.0,-84.0,1,0.0
65,18,aa:dc:7e:ea:37:18,moto edge 50 neo_3238,1,-70.0,0.0,-70.0,1,0.0
66,18,62:d5:76:41:44:83,Pixel,17,-71.12,3.29,-71.12,17,3.29
66,18,34:60:f9:a1:88:62,,2,-67.0,0.0,-67.0,2,0.0
66,18,2c:fe:e2:59:d0:c2,Horion_e9,18,-77.28,4.33,-78.62,16,2.0
66,18,bc:22:28:21:09:24,CSE-205,3,-58.33,1.89,-58.33,3,1.89
66,18,bc:22:28:21:09:21,,15,-61.4,1.08,-61.57,14,0.9
66,18,ba:61:33:5d:51:8b,Oggy,7,-51.71,0.88,-51.8,5,0.4
66,18,30:b5:c2:ea:5b:44,DataLab@BUET,5,-63.6,0.8,-64.0,4,0.0
66,18,8a:c6:f0:bb:61:49,amim,3,-62.33,4.11,-62.33,3,4.11
66,18,46:c4:90:f1:0a:2a,Galaxy S23 Ultra 8407,6,-67.0,4.12,-67.0,6,4.12
66,18,c6:10:ef:ee:57:ec,pixel,18,-62.56,3.99,-61.64,14,1.11
66,18,12:38:f1:f0:25:6e,OPPO F21 Pro,2,-61.5,0.5,-61.5,2,0.5
66,18,36:62:f9:a1:88:63,CSE OFFICE,14,-89.57,1.55,-90.0,13,0.0
66,18,96:21:ee:e2:9f:97,Tanvir,5,-59.8,5.11,-57.25,4,0.43
66,18,4e:e8:ef:1a:c1:95,Mahdi,7,-56.43,2.82,-55.5,6,1.8
66,18,c2:3b:04:a2:01:1f,getIP().hackDevice(),6,-81.83,3.18,-81.83,6,3.18
66,18,8e:fa:5f:79:06:05,Ei j eta amar wifi,17,-56.41,2.59,-56.41,17,2.59
66,18,7a:ec:99:a0:87:01,Abhishek's A55,5,-49.8,1.6,-49.8,5,1.6
66,18,76:75:55:f3:a7:bd,Redmi Note 13 Pro,2,-63.5,6.5,-63.5,2,6.5
66,18,60:63:4c:31:37:40,CSE-303,1,-62.0,0.0,-62.0,1,0.0
66,18,7a:ae:58:61:a1:27,NK,2,-67.5,0.5,-67.5,2,0.5
66,18,36:20:f9:a1:88:56,CSE OFFICE,1,-72.0,0.0,-72.0,1,0.0
66,18,fa:b5:62:5b:af:73,Redmi Note 10S,1,-55.0,0.0,-55.0,1,0.0
66,18,aa:dc:7e:ea:37:18,moto edge 50 neo_3238,2,-62.5,1.5,-62.5,2,1.5
66,18,34:60:f9:a1:88:56,,1,-63.0,0.0,-63.0,1,0.0
66,18,36:20:f9:a1:88:62,CSE OFFICE,1,-58.0,0.0,-58.0,1,0.0
66,18,1a:aa:2b:0a:98:c9,Ekta hotspot,3,-67.0,0.0,-67.0,3,0.0
66,18,34:60:f9:a1:88:63,,3,-86.0,0.0,-86.0,3,0.0
67,18,62:d5:76:41:44:83,Pixel,18,-70.61,5.73,-71.07,15,2.57
67,18,2c:fe:e2:59:d0:c2,Horion_e9,18,-61.72,3.51,-61.72,18,3.51
67,18,1a:aa:2b:0a:98:c9,Ekta hotspot,11,-52.91,6.04,-51.0,10,0.0
67,18,bc:22:28:21:09:24,CSE-205,18,-56.56,3.04,-56.56,18,3.04
67,18,02:59:d2:85:5e:aa,Omi,1,-86.0,0.0,-86.0,1,0.0
67,18,ba:61:33:5d:51:8b,Oggy,4,-57.0,5.34,-57.0,4,5.34
67,18,10:62:eb:1a:0c:09,Room 914,1,-82.0,0.0,-82.0,1,0.0
67,18,56:f1:5f:2e:f3:7a,Horion_yj,3,-70.33,5.44,-70.33,3,5.44
67,18,c6:ef:10:ee:57:ec,pixel,1,-72.0,0.0,-72.0,1,0.0
67,18,e6:03:58:bb:71:13,Norse Network,1,-65.0,0.0,-65.0,1,0.0
67,18,c6:10:ef:ee:57:ec,pixel,16,-72.0,2.09,-72.0,16,2.09
67,18,ee:ec:4e:98:5f:81,,12,-76.5,1.66,-76.0,11,0.0
67,18,12:38:f1:f0:25:6e,OPPO F21 Pro,16,-56.69,3.35,-56.69,16,3.35
67,18,4e:e8:ef:1a:c1:95,Mahdi,18,-57.33,5.11,-57.33,18,5.11
67,18,c2:3b:04:a2:01:1f,getIP().hackDevice(),8,-78.75,4.82,-78.75,8,4.82
67,18,8e:fa:5f:79:06:05,Ei j eta amar wifi,18,-56.61,2.61,-57.93,14,0.26
67,18,02:a8:9b:f6:4d:ca,,1,-82.0,0.0,-82.0,1,0.0
67,18,e2:fd:30:fe:69:73,Anirban,3,-65.67,1.7,-65.67,3,1.7
67,18,8a:c6:f0:bb:61:49,amim,11,-67.64,1.15,-68.0,10,0.0
67,18,36:20:f9:a1:88:62,CSE OFFICE,14,-58.0,2.1,-58.83,12,0.37
67,18,60:63:4c:31:37:40,CSE-303,6,-50.83,2.03,-50.83,6,2.03
67,18,36:62:f9:a1:88:63,CSE OFFICE,12,-86.0,0.0,-86.0,12,0.0
67,18,76:75:55:f3:a7:bd,Redmi Note 13 Pro,13,-68.31,6.82,-72.0,10,0.0
67,18,34:60:f9:a1:88:62,,12,-59.42,2.96,-60.0,10,0.0
67,18,34:60:f9:a1:88:63,,13,-86.0,0.0,-86.0,13,0.0
67,18,bc:22:28:21:09:22,,6,-57.83,0.9,-57.83,6,0.9
67,18,bc:22:28:21:09:21,,17,-60.06,1.26,-60.06,17,1.26
67,18,34:0a:33:6a:24:5e,ROOM-713,2,-82.0,0.0,-82.0,2,0.0
67,18,18:0f:76:c3:06:8d,CSE-304,3,-59.0,0.82,-59.0,3,0.82
67,18,7a:ae:58:61:a1:27,NK,16,-60.31,2.47,-58.92,12,0.28
67,18,96:21:ee:e2:9f:97,Tanvir,4,-62.25,4.92,-62.25,4,4.92
67,18,00:22:b0:05:f3:bc,CSE-204,12,-71.17,2.76,-72.0,11,0.0
67,18,46:c4:90:f1:0a:2a,Galaxy S23 Ultra 8407,16,-64.0,2.89,-64.0,16,2.89
67,18,3e:92:f7:29:0d:11,Abrar Zahin's Galaxy A33 5G,6,-51.67,1.37,-51.67,6,1.37
67,18,5a:d6:bc:29:37:4c,AndroidAP,1,-76.0,0.0,-76.0,1,0.0
67,18,fa:b5:62:5b:af:73,Redmi Note 10S,1,-66.0,0.0,-66.0,1,0.0
67,18,c0:a5:dd:1a:7d:94,Serendipity,1,-82.0,0.0,-82.0,1,0.0
67,18,10:62:eb:77:b7:42,CSE-G04,1,-70.0,0.0,-70.0,1,0.0
67,18,0a:54:a5:5f:17:37,Galaxy S22C48A,6,-66.33,6.75,-64.25,4,0.43
67,18,5a:e6:b4:de:a1:ae,realme 9,1,-65.0,0.0,-65.0,1,0.0
67,18,aa:dc:7e:ea:37:18,moto edge 50 neo_3238,2,-57.5,0.5,-57.5,2,0.5
67,18,56:e7:d9:61:73:ec,POCO F6_5655,3,-62.0,0.0,-62.0,3,0.0
67,18,5e:75:bf:7f:f2:e4,realme 9 Pro 5G,3,-76.0,0.0,-76.0,3,0.0
68,18,62:d5:76:41:44:83,Pixel,17,-70.76,3.96,-70.76,17,3.96
68,18,2c:fe:e2:59:d0:c2,Horion_e9,18,-54.33,3.48,-54.33,18,3.48
68,18,ba:61:33:5d:51:8b,Oggy,8,-59.25,3.73,-59.25,8,3.73
68,18,36:20:f9:a1:88:62,CSE OFFICE,2,-54.5,0.5,-54.5,2,0.5
68,18,7a:ae:58:61:a1:27,NK,18,-49.39,7.62,-46.27,15,3.34
68,18,c6:10:ef:ee:57:ec,pixel,10,-71.4,2.54,-71.5,8,1.32
68,18,4e:e8:ef:1a:c1:95,Mahdi,12,-49.83,1.07,-49.83,12,1.07
68,18,c2:3b:04:a2:01:1f,getIP().hackDevice(),13,-79.08,1.07,-79.0,7,0.0
68,18,aa:dc:7e:ea:37:18,moto edge 50 neo_3238,6,-53.0,4.93,-53.0,6,4.93
68,18,8e:94:a9:8d:65:5b,vivo Y27s,2,-59.0,3.0,-59.0,2,3.0
68,18,36:62:f9:a1:88:63,CSE OFFICE,15,-78.33,1.14,-78.0,11,0.0
68,18,8e:fa:5f:79:06:05,Ei j eta amar wifi,17,-50.71,2.14,-50.71,17,2.14
68,18,76:75:55:f3:a7:bd,Redmi Note 13 Pro,4,-54.0,6.04,-54.0,4,6.04
68,18,12:38:f1:f0:25:6e,OPPO F21 Pro,9,-58.0,0.0,-58.0,9,0.0
68,18,46:c4:90:f1:0a:2a,Galaxy S23 Ultra 8407,3,-72.0,0.0,-72.0,3,0.0
68,18,7a:ec:99:a0:87:01,Abhishek's A55,4,-45.25,0.83,-45.25,4,0.83
68,18,96:21:ee:e2:9f:97,Tanvir,3,-55.33,2.36,-55.33,3,2.36
68,18,1a:50:a7:f3:20:79,DoYouKnow ,1,-84.0,0.0,-84.0,1,0.0
68,18,60:63:4c:31:37:40,CSE-303,3,-55.67,0.47,-55.67,3,0.47
68,18,5e:75:bf:7f:f2:e4,realme 9 Pro 5G,2,-68.0,0.0,-68.0,2,0.0
69,18,2c:fe:e2:59:d0:c2,Horion_e9,18,-61.22,4.16,-61.22,18,4.16
69,18,56:77:3d:1c:98:93,Redmi 11 Prime,1,-70.0,0.0,-70.0,1,0.0
69,18,4e:e8:ef:1a:c1:95,Mahdi,17,-62.47,2.68,-63.0,12,0.0
69,18,aa:dc:7e:ea:37:18,moto edge 50 neo_3238,14,-66.5,1.4,-66.0,10,0.0
69,18,bc:22:28:21:09:24,CSE-205,6,-53.17,3.53,-51.6,5,0.49
69,18,7a:ec:99:a0:87:01,Abhishek's A55,17,-49.65,4.87,-47.23,13,1.25
69,18,7a:ae:58:61:a1:27,NK,17,-61.82,2.04,-61.44,16,1.37
69,18,c6:10:ef:ee:57:ec,pixel,16,-76.75,4.24,-76.75,16,4.24
69,18,1a:50:a7:f3:20:79,DoYouKnow ,6,-91.67,1.49,-91.75,4,0.43
69,18,36:20:f9:a1:88:62,CSE OFFICE,1,-64.0,0.0,-64.0,1,0.0
69,18,60:63:4c:31:37:40,CSE-303,12,-66.0,3.19,-66.0,9,0.0
69,18,62:d5:76:41:44:83,Pixel,14,-79.21,4.02,-77.18,11,0.94
69,18,bc:22:28:21:09:22,,5,-67.0,2.53,-67.0,5,2.53
69,18,8e:94:a9:8d:65:5b,vivo Y27s,10,-52.7,2.1,-52.0,9,0.0
69,18,ba:61:33:5d:51:8b,Oggy,14,-62.29,2.12,-61.85,13,1.46
69,18,1e:61:b4:ac:79:f2,CSE-306BL,1,-80.0,0.0,-80.0,1,0.0
69,18,56:f1:5f:2e:f3:7a,Horion_yj,13,-68.31,1.07,-68.0,9,0.0
69,18,e2:fd:30:fe:69:73,Anirban,10,-66.3,0.9,-66.0,9,0.0
69,18,36:62:f9:a1:88:63,CSE OFFICE,11,-87.91,0.29,-88.0,10,0.0
69,18,c2:3b:04:a2:01:1f,getIP().hackDevice(),7,-79.0,4.72,-79.0,7,4.72
69,18,76:75:55:f3:a7:bd,Redmi Note 13 Pro,13,-42.0,9.82,-46.0,10,0.0
69,18,34:60:f9:a1:88:63,,10,-86.0,0.0,-86.0,10,0.0
69,18,bc:22:28:21:09:21,,13,-60.77,4.26,-60.77,13,4.26
69,18,3e:92:f7:29:0d:11,Abrar Zahin's Galaxy A33 5G,9,-62.0,0.0,-62.0,9,0.0
69,18,02:59:d2:85:5e:aa,Omi,9,-94.0,0.0,-94.0,9,0.0
69,18,c6:99:bb:89:07:d5,Z60,9,-94.0,0.0,-94.0,9,0.0
69,18,ee:ec:4e:98:5f:81,,9,-72.0,0.0,-72.0,9,0.0
69,18,0a:54:a5:5f:17:37,Galaxy S22C48A,12,-73.5,4.33,-71.0,9,0.0
69,18,34:0a:33:6a:24:5e,ROOM-713,1,-83.0,0.0,-83.0,1,0.0
69,18,46:c4:90:f1:0a:2a,Galaxy S23 Ultra 8407,1,-68.0,0.0,-68.0,1,0.0
69,18,12:38:f1:f0:25:6e,OPPO F21 Pro,2,-59.5,2.5,-59.5,2,2.5
69,18,96:21:ee:e2:9f:97,Tanvir,4,-63.0,5.2,-63.0,4,5.2
69,18,8a:c6:f0:bb:61:49,amim,1,-78.0,0.0,-78.0,1,0.0
69,18,18:0f:76:c3:06:8d,CSE-304,1,-69.0,0.0,-69.0,1,0.0
69,18,f4:8c:eb:c5:c7:aa,EMC-504,1,-83.0,0.0,-83.0,1,0.0
69,18,34:60:f9:a1:88:62,,3,-63.0,0.0,-63.0,3,0.0
69,18,8e:fa:5f:79:06:05,Ei j eta amar wifi,3,-59.0,0.0,-59.0,3,0.0
70,18,62:d5:76:41:44:83,Pixel,18,-51.17,6.83,-51.17,18,6.83
70,18,2c:fe:e2:59:d0:c2,Horion_e9,18,-72.83,2.57,-72.83,18,2.57
70,18,1a:aa:2b:0a:98:c9,Ekta hotspot,11,-67.36,1.49,-67.0,9,0.0
70,18,34:60:f9:a1:88:63,,3,-86.0,1.41,-86.0,3,1.41
70,18,bc:22:28:21:09:24,CSE-205,11,-56.27,1.6,-56.0,9,0.0
70,18,bc:22:28:21:09:22,,5,-66.2,1.47,-66.2,5,1.47
70,18,bc:22:28:21:09:21,,1,-67.0,0.0,-67.0,1,0.0
70,18,ba:61:33:5d:51:8b,Oggy,5,-62.2,1.72,-62.2,5,1.72
70,18,7a:ec:99:a0:87:01,Abhishek's A55,6,-49.0,2.71,-49.0,6,2.71
70,18,fe:a6:d1:4e:1c:86,narzo 50,1,-81.0,0.0,-81.0,1,0.0
70,18,1c:61:b4:9c:7a:1a,,1,-73.0,0.0,-73.0,1,0.0
70,18,8a:c6:f0:bb:61:49,amim,2,-66.0,0.0,-66.0,2,0.0
70,18,1e:61:b4:ac:7a:1a,CSE-306BL,1,-74.0,0.0,-74.0,1,0.0
70,18,7a:ae:58:61:a1:27,NK,2,-64.0,2.0,-64.0,2,2.0
70,18,46:c4:90:f1:0a:2a,Galaxy S23 Ultra 8407,7,-65.14,4.09,-65.14,7,4.09
70,18,c6:10:ef:ee:57:ec,pixel,9,-71.89,5.22,-73.38,8,3.28
70,18,12:38:f1:f0:25:6e,OPPO F21 Pro,7,-59.86,3.09,-59.86,7,3.09
70,18,36:62:f9:a1:88:63,CSE OFFICE,6,-84.0,2.83,-84.0,6,2.83
70,18,96:21:ee:e2:9f:97,Tanvir,13,-64.08,3.2,-64.08,13,3.2
70,18,4e:e8:ef:1a:c1:95,Mahdi,18,-38.28,3.48,-39.0,17,1.85
70,18,c2:3b:04:a2:01:1f,getIP().hackDevice(),8,-75.75,1.39,-76.14,7,0.99
70,18,aa:dc:7e:ea:37:18,moto edge 50 neo_3238,11,-66.55,1.78,-67.0,9,0.0
70,18,60:63:4c:31:37:48,dlink,18,-85.78,3.17,-85.78,18,3.17
70,18,76:75:55:f3:a7:bd,Redmi Note 13 Pro,6,-60.17,3.72,-59.25,4,0.43
70,18,ee:ec:4e:98:5f:81,,2,-82.5,0.5,-82.5,2,0.5
70,18,3e:92:f7:29:0d:11,Abrar Zahin's Galaxy A33 5G,13,-45.69,2.58,-45.69,13,2.58
70,18,8e:94:a9:8d:65:5b,vivo Y27s,1,-61.0,0.0,-61.0,1,0.0
70,18,02:59:d2:85:5e:aa,Omi,1,-90.0,0.0,-90.0,1,0.0
70,18,8e:fa:5f:79:06:05,Ei j eta amar wifi,15,-60.47,2.03,-60.47,15,2.03
70,18,e2:fd:30:fe:69:73,Anirban,9,-68.0,0.0,-68.0,9,0.0
70,18,0a:54:a5:5f:17:37,Galaxy S22C48A,9,-66.0,0.0,-66.0,9,0.0
70,18,34:60:f9:a1:88:62,,1,-64.0,0.0,-64.0,1,0.0
70,18,30:b5:c2:ea:5b:44,DataLab@BUET,2,-68.0,1.0,-68.0,2,1.0
70,18,24:2f:d0:88:39:a2,,1,-85.0,0.0,-85.0,1,0.0
70,18,1a:50:a7:f3:20:79,DoYouKnow ,2,-89.5,2.5,-89.5,2,2.5
70,18,60:63:4c:31:37:40,CSE-303,1,-62.0,0.0,-62.0,1,0.0
70,18,18:0f:76:c3:06:8d,CSE-304,1,-69.0,0.0,-69.0,1,0.0
70,18,00:22:b0:05:f3:bc,CSE-204,1,-67.0,0.0,-67.0,1,0.0
70,18,36:62:f9:a1:88:57,CSE OFFICE,3,-91.0,0.0,-91.0,3,0.0
70,18,34:60:f9:a1:88:57,,3,-92.0,0.0,-92.0,3,0.0
71,18,2c:fe:e2:59:d0:c2,Horion_e9,18,-73.56,3.72,-73.56,18,3.72
71,18,60:63:4c:31:37:40,CSE-303,18,-75.17,3.99,-75.17,18,3.99
71,18,1e:61:b4:ac:7a:1a,CSE-306BL,1,-85.0,0.0,-85.0,1,0.0
71,18,c6:10:ef:ee:57:ec,pixel,16,-74.88,6.48,-74.88,16,6.48
71,18,12:38:f1:f0:25:6e,OPPO F21 Pro,18,-58.33,4.84,-57.65,17,4.04
71,18,8e:fa:5f:79:06:05,Ei j eta amar wifi,16,-67.19,3.15,-67.14,14,1.81
71,18,3e:92:f7:29:0d:11,Abrar Zahin's Galaxy A33 5G,18,-73.78,4.85,-73.78,18,4.85
71,18,5a:d6:bc:29:37:4c,AndroidAP,16,-76.19,2.65,-75.33,12,1.18
71,18,b6:aa:61:51:66:ce,Thuja,1,-76.0,0.0,-76.0,1,0.0
71,18,36:62:f9:a1:88:63,CSE OFFICE,8,-88.0,3.28,-87.0,7,2.07
71,18,c2:3b:04:a2:01:1f,getIP().hackDevice(),17,-85.53,3.45,-85.53,17,3.45
71,18,aa:dc:7e:ea:37:18,moto edge 50 neo_3238,3,-67.0,0.0,-67.0,3,0.0
71,18,62:d5:76:41:44:83,Pixel,8,-81.12,5.09,-80.67,6,1.89
71,18,bc:22:28:21:09:24,CSE-205,5,-65.0,2.45,-65.0,5,2.45
71,18,bc:22:28:21:09:22,,16,-68.38,2.0,-68.0,12,0.0
71,18,7a:ae:58:61:a1:27,NK,6,-72.17,1.21,-72.17,6,1.21
71,18,10:62:eb:77:b7:42,CSE-G04,11,-70.82,0.57,-71.0,10,0.0
71,18,46:c4:90:f1:0a:2a,Galaxy S23 Ultra 8407,15,-71.13,4.08,-71.13,15,4.08
71,18,96:21:ee:e2:9f:97,Tanvir,8,-66.88,5.28,-68.71,7,2.19
71,18,ba:61:33:5d:51:8b,Oggy,6,-67.67,4.27,-66.25,4,0.43
71,18,36:20:f9:a1:88:62,CSE OFFICE,5,-69.8,3.92,-69.8,5,3.92
71,18,4e:e8:ef:1a:c1:95,Mahdi,12,-67.5,2.63,-68.0,9,0.0
71,18,bc:22:28:21:09:21,,16,-68.06,1.56,-68.0,9,0.0
71,18,7a:ec:99:a0:87:01,Abhishek's A55,16,-63.81,2.83,-63.81,16,2.83
71,18,8e:94:a9:8d:65:5b,vivo Y27s,1,-69.0,0.0,-69.0,1,0.0
71,18,e2:fd:30:fe:69:73,Anirban,1,-74.0,0.0,-74.0,1,0.0
71,18,34:60:f9:a1:88:63,,5,-89.2,2.93,-88.0,3,0.0
71,18,ee:ec:4e:98:5f:81,,10,-83.6,1.2,-84.0,9,0.0
71,18,60:63:4c:31:37:60,CSE-306,3,-87.33,5.19,-87.33,3,5.19
71,18,56:f1:5f:2e:f3:7a,Horion_yj,9,-73.0,0.0,-73.0,9,0.0
71,18,26:e4:72:86:6b:66,Torr20-tab,9,-95.0,0.0,-95.0,9,0.0
71,18,34:0a:33:6a:24:5e,ROOM-713,12,-85.5,2.6,-84.0,9,0.0
71,18,18:0f:76:c3:06:8d,CSE-304,9,-78.0,0.0,-78.0,9,0.0
71,18,1a:50:a7:f3:20:79,DoYouKnow ,5,-91.0,1.9,-91.0,3,0.0
71,18,1c:61:b4:9c:79:f2,,1,-87.0,0.0,-87.0,1,0.0
71,18,06:83:23:26:49:51,realme C55,1,-72.0,0.0,-72.0,1,0.0
71,18,10:62:eb:1a:0c:09,Room 914,1,-81.0,0.0,-81.0,1,0.0
71,18,fe:a6:d1:4e:1c:86,narzo 50,1,-70.0,0.0,-70.0,1,0.0
71,18,da:55:41:3a:44:5b,Ara,3,-63.0,0.0,-63.0,3,0.0
71,18,5c:e8:d3:0a:1e:e0,Free,3,-92.0,0.0,-92.0,3,0.0
71,18,3e:46:39:33:ac:0b,Galaxy A30s40BC,3,-87.0,0.0,-87.0,3,0.0
72,18,2c:fe:e2:59:d0:c2,Horion_e9,18,-77.0,2.43,-77.0,18,2.43
72,18,8a:c6:f0:bb:61:49,amim,1,-72.0,0.0,-72.0,1,0.0
72,18,34:60:f9:a1:88:63,,15,-83.47,3.83,-83.0,9,0.0
72,18,c6:ef:10:ee:57:ec,pixel,1,-60.0,0.0,-60.0,1,0.0
72,18,c6:10:ef:ee:57:ec,pixel,8,-71.25,2.77,-70.43,7,1.84
72,18,ee:ec:4e:98:5f:81,,11,-84.82,2.52,-86.0,9,0.0
72,18,ba:61:33:5d:51:8b,Oggy,18,-42.11,5.54,-42.11,18,5.54
72,18,36:62:f9:a1:88:63,CSE OFFICE,9,-89.33,1.56,-89.33,9,1.56
72,18,4e:e8:ef:1a:c1:95,Mahdi,18,-57.83,3.67,-58.29,17,3.23
72,18,aa:dc:7e:ea:37:18,moto edge 50 neo_3238,5,-64.0,3.1,-63.0,3,0.0
72,18,02:59:d2:85:5e:aa,Omi,11,-97.18,1.85,-98.0,9,0.0
72,18,8e:fa:5f:79:06:05,Ei j eta amar wifi,2,-66.0,0.0,-66.0,2,0.0
72,18,36:20:f9:a1:88:62,CSE OFFICE,1,-63.0,0.0,-63.0,1,0.0
72,18,62:d5:76:41:44:83,Pixel,17,-75.47,2.48,-75.06,16,1.92
72,18,46:c4:90:f1:0a:2a,Galaxy S23 Ultra 8407,1,-70.0,0.0,-70.0,1,0.0
72,18,7a:ec:99:a0:87:01,Abhishek's A55,14,-60.29,5.36,-60.29,14,5.36
72,18,00:22:b0:05:f3:bc,CSE-204,4,-67.75,0.43,-67.75,4,0.43
72,18,18:0f:76:c3:06:8d,CSE-304,1,-71.0,0.0,-71.0,1,0.0
72,18,60:63:4c:31:37:40,CSE-303,9,-58.0,0.0,-58.0,9,0.0
72,18,c2:3b:04:a2:01:1f,getIP().hackDevice(),14,-79.5,1.35,-79.15,13,0.53
72,18,36:62:f9:a1:88:57,CSE OFFICE,14,-94.43,0.9,-94.62,13,0.62
72,18,7a:ae:58:61:a1:27,NK,9,-66.0,0.0,-66.0,9,0.0
72,18,1a:50:a7:f3:20:79,DoYouKnow ,5,-87.8,2.23,-87.8,5,2.23
72,18,76:75:55:f3:a7:bd,Redmi Note 13 Pro,3,-57.67,2.05,-57.67,3,2.05
72,18,30:b5:c2:ea:5b:44,DataLab@BUET,3,-61.67,1.89,-61.67,3,1.89
72,18,12:38:f1:f0:25:6e,OPPO F21 Pro,2,-60.5,0.5,-60.5,2,0.5
72,18,96:21:ee:e2:9f:97,Tanvir,5,-61.2,2.86,-61.2,5,2.86
72,18,bc:62:ce:6a:3a:2a,RBH 204,1,-70.0,0.0,-70.0,1,0.0
72,18,f4:8c:eb:c5:c7:aa,EMC-504,1,-84.0,0.0,-84.0,1,0.0
72,18,da:55:41:3a:44:5b,Ara,3,-58.0,0.0,-58.0,3,0.0
72,18,3e:92:f7:29:0d:11,Abrar Zahin's Galaxy A33 5G,3,-60.0,0.0,-60.0,3,0.0
72,18,c2:c4:fb:a2:01:1f,getIP().hackDevice(),3,-60.0,0.0,-60.0,3,0.0
73,18,76:75:55:f3:a7:bd,Redmi Note 13 Pro,17,-48.29,7.41,-48.29,17,7.41
73,18,7a:ec:99:a0:87:01,Abhishek's A55,12,-51.83,3.02,-51.18,11,2.21
73,18,7a:ae:58:61:a1:27,NK,11,-63.27,3.57,-63.27,11,3.57
73,18,2c:fe:e2:59:d0:c2,Horion_e9,18,-66.44,7.65,-66.44,18,7.65
73,18,8e:fa:5f:79:06:05,Ei j eta amar wifi,7,-62.29,3.06,-63.33,6,1.8
73,18,4e:e8:ef:1a:c1:95,Mahdi,16,-61.38,3.52,-60.8,15,2.81
73,18,12:38:f1:f0:25:6e,OPPO F21 Pro,13,-51.08,10.02,-51.08,13,10.02
73,18,36:20:f9:a1:88:62,CSE OFFICE,8,-62.25,2.99,-63.14,7,1.96
73,18,60:63:4c:31:37:40,CSE-303,8,-60.5,3.28,-61.71,7,0.7
73,18,bc:22:28:21:09:22,,15,-67.73,3.6,-67.73,15,3.6
73,18,c2:c4:fb:a2:01:1f,getIP().hackDevice(),4,-67.75,0.43,-67.75,4,0.43
73,18,bc:22:28:21:09:21,,14,-68.0,3.89,-68.0,14,3.89
73,18,00:22:b0:05:f3:bc,CSE-204,2,-69.5,0.5,-69.5,2,0.5
73,18,8a:c6:f0:bb:61:49,amim,1,-72.0,0.0,-72.0,1,0.0
73,18,56:f1:5f:2e:f3:7a,Horion_yj,3,-70.33,2.05,-70.33,3,2.05
73,18,aa:dc:7e:ea:37:18,moto edge 50 neo_3238,5,-67.6,4.03,-67.6,5,4.03
73,18,c6:10:ef:ee:57:ec,pixel,17,-76.65,3.34,-76.65,17,3.34
73,18,ee:ec:4e:98:5f:81,,8,-78.62,4.58,-78.62,8,4.58
73,18,c2:3b:04:a2:01:1f,getIP().hackDevice(),16,-82.12,2.85,-82.12,16,2.85
73,18,36:62:f9:a1:88:63,CSE OFFICE,7,-84.29,1.91,-84.29,7,1.91
73,18,34:60:f9:a1:88:63,,7,-84.86,1.88,-84.86,7,1.88
73,18,3e:92:f7:29:0d:11,Abrar Zahin's Galaxy A33 5G,6,-61.0,2.08,-61.25,4,0.43
73,18,8e:94:a9:8d:65:5b,vivo Y27s,1,-58.0,0.0,-58.0,1,0.0
73,18,bc:22:28:21:09:24,CSE-205,7,-57.43,3.25,-58.5,6,2.06
73,18,e2:fd:30:fe:69:73,Anirban,3,-68.33,3.68,-68.33,3,3.68
73,18,ba:61:33:5d:51:8b,Oggy,4,-66.5,3.84,-66.5,4,3.84
73,18,62:d5:76:41:44:83,Pixel,14,-76.14,3.85,-76.14,14,3.85
73,18,46:c4:90:f1:0a:2a,Galaxy S23 Ultra 8407,7,-69.71,2.6,-68.83,6,1.57
73,18,96:26:00:ef:b2:d5,AlAmin,1,-72.0,0.0,-72.0,1,0.0
73,18,3e:4c:aa:f9:d8:98,VoSSS,2,-71.5,3.5,-71.5,2,3.5
73,18,5e:75:bf:7f:f2:e4,realme 9 Pro 5G,1,-77.0,0.0,-77.0,1,0.0
73,18,02:59:d2:85:5e:aa,Omi,1,-83.0,0.0,-83.0,1,0.0
73,18,5a:d6:bc:29:37:4c,AndroidAP,5,-66.6,1.85,-66.6,5,1.85
73,18,34:60:f9:a1:88:62,,5,-63.8,2.04,-63.8,5,2.04
73,18,30:b5:c2:ea:5b:44,DataLab@BUET,2,-70.5,1.5,-70.5,2,1.5
73,18,96:21:ee:e2:9f:97,Tanvir,8,-66.12,8.27,-66.12,8,8.27
73,18,02:df:3b:f6:97:11,CSE 9,1,-71.0,0.0,-71.0,1,0.0
73,18,34:60:f9:a1:8b:8e,,1,-72.0,0.0,-72.0,1,0.0
73,18,1a:50:a7:f3:20:79,DoYouKnow ,2,-85.0,1.0,-85.0,2,1.0
73,18,1c:61:b4:9c:79:f2,,1,-75.0,0.0,-75.0,1,0.0
73,18,f4:8c:eb:c5:c7:aa,EMC-504,1,-85.0,0.0,-85.0,1,0.0
73,18,da:55:41:3a:44:5b,Ara,1,-61.0,0.0,-61.0,1,0.0
73,18,fe:a6:d1:4e:1c:86,narzo 50,1,-68.0,0.0,-68.0,1,0.0
73,18,5a:e6:b4:de:a1:ae,realme 9,1,-69.0,0.0,-69.0,1,0.0
73,18,18:0f:76:c3:06:8d,CSE-304,1,-75.0,0.0,-75.0,1,0.0
74,18,62:d5:76:41:44:83,Pixel,18,-74.78,4.33,-74.78,18,4.33
74,18,2c:fe:e2:59:d0:c2,Horion_e9,18,-65.33,2.58,-65.33,12,0.75
74,18,c2:c4:fb:a2:01:1f,getIP().hackDevice(),3,-59.67,3.3,-59.67,3,3.3
74,18,bc:22:28:21:09:24,CSE-205,8,-59.75,2.33,-59.75,8,2.33
74,18,bc:22:28:21:09:22,,15,-57.4,0.88,-57.4,15,0.88
74,18,bc:22:28:21:09:21,,15,-57.0,0.37,-57.0,13,0.0
74,18,36:20:f9:a1:88:56,CSE OFFICE,1,-77.0,0.0,-77.0,1,0.0
74,18,ba:61:33:5d:51:8b,Oggy,17,-56.47,2.43,-56.91,11,0.29
74,18,7a:ec:99:a0:87:01,Abhishek's A55,18,-57.94,3.72,-58.0,13,0.0
74,18,60:63:4c:31:37:40,CSE-303,14,-61.64,1.17,-61.09,11,0.29
74,18,5a:e6:b4:de:a1:ae,realme 9,1,-69.0,0.0,-69.0,1,0.0
74,18,46:c4:90:f1:0a:2a,Galaxy S23 Ultra 8407,12,-75.33,2.21,-76.0,11,0.0
74,18,c6:10:ef:ee:57:ec,pixel,18,-66.83,3.47,-66.83,18,3.47
74,18,36:62:f9:a1:88:63,CSE OFFICE,15,-88.53,1.31,-89.0,13,0.0
74,18,0a:54:a5:5f:17:37,Galaxy S22C48A,2,-73.0,1.0,-73.0,2,1.0
74,18,96:21:ee:e2:9f:97,Tanvir,1,-80.0,0.0,-80.0,1,0.0
74,18,4e:e8:ef:1a:c1:95,Mahdi,18,-61.78,2.22,-61.78,18,2.22
74,18,60:63:4c:31:37:48,dlink,15,-83.73,1.0,-84.0,11,0.0
74,18,8e:fa:5f:79:06:05,Ei j eta amar wifi,12,-70.42,1.32,-71.0,10,0.0
74,18,34:60:f9:a1:88:56,,1,-76.0,0.0,-76.0,1,0.0
74,18,56:f1:5f:2e:f3:7a,Horion_yj,13,-74.46,1.45,-74.0,10,0.0
74,18,1a:50:a7:f3:20:79,DoYouKnow ,6,-84.33,2.13,-83.4,5,0.49
74,18,1c:61:b4:9c:7a:1a,,11,-85.82,0.57,-86.0,10,0.0
74,18,e2:fd:30:fe:69:73,Anirban,3,-72.67,2.62,-72.67,3,2.62
74,18,8a:c6:f0:bb:61:49,amim,1,-73.0,0.0,-73.0,1,0.0
74,18,36:20:f9:a1:88:62,CSE OFFICE,2,-69.5,1.5,-69.5,2,1.5
74,18,5e:a9:31:22:bb:0a,CSE-LAB,11,-73.0,0.0,-73.0,11,0.0
74,18,18:0f:76:c3:06:8d,CSE-304,3,-70.0,2.16,-70.0,3,2.16
74,18,10:62:eb:77:b7:42,CSE-G04,1,-58.0,0.0,-58.0,1,0.0
74,18,12:38:f1:f0:25:6e,OPPO F21 Pro,3,-65.33,0.94,-65.33,3,0.94
74,18,ee:ec:4e:98:5f:81,,1,-73.0,0.0,-73.0,1,0.0
74,18,76:75:55:f3:a7:bd,Redmi Note 13 Pro,6,-66.67,9.72,-62.4,5,2.06
74,18,34:60:f9:a1:88:63,,14,-87.0,0.93,-87.0,10,0.0
74,18,bc:22:28:21:55:6e,CSE-104,10,-81.0,0.0,-81.0,10,0.0
74,18,c2:3b:04:a2:01:1f,getIP().hackDevice(),12,-67.83,2.23,-67.0,10,0.0
74,18,da:55:41:3a:44:5b,Ara,6,-54.83,3.58,-56.4,5,0.8
74,18,7a:ae:58:61:a1:27,NK,1,-68.0,0.0,-68.0,1,0.0
74,18,3e:92:f7:29:0d:11,Abrar Zahin's Galaxy A33 5G,5,-66.2,0.98,-66.0,3,0.0
74,18,e8:65:d4:52:b3:b0,Room709,1,-91.0,0.0,-91.0,1,0.0
74,18,30:b5:c2:ea:5b:44,DataLab@BUET,5,-65.4,0.8,-65.0,4,0.0
74,18,c6:ef:10:ee:57:ec,pixel,1,-68.0,0.0,-68.0,1,0.0
74,18,1c:61:b4:9c:79:f2,,4,-75.0,1.73,-75.0,4,1.73
74,18,aa:dc:7e:ea:37:18,moto edge 50 neo_3238,4,-66.5,0.87,-66.5,4,0.87
74,18,00:04:56:fe:23:e7,00002DhkSknAp1,4,-87.75,1.3,-87.75,4,1.3
74,18,fa:b5:62:5b:af:73,Redmi Note 10S,3,-78.0,0.0,-78.0,3,0.0
75,18,2c:fe:e2:59:d0:c2,Horion_e9,18,-83.61,4.06,-83.61,18,4.06
75,18,56:f1:5f:2e:f3:7a,Horion_yj,17,-81.71,3.3,-81.0,11,0.0
75,18,4e:1d:99:39:cc:3e,Galaxy A324007,15,-83.07,3.02,-82.92,13,1.69
75,18,e2:fd:30:fe:69:73,Anirban,17,-78.18,2.73,-78.18,17,2.73
75,18,60:63:4c:31:37:40,CSE-303,12,-64.67,1.55,-64.0,10,0.0
75,18,c2:3b:04:a2:01:1f,getIP().hackDevice(),16,-82.94,3.85,-82.94,16,3.85
75,18,34:60:f9:a1:88:57,,2,-92.0,2.0,-92.0,2,2.0
75,18,76:75:55:f3:a7:bd,Redmi Note 13 Pro,2,-65.5,6.5,-65.5,2,6.5
75,18,62:d5:76:41:44:83,Pixel,18,-69.33,5.51,-69.33,18,5.51
75,18,34:60:f9:a1:88:63,,1,-95.0,0.0,-95.0,1,0.0
75,18,bc:22:28:21:09:22,,14,-77.07,6.62,-80.0,11,0.0
75,18,bc:22:28:21:09:21,,16,-77.38,6.79,-79.86,14,1.81
75,18,70:4c:a5:f5:9b:88,BUET-Free-WiFi,1,-87.0,0.0,-87.0,1,0.0
75,18,7a:ec:99:a0:87:01,Abhishek's A55,18,-60.72,4.15,-61.81,16,2.86
75,18,00:22:b0:05:f3:bc,CSE-204,1,-65.0,0.0,-65.0,1,0.0
75,18,c6:10:ef:ee:57:ec,pixel,18,-79.0,4.11,-79.65,17,3.22
75,18,12:38:f1:f0:25:6e,OPPO F21 Pro,4,-65.0,3.67,-65.0,4,3.67
75,18,0a:54:a5:5f:17:37,Galaxy S22C48A,12,-79.42,3.68,-81.0,10,0.0
75,18,96:21:ee:e2:9f:97,Tanvir,14,-68.86,1.46,-68.33,12,0.75
75,18,8e:fa:5f:79:06:05,Ei j eta amar wifi,18,-73.28,3.66,-72.73,15,1.18
75,18,1a:50:a7:f3:20:79,DoYouKnow ,1,-88.0,0.0,-88.0,1,0.0
75,18,36:62:f9:a1:88:63,CSE OFFICE,1,-87.0,0.0,-87.0,1,0.0
75,18,1a:aa:2b:0a:98:c9,Ekta hotspot,5,-71.8,0.4,-72.0,4,0.0
75,18,36:62:f9:a1:88:57,CSE OFFICE,1,-90.0,0.0,-90.0,1,0.0
75,18,46:c4:90:f1:0a:2a,Galaxy S23 Ultra 8407,17,-67.29,2.44,-67.29,17,2.44
75,18,3e:92:f7:29:0d:11,Abrar Zahin's Galaxy A33 5G,14,-52.64,11.69,-52.64,14,11.69
75,18,c2:c4:fb:a2:01:1f,getIP().hackDevice(),11,-67.55,1.72,-67.0,10,0.0
75,18,24:2f:d0:88:39:a2,,10,-88.0,0.0,-88.0,10,0.0
75,18,34:60:f9:a1:88:56,,10,-78.0,0.0,-78.0,10,0.0
75,18,26:2f:d0:88:39:a2,IAC,10,-88.0,0.0,-88.0,10,0.0
75,18,ba:61:33:5d:51:8b,Oggy,2,-72.0,3.0,-72.0,2,3.0
75,18,da:55:41:3a:44:5b,Ara,5,-70.0,2.45,-70.0,5,2.45
75,18,fa:b5:62:5b:af:73,Redmi Note 10S,3,-65.33,6.8,-65.33,3,6.8
75,18,42:91:83:46:e0:61,Churoot,6,-75.33,0.75,-75.0,5,0.0
75,18,bc:22:28:21:55:6e,CSE-104,1,-93.0,0.0,-93.0,1,0.0
75,18,30:b5:c2:ea:5b:44,DataLab@BUET,5,-67.2,2.4,-67.2,5,2.4
75,18,a2:52:b1:d0:08:4c,,1,-86.0,0.0,-86.0,1,0.0
75,18,00:22:b0:05:f3:51,CSE-108,1,-92.0,0.0,-92.0,1,0.0
75,18,34:60:f9:a1:88:62,,1,-75.0,0.0,-75.0,1,0.0
75,18,aa:dc:7e:ea:37:18,moto edge 50 neo_3238,3,-81.0,0.0,-81.0,3,0.0
76,18,62:d5:76:41:44:83,Pixel,12,-84.67,0.85,-85.0,10,0.0
76,18,2c:fe:e2:59:d0:c2,Horion_e9,18,-81.61,4.85,-82.0,10,0.0
76,18,1a:aa:2b:0a:98:c9,Ekta hotspot,13,-76.62,1.27,-76.0,10,0.0
76,18,c2:c4:fb:a2:01:1f,getIP().hackDevice(),18,-58.78,2.76,-58.78,18,2.76
76,18,bc:22:28:21:09:22,,15,-66.53,3.61,-66.53,15,3.61
76,18,ba:61:33:5d:51:8b,Oggy,12,-72.67,3.22,-74.0,10,0.0
76,18,42:91:83:46:e0:61,Churoot,12,-59.08,7.54,-56.0,10,0.0
76,18,7a:ec:99:a0:87:01,Abhishek's A55,16,-63.38,4.5,-60.83,12,0.37
76,18,52:29:6f:70:e8:02,Shakshor,3,-87.67,3.86,-87.67,3,3.86
76,18,00:22:b0:05:f3:bc,CSE-204,17,-70.12,4.92,-70.12,17,4.92
76,18,8a:c6:f0:bb:61:49,amim,12,-71.42,1.71,-71.0,10,0.0
76,18,7a:ae:58:61:a1:27,NK,12,-71.67,2.17,-72.0,10,0.0
76,18,18:0f:76:c3:06:8d,CSE-304,12,-68.58,3.59,-67.0,10,0.0
76,18,c6:10:ef:ee:57:ec,pixel,17,-82.47,8.13,-82.47,17,8.13
76,18,10:62:eb:77:b7:42,CSE-G04,11,-80.36,1.15,-80.0,10,0.0
76,18,c2:3b:04:a2:01:1f,getIP().hackDevice(),18,-61.83,14.52,-61.83,18,14.52
76,18,aa:dc:7e:ea:37:18,moto edge 50 neo_3238,12,-67.17,1.91,-68.0,10,0.0
76,18,fa:b5:62:5b:af:73,Redmi Note 10S,12,-67.67,2.56,-68.0,10,0.0
76,18,1a:50:a7:f3:20:79,DoYouKnow ,7,-89.43,2.26,-89.6,5,0.8
76,18,76:75:55:f3:a7:bd,Redmi Note 13 Pro,2,-66.0,2.0,-66.0,2,2.0
76,18,34:60:f9:a1:88:63,,10,-89.0,0.0,-89.0,10,0.0
76,18,bc:22:28:21:09:21,,10,-64.0,0.0,-64.0,10,0.0
76,18,36:62:f9:a1:88:63,CSE OFFICE,10,-90.0,0.0,-90.0,10,0.0
76,18,98:25:4a:f1:3a:ed,1006 5G,1,-92.0,0.0,-92.0,1,0.0
76,18,36:62:f9:a1:88:57,CSE OFFICE,1,-88.0,0.0,-88.0,1,0.0
76,18,36:20:f9:a1:88:56,CSE OFFICE,5,-61.4,1.74,-61.4,5,1.74
76,18,30:b5:c2:ea:5b:44,DataLab@BUET,1,-71.0,0.0,-71.0,1,0.0
76,18,26:e4:72:86:6b:66,Torr20-tab,6,-82.0,3.79,-82.0,6,3.79
76,18,56:f1:5f:2e:f3:7a,Horion_yj,1,-84.0,0.0,-84.0,1,0.0
76,18,e2:fd:30:fe:69:73,Anirban,1,-74.0,0.0,-74.0,1,0.0
76,18,60:63:4c:31:37:40,CSE-303,5,-73.6,3.88,-75.5,4,0.87
76,18,12:38:f1:f0:25:6e,OPPO F21 Pro,4,-60.0,6.93,-60.0,4,6.93
76,18,8e:fa:5f:79:06:05,Ei j eta amar wifi,3,-74.33,1.25,-74.33,3,1.25
76,18,5e:a9:31:22:bb:0a,CSE-LAB,1,-75.0,0.0,-75.0,1,0.0
76,18,4e:e8:ef:1a:c1:95,Mahdi,1,-75.0,0.0,-75.0,1,0.0
76,18,34:60:f9:a1:88:56,,2,-62.5,0.5,-62.5,2,0.5
77,18,2c:fe:e2:59:d0:c2,Horion_e9,18,-86.89,2.42,-86.89,18,2.42
77,18,c2:c4:fb:a2:01:1f,getIP().hackDevice(),6,-59.0,6.08,-56.4,5,1.96
77,18,36:62:f9:a1:88:57,CSE OFFICE,17,-74.29,2.42,-74.0,10,0.0
77,18,5c:e9:31:22:bb:0b,,12,-95.75,0.6,-96.0,10,0.0
77,18,36:20:f9:a1:88:56,CSE OFFICE,18,-50.33,3.92,-48.29,14,0.8
77,18,5e:ea:31:22:bb:0b,CSE-LAB,12,-95.83,0.55,-96.0,11,0.0
77,18,1a:50:a7:f3:20:79,DoYouKnow ,8,-80.88,7.15,-80.88,8,7.15
77,18,00:22:b0:05:f3:bc,CSE-204,18,-53.94,2.53,-54.53,15,0.81
77,18,56:f1:5f:2e:f3:7a,Horion_yj,18,-62.5,2.77,-61.88,16,2.26
77,18,52:29:6f:70:e8:02,Shakshor,18,-78.89,2.31,-79.0,10,0.0
77,18,5a:e6:b4:de:a1:ae,realme 9,14,-57.07,2.4,-57.0,11,0.0
77,18,46:c4:90:f1:0a:2a,Galaxy S23 Ultra 8407,4,-70.5,0.87,-70.5,4,0.87
77,18,c2:3b:04:a2:01:1f,getIP().hackDevice(),18,-59.94,9.77,-59.94,18,9.77
77,18,4e:e8:ef:1a:c1:95,Mahdi,13,-66.46,1.01,-67.0,10,0.0
77,18,76:75:55:f3:a7:bd,Redmi Note 13 Pro,17,-70.76,3.52,-71.0,11,0.0
77,18,34:60:f9:a1:88:56,,16,-50.25,3.82,-48.08,12,0.28
77,18,3e:92:f7:29:0d:11,Abrar Zahin's Galaxy A33 5G,17,-68.06,2.78,-69.54,13,0.84
77,18,34:60:f9:a1:88:63,,2,-95.0,1.0,-95.0,2,1.0
77,18,bc:22:28:21:09:21,,5,-82.0,3.79,-82.0,5,3.79
77,18,ba:61:33:5d:51:8b,Oggy,16,-55.62,3.2,-55.62,16,3.2
77,18,60:63:4c:31:37:40,CSE-303,16,-70.94,1.68,-71.0,13,0.0
77,18,5e:a9:31:22:bb:0a,CSE-LAB,1,-62.0,0.0,-62.0,1,0.0
77,18,36:62:f9:a1:88:63,CSE OFFICE,2,-95.5,1.5,-95.5,2,1.5
77,18,70:4c:a5:95:b2:d9,eduroam,2,-95.5,1.5,-95.5,2,1.5
77,18,1c:61:b4:9c:79:f2,,4,-73.5,2.6,-73.5,4,2.6
77,18,34:60:f9:a1:88:57,,5,-76.6,4.18,-76.6,5,4.18
77,18,fa:b5:62:5b:af:73,Redmi Note 10S,5,-73.8,6.4,-73.8,5,6.4
77,18,24:2f:d0:88:39:a3,,2,-96.5,0.5,-96.5,2,0.5
77,18,26:2a:d0:88:39:a3,IAC,2,-96.5,0.5,-96.5,2,0.5
77,18,aa:dc:7e:ea:37:18,moto edge 50 neo_3238,1,-82.0,0.0,-82.0,1,0.0
77,18,30:b5:c2:ea:5b:44,DataLab@BUET,2,-74.0,8.0,-74.0,2,8.0
77,18,18:0f:76:c3:06:8d,CSE-304,2,-63.5,2.5,-63.5,2,2.5
77,18,7a:ae:58:61:a1:27,NK,3,-69.67,3.86,-69.67,3,3.86
77,18,34:e8:94:10:7d:fa,Hall of Fame,6,-68.83,4.37,-70.6,5,2.06
77,18,5c:e8:d3:0a:1e:e0,Free,1,-76.0,0.0,-76.0,1,0.0
77,18,bc:22:28:21:09:22,,1,-75.0,0.0,-75.0,1,0.0
77,18,e6:03:58:bb:71:13,Norse Network,1,-78.0,0.0,-78.0,1,0.0
77,18,70:4c:a5:95:b2:d8,BUET-Free-WiFi,2,-96.0,2.0,-96.0,2,2.0
77,18,5c:e9:31:22:bf:97,,1,-97.0,0.0,-97.0,1,0.0
77,18,1e:61:b4:ac:79:f2,CSE-306BL,3,-75.0,0.0,-75.0,3,0.0
77,18,bc:22:28:21:55:6e,CSE-104,3,-70.0,0.0,-70.0,3,0.0
77,18,da:ee:60:35:62:33,🫶,3,-96.0,0.0,-96.0,3,0.0
78,18,34:60:f9:a1:88:62,,1,-73.0,0.0,-73.0,1,0.0
78,18,2c:fe:e2:59:d0:c2,Horion_e9,16,-77.62,3.66,-78.25,12,1.48
78,18,5c:e8:d3:0a:1e:e0,Free,9,-80.0,2.16,-80.75,8,0.43
78,18,e6:03:58:bb:71:13,Norse Network,9,-64.89,3.28,-64.89,9,3.28
78,18,7a:ae:58:61:a1:27,NK,18,-76.22,3.15,-76.22,18,3.15
78,18,7a:5e:48:b5:31:55,Towfique's S23+,4,-87.0,0.0,-87.0,4,0.0
78,18,36:20:f9:a1:88:56,CSE OFFICE,11,-68.55,3.0,-67.9,10,2.3
78,18,12:38:f1:f0:25:6e,OPPO F21 Pro,17,-70.65,5.26,-70.65,17,5.26
78,18,24:2f:d0:88:39:a2,,3,-80.0,1.41,-80.0,3,1.41
78,18,c2:3b:04:a2:01:1f,getIP().hackDevice(),16,-80.94,3.65,-80.27,15,2.64
78,18,30:b5:c2:ea:5b:44,DataLab@BUET,17,-55.59,2.87,-55.59,17,2.87
78,18,cc:2d:21:b0:04:60,Room 206,1,-80.0,0.0,-80.0,1,0.0
78,18,c2:c4:fb:a2:01:1f,getIP().hackDevice(),7,-81.0,0.93,-81.0,7,0.93
78,18,06:f7:98:a7:35:dd,Redmi Note 13 Pro,4,-79.75,0.43,-79.75,4,0.43
78,18,26:e4:72:86:6b:66,Torr20-tab,4,-87.0,0.0,-87.0,4,0.0
78,18,00:22:b0:05:f3:bc,CSE-204,17,-63.88,3.97,-63.8,10,0.98
78,18,18:0f:76:c3:06:8d,CSE-304,5,-73.2,2.71,-74.0,3,0.0
78,18,ea:14:d3:c7:80:b4,Galaxy S22 Ultra 172F,2,-82.0,4.0,-82.0,2,4.0
78,18,0a:54:a5:5f:17:37,Galaxy S22C48A,13,-64.85,1.41,-64.5,12,0.76
78,18,fa:b5:62:5b:af:73,Redmi Note 10S,12,-82.83,2.03,-82.83,12,2.03
78,18,78:98:e8:38:3b:04,Arham 2.5G Network,4,-88.5,0.87,-88.5,4,0.87
78,18,8e:94:a9:8d:65:5b,vivo Y27s,3,-86.0,0.0,-86.0,3,0.0
78,18,56:f1:5f:72:68:1c,Horion_dx,3,-83.0,0.0,-83.0,3,0.0
78,18,bc:62:ce:6a:3a:2a,RBH 204,3,-84.0,0.0,-84.0,3,0.0
78,18,34:e8:94:10:7d:fa,Hall of Fame,10,-71.9,2.77,-72.78,9,0.92
78,18,36:62:f9:a1:88:57,CSE OFFICE,5,-84.0,0.0,-84.0,5,0.0
78,18,6a:66:d2:07:a3:61,Juice Pila do. Mosambi Ka! 🥹,6,-76.83,2.61,-78.0,5,0.0
78,18,60:63:4c:31:37:40,CSE-303,8,-71.5,1.94,-71.5,8,1.94
78,18,26:2f:d0:88:39:a2,IAC,2,-86.0,3.0,-86.0,2,3.0
78,18,bc:22:28:21:09:22,,1,-68.0,0.0,-68.0,1,0.0
78,18,98:25:4a:9a:ef:ee,803,1,-88.0,0.0,-88.0,1,0.0
78,18,f4:8c:eb:c5:c7:aa,EMC-504,1,-92.0,0.0,-92.0,1,0.0
78,18,36:20:f9:a1:88:62,CSE OFFICE,1,-70.0,0.0,-70.0,1,0.0
78,18,8e:f6:fd:8d:6d:a4,POCO X3 Pro,1,-69.0,0.0,-69.0,1,0.0
79,5,5c:e8:d3:0a:1e:e0,Free,3,-75.0,0.0,-75.0,3,0.0
79,5,2c:fe:e2:59:d0:c2,Horion_e9,5,-81.4,3.88,-79.5,4,0.87
79,5,bc:22:28:21:09:24,CSE-205,4,-61.0,1.73,-61.0,4,1.73
79,5,30:b5:c2:ea:5b:44,DataLab@BUET,4,-52.0,0.0,-52.0,4,0.0
79,5,00:22:b0:05:f3:bc,CSE-204,5,-64.4,1.74,-64.4,5,1.74
79,5,7a:ae:58:61:a1:27,NK,4,-66.5,6.06,-66.5,4,6.06
79,5,e6:03:58:bb:71:13,Norse Network,5,-68.8,1.17,-68.25,4,0.43
79,5,ea:14:d3:c7:80:b4,Galaxy S22 Ultra 172F,3,-75.0,0.0,-75.0,3,0.0
79,5,0a:54:a5:5f:17:37,Galaxy S22C48A,3,-70.0,0.0,-70.0,3,0.0
79,5,c2:3b:04:a2:01:1f,getIP().hackDevice(),4,-87.25,1.3,-87.25,4,1.3
79,5,34:e8:94:10:7d:fa,Hall of Fame,3,-70.0,0.0,-70.0,3,0.0
79,5,fa:b5:62:5b:af:73,Redmi Note 10S,3,-83.0,0.0,-83.0,3,0.0
79,5,8e:f6:fd:8d:6d:a4,POCO X3 Pro,4,-80.75,2.17,-80.75,4,2.17
79,5,c2:c4:fb:a2:01:1f,getIP().hackDevice(),2,-76.5,0.5,-76.5,2,0.5
79,5,60:63:4c:31:37:40,CSE-303,2,-66.5,5.5,-66.5,2,5.5
79,5,18:0f:76:c3:06:8d,CSE-304,1,-74.0,0.0,-74.0,1,0.0
79,5,12:38:f1:f0:25:6e,OPPO F21 Pro,1,-70.0,0.0,-70.0,1,0.0
80,20,36:20:f9:a1:88:62,CSE OFFICE,17,-60.29,3.27,-60.29,17,3.27
80,20,82:c7:12:7a:78:44,Say my Name,9,-68.67,3.97,-68.67,9,3.97
80,20,30:b5:c2:ea:5b:44,DataLab@BUET,15,-79.4,4.13,-79.85,13,2.07
80,20,5e:a9:31:22:be:d6,CSE-LAB,11,-66.73,1.05,-66.5,10,0.81
80,20,bc:22:28:21:09:ba,CSE-206,15,-77.27,2.08,-77.46,13,0.93
80,20,1e:61:b4:ac:79:f2,CSE-306BL,12,-80.17,3.89,-81.0,11,2.86
80,20,18:0f:76:c3:06:8d,CSE-304,11,-73.27,2.18,-73.27,11,2.18
80,20,1c:61:b4:9c:79:f2,,12,-81.25,4.09,-82.09,11,3.12
80,20,bc:22:28:21:55:6e,CSE-104,12,-81.0,2.71,-82.0,10,1.0
80,20,00:22:b0:05:f3:bc,CSE-204,20,-79.55,4.81,-79.55,20,4.81
80,20,60:63:4c:31:37:60,CSE-306,10,-82.2,3.43,-82.2,10,3.43
80,20,60:63:4c:31:37:40,CSE-303,12,-77.17,2.64,-77.17,12,2.64
80,20,00:22:b0:05:f3:51,CSE-108,20,-78.0,3.03,-78.0,18,2.49
80,20,b6:65:08:c5:cb:9e,MohidN20U,19,-79.79,3.02,-79.82,17,1.89
80,20,bc:62:ce:6a:3a:2a,RBH 204,3,-85.33,2.49,-85.33,3,2.49
80,20,9c:c9:eb:50:1a:04,CSE-405,1,-85.0,0.0,-85.0,1,0.0
80,20,24:2f:d0:88:4c:62,,5,-87.2,1.17,-87.75,4,0.43
80,20,5c:e9:31:22:bb:0a,,7,-83.0,1.6,-83.0,7,1.6
80,20,4c:ed:fb:d1:5a:d8,Room no.912,2,-84.5,0.5,-84.5,2,0.5
80,20,5e:a9:31:22:bb:0a,CSE-LAB,11,-84.27,1.81,-85.0,9,1.05
80,20,5e:a9:31:22:bf:96,CSE-LAB,2,-86.5,2.5,-86.5,2,2.5
80,20,5c:e9:31:22:bf:96,,1,-88.0,0.0,-88.0,1,0.0
80,20,34:60:f9:a1:88:62,,3,-60.0,2.45,-60.0,3,2.45
80,20,5e:a9:31:22:c8:de,CSE-LAB,1,-78.0,0.0,-78.0,1,0.0
80,20,98:25:4a:0e:36:5e,,1,-87.0,0.0,-87.0,1,0.0
80,20,1e:61:b4:ac:7a:1a,CSE-306BL,2,-85.0,3.0,-85.0,2,3.0
80,20,9a:25:4a:0e:36:5e,CSE- G11&G12,1,-86.0,0.0,-86.0,1,0.0
80,20,36:20:f9:a1:8b:8e,CSE OFFICE,9,-73.33,2.54,-73.33,9,2.54
80,20,26:2f:d0:88:39:a2,IAC,3,-86.33,0.47,-86.33,3,0.47
80,20,5c:e9:31:22:be:d6,,2,-66.0,1.0,-66.0,2,1.0
80,20,5c:e9:31:22:c8:de,,2,-83.5,0.5,-83.5,2,0.5
80,20,1c:61:b4:9c:7a:1a,,2,-82.0,2.0,-82.0,2,2.0
80,20,26:2f:d0:88:4c:62,IAC,1,-85.0,0.0,-85.0,1,0.0
80,20,f2:1f:ea:6b:fb:06,hawk,14,-54.36,13.1,-51.85,13,9.83
80,20,34:e8:94:10:7d:fa,Hall of Fame,1,-87.0,0.0,-87.0,1,0.0
80,20,40:ae:30:2b:87:ea,Room 813,2,-85.5,0.5,-85.5,2,0.5
80,20,d4:5d:64:1b:40:e4,Asma Sultana,1,-88.0,0.0,-88.0,1,0.0
80,20,24:2f:d0:88:39:a2,,1,-81.0,0.0,-81.0,1,0.0
80,20,cc:2d:21:01:cb:38,ROOM-812,1,-89.0,0.0,-89.0,1,0.0
80,20,36:20:f9:a1:88:56,CSE OFFICE,1,-83.0,0.0,-83.0,1,0.0
81,20,36:20:f9:a1:88:62,CSE OFFICE,17,-55.53,7.68,-53.31,13,0.61
81,20,f2:1f:ea:6b:fb:06,hawk,15,-59.6,3.61,-60.29,14,2.63
81,20,bc:22:28:21:09:ba,CSE-206,14,-72.57,2.23,-72.57,14,2.23
81,20,b6:65:08:c5:cb:9e,MohidN20U,19,-80.68,3.55,-80.68,19,3.55
81,20,18:0f:76:c3:06:8d,CSE-304,9,-69.89,2.23,-69.89,9,2.23
81,20,00:22:b0:05:f3:bc,CSE-204,20,-73.5,3.51,-73.5,20,3.51
81,20,bc:62:ce:6a:3a:2a,RBH 204,13,-79.54,1.6,-79.54,13,1.6
81,20,1c:61:b4:9c:79:f2,,10,-76.5,2.69,-76.5,10,2.69
81,20,00:22:b0:05:f3:51,CSE-108,9,-81.0,2.31,-81.0,9,2.31
81,20,60:63:4c:31:37:60,CSE-306,7,-81.43,1.5,-81.8,5,0.4
81,20,26:2f:d0:88:39:a2,IAC,3,-86.33,0.47,-86.33,3,0.47
81,20,24:2f:d0:88:39:a2,,2,-87.5,1.5,-87.5,2,1.5
81,20,34:60:f9:a1:88:62,,4,-53.5,0.87,-53.5,4,0.87
81,20,5c:e9:31:22:be:d6,,4,-59.0,1.22,-59.0,4,1.22
81,20,5e:a9:31:22:be:d6,CSE-LAB,10,-60.5,6.93,-58.22,9,1.23
81,20,36:20:f9:a1:8b:8e,CSE OFFICE,10,-72.1,1.14,-72.44,9,0.5
81,20,30:b5:c2:ea:5b:44,DataLab@BUET,9,-73.22,2.94,-72.38,8,1.8
81,20,5c:e9:31:22:c8:de,,1,-79.0,0.0,-79.0,1,0.0
81,20,5e:a9:31:22:c8:de,CSE-LAB,3,-78.67,0.47,-78.67,3,0.47
81,20,bc:22:28:21:55:6e,CSE-104,14,-78.79,1.42,-78.79,14,1.42
81,20,98:25:4a:0e:36:5e,,5,-83.8,0.75,-83.8,5,0.75
81,20,9a:25:4a:0e:36:5e,CSE- G11&G12,4,-83.5,0.5,-83.5,4,0.5
81,20,5e:a9:31:22:bf:96,CSE-LAB,1,-86.0,0.0,-86.0,1,0.0
81,20,1e:61:b4:ac:79:f2,CSE-306BL,8,-79.38,1.93,-80.0,7,1.07
81,20,5e:a9:31:22:bb:0a,CSE-LAB,6,-82.5,2.06,-82.5,6,2.06
81,20,9c:c9:eb:50:1a:04,CSE-405,4,-88.5,2.06,-88.5,4,2.06
81,20,34:e8:94:10:7d:fa,Hall of Fame,2,-88.5,0.5,-88.5,2,0.5
81,20,1c:61:b4:9c:7a:1a,,7,-76.71,0.88,-76.8,5,0.4
81,20,4c:ed:fb:d1:5a:d8,Room no.912,8,-82.12,0.78,-82.12,8,0.78
81,20,60:63:4c:31:37:40,CSE-303,9,-69.89,0.99,-69.89,9,0.99
81,20,36:20:f9:a1:88:56,CSE OFFICE,3,-82.0,0.82,-82.0,3,0.82
81,20,cc:2d:21:4e:ae:60,Sidolli 708,4,-83.0,1.0,-83.0,4,1.0
81,20,70:4c:a5:f5:9b:88,BUET-Free-WiFi,1,-87.0,0.0,-87.0,1,0.0
81,20,1e:61:b4:ac:7a:1a,CSE-306BL,9,-77.44,2.01,-77.29,7,0.7
81,20,5c:e9:31:22:bb:0a,,1,-78.0,0.0,-78.0,1,0.0
81,20,70:4c:a5:f5:9b:89,eduroam,1,-90.0,0.0,-90.0,1,0.0
81,20,c8:e7:d8:86:0c:9e,Room- 808,2,-75.0,0.0,-75.0,2,0.0
81,20,28:3b:82:4d:e6:de,Emc(203),1,-89.0,0.0,-89.0,1,0.0
81,20,34:60:f9:a1:88:56,,2,-82.0,2.0,-82.0,2,2.0
81,20,10:62:eb:77:b7:42,CSE-G04,1,-79.0,0.0,-79.0,1,0.0
81,20,82:af:ca:21:95:ea,,1,-88.0,0.0,-88.0,1,0.0
81,20,12:99:b1:da:35:37,Galaxy M12 834E,1,-89.0,0.0,-89.0,1,0.0
81,20,24:2f:d0:88:4c:62,,2,-89.5,0.5,-89.5,2,0.5
81,20,12:00:4d:03:42:79,Tatakae🥷,1,-81.0,0.0,-81.0,1,0.0
81,20,bc:22:28:20:b9:f6,CSE-503,1,-86.0,0.0,-86.0,1,0.0
82,20,f2:1f:ea:6b:fb:06,hawk,20,-53.85,6.17,-53.85,20,6.17
82,20,36:20:f9:a1:88:62,CSE OFFICE,18,-59.56,2.5,-59.56,18,2.5
82,20,36:20:f9:a1:8b:8e,CSE OFFICE,16,-69.25,2.56,-69.92,12,1.19
82,20,00:22:b0:05:f3:bc,CSE-204,20,-69.4,4.82,-68.17,18,3.15
82,20,1e:61:b4:ac:79:f2,CSE-306BL,9,-77.44,2.22,-78.12,8,1.17
82,20,1c:61:b4:9c:79:f2,,13,-78.31,2.23,-77.92,12,1.85
82,20,60:63:4c:31:37:60,CSE-306,16,-80.88,2.12,-80.88,16,2.12
82,20,b6:65:08:c5:cb:9e,MohidN20U,17,-84.06,2.41,-84.06,17,2.41
82,20,1e:61:b4:ac:7a:1a,CSE-306BL,12,-76.92,1.93,-76.92,12,1.93
82,20,00:22:b0:05:f3:51,CSE-108,19,-79.11,2.75,-79.11,19,2.75
82,20,bc:22:28:21:55:6e,CSE-104,6,-81.67,1.89,-82.4,5,1.02
82,20,9c:c9:eb:50:1a:04,CSE-405,14,-87.5,1.99,-87.92,13,1.33
82,20,60:63:4c:31:37:40,CSE-303,11,-65.36,2.31,-65.36,11,2.31
82,20,18:0f:76:c3:06:8d,CSE-304,15,-68.4,2.06,-68.4,15,2.06
82,20,bc:22:28:21:09:ba,CSE-206,16,-70.75,2.8,-70.27,15,2.14
82,20,5c:e9:31:22:be:d6,,2,-66.0,2.0,-66.0,2,2.0
82,20,30:b5:c2:ea:5b:44,DataLab@BUET,8,-77.75,4.24,-77.75,8,4.24
82,20,5c:e9:31:22:bb:0a,,8,-79.88,2.26,-79.88,8,2.26
82,20,1c:61:b4:9c:7a:1a,,6,-77.0,1.0,-77.4,5,0.49
82,20,36:20:f9:a1:88:56,CSE OFFICE,3,-82.67,0.94,-82.67,3,0.94
82,20,70:4c:a5:64:bf:19,eduroam,3,-87.0,1.63,-87.0,3,1.63
82,20,5e:a9:31:22:be:d6,CSE-LAB,9,-67.33,3.09,-68.71,7,1.91
82,20,bc:62:ce:6a:3a:2a,RBH 204,11,-79.55,3.8,-79.55,11,3.8
82,20,5e:a9:31:22:bb:0a,CSE-LAB,5,-76.4,2.58,-76.4,5,2.58
82,20,26:2f:d0:88:39:a2,IAC,2,-85.0,0.0,-85.0,2,0.0
82,20,70:4c:a5:95:b2:d0,BUET-Free-WiFi,3,-88.33,0.47,-88.33,3,0.47
82,20,24:2f:d0:88:4c:62,,4,-84.0,2.12,-84.0,4,2.12
82,20,12:99:b1:da:35:37,Galaxy M12 834E,4,-88.0,0.71,-88.0,4,0.71
82,20,34:60:f9:a1:88:62,,5,-57.8,1.33,-57.25,4,0.83
82,20,26:2f:d0:88:4c:62,IAC,1,-87.0,0.0,-87.0,1,0.0
82,20,e8:65:d4:52:c8:08,Jannat 409,1,-89.0,0.0,-89.0,1,0.0
82,20,98:25:4a:0e:36:5e,,1,-83.0,0.0,-83.0,1,0.0
82,20,b4:0f:3b:60:a1:f0,Butterfly _414,1,-90.0,0.0,-90.0,1,0.0
82,20,ac:15:a2:4c:49:9a,Paradise ,1,-74.0,0.0,-74.0,1,0.0
82,20,0c:80:63:b5:d6:d2,"ROOM""513",2,-84.5,0.5,-84.5,2,0.5
82,20,5c:e9:31:22:bf:96,,1,-86.0,0.0,-86.0,1,0.0
82,20,70:4c:a5:95:b2:d1,eduroam,4,-87.5,1.12,-87.5,4,1.12
82,20,34:60:f9:a1:8b:8e,,1,-68.0,0.0,-68.0,1,0.0
82,20,4c:ed:fb:d1:5a:d8,Room no.912,1,-77.0,0.0,-77.0,1,0.0
82,20,70:4c:a5:64:bf:18,BUET-Free-WiFi,1,-85.0,0.0,-85.0,1,0.0
83,13,5c:e9:31:22:bb:0a,,1,-67.0,0.0,-67.0,1,0.0
83,13,5c:e8:d3:0a:1e:e0,Free,7,-75.29,1.98,-75.29,7,1.98
83,13,2c:fe:e2:59:d0:c2,Horion_e9,1,-82.0,0.0,-82.0,1,0.0
83,13,34:60:f9:a1:88:63,,6,-74.83,1.34,-75.4,5,0.49
83,13,5e:a9:31:22:bb:0a,CSE-LAB,1,-64.0,0.0,-64.0,1,0.0
83,13,bc:22:28:21:09:22,,1,-72.0,0.0,-72.0,1,0.0
83,13,56:f1:5f:72:68:1c,Horion_dx,8,-66.62,5.94,-66.62,8,5.94
83,13,bc:22:28:21:09:21,,6,-78.0,2.24,-78.0,6,2.24
83,13,1c:61:b4:9c:79:f3,,1,-86.0,0.0,-86.0,1,0.0
83,13,36:eb:28:75:d2:44,Tanveer Hossain's S23 Ultra,5,-79.2,5.88,-79.2,5,5.88
83,13,36:62:f9:a1:88:63,CSE OFFICE,9,-75.44,1.83,-75.44,9,1.83
83,13,1e:61:b4:ac:79:f3,CSE-306BL,3,-91.33,0.94,-91.33,3,0.94
83,13,00:22:b0:05:f3:bc,CSE-204,5,-65.6,7.61,-66.0,3,0.0
83,13,1c:61:b4:9c:7a:1a,,1,-65.0,0.0,-65.0,1,0.0
83,13,60:63:4c:31:37:40,CSE-303,2,-68.5,0.5,-68.5,2,0.5
83,13,7a:ae:58:61:a1:27,NK,9,-71.44,5.66,-71.44,9,5.66
83,13,56:b0:f4:42:18:c1,narzo 50 Pro 5G,4,-69.0,3.46,-69.0,4,3.46
83,13,34:60:f9:a1:88:62,,5,-56.0,0.0,-56.0,5,0.0
83,13,bc:22:28:21:55:6e,CSE-104,4,-75.25,1.3,-75.25,4,1.3
83,13,36:20:f9:a1:88:62,CSE OFFICE,7,-55.14,2.29,-56.0,6,1.0
83,13,1e:61:b4:ac:7a:1a,CSE-306BL,3,-69.0,0.0,-69.0,3,0.0
83,13,18:0f:76:c3:06:8d,CSE-304,6,-61.0,1.0,-61.0,6,1.0
83,13,36:20:f9:a1:88:56,CSE OFFICE,3,-68.0,0.0,-68.0,3,0.0
83,13,1e:61:b4:ac:79:f2,CSE-306BL,3,-63.0,0.0,-63.0,3,0.0
83,13,24:2f:d0:88:39:a2,,6,-76.5,2.5,-76.5,6,2.5
83,13,36:62:f9:a1:8b:8f,CSE OFFICE,3,-91.0,0.0,-91.0,3,0.0
83,13,34:60:f9:a1:8b:8e,,2,-74.0,0.0,-74.0,2,0.0
83,13,1c:61:b4:9c:7a:1b,,2,-92.0,0.0,-92.0,2,0.0
83,13,46:c4:90:f1:0a:2a,Galaxy S23 Ultra 8407,5,-71.0,0.0,-71.0,5,0.0
83,13,36:20:f9:a1:8b:8e,CSE OFFICE,2,-76.0,0.0,-76.0,2,0.0
83,13,26:2f:d0:88:39:a2,IAC,1,-74.0,0.0,-74.0,1,0.0
83,13,60:63:4c:31:37:60,CSE-306,1,-78.0,0.0,-78.0,1,0.0
83,13,30:b5:c2:ea:5b:44,DataLab@BUET,4,-81.5,0.87,-81.5,4,0.87
84,20,36:20:f9:a1:88:62,CSE OFFICE,14,-67.64,6.33,-65.45,11,0.99
84,20,18:0f:76:c3:06:8d,CSE-304,19,-58.16,1.39,-58.16,19,1.39
84,20,1c:61:b4:9c:79:f2,,18,-67.0,1.29,-67.47,15,0.81
84,20,1e:61:b4:ac:79:f2,CSE-306BL,17,-67.35,1.13,-67.5,16,1.0
84,20,36:20:f9:a1:88:56,CSE OFFICE,20,-65.8,1.5,-66.17,18,1.07
84,20,bc:22:28:21:55:6e,CSE-104,15,-69.8,1.17,-69.8,10,0.4
84,20,00:22:b0:05:f3:51,CSE-108,20,-70.35,5.22,-69.47,19,3.65
84,20,00:22:b0:05:f3:bc,CSE-204,20,-73.75,3.28,-73.75,20,3.28
84,20,1c:61:b4:9c:7a:1a,,11,-70.91,0.67,-70.67,9,0.47
84,20,60:63:4c:31:37:40,CSE-303,14,-69.07,1.22,-69.07,14,1.22
84,20,12:00:4d:03:42:79,Tatakae🥷,19,-79.16,5.24,-79.89,18,4.34
84,20,34:e8:94:10:7d:fa,Hall of Fame,14,-84.93,2.15,-85.75,12,0.72
84,20,5e:a9:31:22:bb:0a,CSE-LAB,11,-82.82,1.7,-82.4,10,1.11
84,20,d6:1a:91:9d:30:dc,Sourov_ Alam,6,-86.67,1.25,-86.67,6,1.25
84,20,36:20:f9:a1:8b:8e,CSE OFFICE,7,-69.0,2.2,-69.83,6,0.9
84,20,34:60:f9:a1:8b:8e,,3,-73.33,5.44,-73.33,3,5.44
84,20,1e:61:b4:ac:7a:1a,CSE-306BL,16,-71.31,0.92,-71.47,15,0.72
84,20,c8:e7:d8:89:f1:a6,Imran_Fast Network_01708529844,8,-81.5,1.5,-81.0,7,0.76
84,20,bc:22:28:21:09:ba,CSE-206,12,-72.92,2.56,-73.55,11,1.56
84,20,24:2f:d0:88:4c:62,,4,-76.25,0.43,-76.25,4,0.43
84,20,30:b5:c2:ea:5b:44,DataLab@BUET,8,-80.12,1.54,-80.12,8,1.54
84,20,5e:a9:31:22:bf:96,CSE-LAB,3,-81.33,2.49,-81.33,3,2.49
84,20,26:2f:d0:88:4c:62,IAC,8,-76.5,1.41,-76.5,8,1.41
84,20,5c:e9:31:22:c8:de,,2,-79.0,0.0,-79.0,2,0.0
84,20,5e:a9:31:22:c8:de,CSE-LAB,2,-79.5,0.5,-79.5,2,0.5
84,20,26:2f:d0:88:39:a2,IAC,6,-81.17,0.9,-81.17,6,0.9
84,20,60:63:4c:31:37:60,CSE-306,6,-84.0,1.53,-84.0,6,1.53
84,20,34:60:f9:a1:88:62,,4,-63.75,0.83,-63.75,4,0.83
84,20,5e:a9:31:22:be:d6,CSE-LAB,1,-79.0,0.0,-79.0,1,0.0
84,20,5c:e9:31:22:bb:0a,,4,-79.5,2.06,-79.5,4,2.06
84,20,2e:87:ba:35:8b:ea,,1,-81.0,0.0,-81.0,1,0.0
84,20,c0:25:2f:b1:a3:7a,Md. Himel Hasan,5,-88.4,0.49,-88.4,5,0.49
84,20,80:af:ca:11:95:ea,Graduate Lobby,1,-89.0,0.0,-89.0,1,0.0
84,20,5c:e9:31:22:bf:96,,1,-83.0,0.0,-83.0,1,0.0
84,20,be:ed:be:10:4e:dc,Shabab's Galaxy A52,1,-89.0,0.0,-89.0,1,0.0
84,20,10:62:eb:77:b7:42,CSE-G04,1,-80.0,0.0,-80.0,1,0.0
84,20,ca:ba:80:ff:83:1d,Ashis Birai’s iPhone,1,-90.0,0.0,-90.0,1,0.0
85,20,36:20:f9:a1:88:62,CSE OFFICE,17,-49.35,1.19,-49.27,15,0.57
85,20,18:0f:76:c3:06:8d,CSE-304,20,-59.4,1.91,-59.16,19,1.63
85,20,60:63:4c:31:37:40,CSE-303,18,-63.11,1.85,-63.11,18,1.85
85,20,00:22:b0:05:f3:bc,CSE-204,20,-69.05,5.88,-69.05,20,5.88
85,20,36:20:f9:a1:88:56,CSE OFFICE,14,-71.21,4.68,-69.5,12,1.26
85,20,bc:22:28:21:09:ba,CSE-206,13,-66.85,5.22,-65.9,10,1.45
85,20,1e:61:b4:ac:7a:1a,CSE-306BL,15,-76.6,1.93,-76.6,15,1.93
85,20,5e:a9:31:22:bb:0a,CSE-LAB,10,-83.2,4.42,-84.44,9,2.5
85,20,60:63:4c:31:37:60,CSE-306,18,-79.39,2.67,-78.94,17,1.98
85,20,12:00:4d:03:42:79,Tatakae🥷,19,-80.0,3.09,-79.24,17,2.26
85,20,d6:1a:91:9d:30:dc,Sourov_ Alam,2,-84.0,0.0,-84.0,2,0.0
85,20,12:99:b1:da:35:37,Galaxy M12 834E,1,-85.0,0.0,-85.0,1,0.0
85,20,00:22:b0:05:f3:51,CSE-108,17,-78.94,3.99,-78.38,16,3.39
85,20,be:ed:be:10:4e:dc,Shabab's Galaxy A52,2,-88.5,0.5,-88.5,2,0.5
85,20,1c:61:b4:9c:79:f2,,16,-70.81,1.98,-70.47,15,1.5
85,20,1e:61:b4:ac:79:f2,CSE-306BL,17,-70.76,2.04,-70.44,16,1.62
85,20,36:20:f9:a1:8b:8e,CSE OFFICE,13,-70.85,2.63,-70.33,12,2.01
85,20,5e:a9:31:22:be:d6,CSE-LAB,5,-73.2,1.6,-73.2,5,1.6
85,20,5c:e9:31:22:bf:96,,4,-86.25,1.92,-86.25,4,1.92
85,20,5e:a9:31:22:bf:96,CSE-LAB,3,-87.0,0.82,-87.0,3,0.82
85,20,98:25:4a:0e:32:36,,1,-90.0,0.0,-90.0,1,0.0
85,20,34:60:f9:a1:88:62,,4,-48.5,1.12,-48.5,4,1.12
85,20,34:60:f9:a1:8b:8e,,1,-70.0,0.0,-70.0,1,0.0
85,20,5c:e9:31:22:be:d6,,2,-73.5,0.5,-73.5,2,0.5
85,20,26:2f:d0:88:4c:62,IAC,3,-74.0,2.16,-74.0,3,2.16
85,20,bc:22:28:21:55:6e,CSE-104,14,-79.93,1.49,-79.93,14,1.49
85,20,1c:61:b4:9c:7a:1a,,10,-77.3,2.37,-77.3,10,2.37
85,20,2e:87:ba:35:8b:ea,,4,-87.25,1.64,-87.25,4,1.64
85,20,34:e8:94:10:7d:fa,Hall of Fame,4,-86.25,2.49,-86.25,4,2.49
85,20,24:2f:d0:88:4c:62,,1,-76.0,0.0,-76.0,1,0.0
85,20,80:af:ca:11:95:ea,Graduate Lobby,2,-86.0,1.0,-86.0,2,1.0
85,20,24:2f:d0:88:39:a2,,2,-86.0,2.0,-86.0,2,2.0
85,20,26:2f:d0:88:39:a2,IAC,1,-84.0,0.0,-84.0,1,0.0
85,20,5c:e9:31:22:bb:0a,,5,-84.6,2.24,-84.67,3,0.47
85,20,c8:e7:d8:89:f1:a6,Imran_Fast Network_01708529844,1,-86.0,0.0,-86.0,1,0.0
85,20,30:b5:c2:ea:5b:44,DataLab@BUET,1,-88.0,0.0,-88.0,1,0.0
85,20,5c:e9:31:22:c8:de,,3,-84.0,3.74,-84.0,3,3.74
85,20,50:eb:f6:17:73:b8,SHAN,2,-87.0,0.0,-87.0,2,0.0
85,20,9a:25:4a:0e:32:36,CSE- G11&G12,1,-89.0,0.0,-89.0,1,0.0
85,20,34:60:f9:a1:88:56,,1,-70.0,0.0,-70.0,1,0.0
85,20,5e:a9:31:22:c8:de,CSE-LAB,2,-84.0,0.0,-84.0,2,0.0
86,20,bc:22:28:21:09:ba,CSE-206,19,-68.95,2.74,-68.95,19,2.74
86,20,00:22:b0:05:f3:bc,CSE-204,20,-70.8,5.78,-69.71,17,2.42
86,20,1e:61:b4:ac:79:f2,CSE-306BL,10,-71.1,2.07,-71.1,10,2.07
86,20,1c:61:b4:9c:79:f2,,10,-72.5,2.06,-72.5,10,2.06
86,20,5e:a9:31:22:bb:0a,CSE-LAB,8,-79.38,3.97,-80.71,7,1.91
86,20,24:2f:d0:88:39:a2,,5,-76.2,3.54,-76.2,5,3.54
86,20,26:2f:d0:88:39:a2,IAC,9,-75.56,3.4,-75.56,9,3.4
86,20,12:99:b1:da:35:37,Galaxy M12 834E,9,-81.78,2.62,-81.78,9,2.62
86,20,1e:61:b4:ac:7a:1a,CSE-306BL,17,-74.18,3.63,-73.13,15,2.28
86,20,5e:a9:31:22:bf:96,CSE-LAB,5,-79.8,3.31,-79.8,5,3.31
86,20,1c:61:b4:9c:7a:1a,,10,-74.1,4.99,-74.1,10,4.99
86,20,30:b5:c2:ea:5b:44,DataLab@BUET,6,-82.0,2.31,-81.0,5,0.63
86,20,60:63:4c:31:37:60,CSE-306,7,-82.0,1.6,-82.5,6,1.12
86,20,24:2f:d0:88:4c:62,,3,-81.0,2.83,-81.0,3,2.83
86,20,bc:22:28:21:55:6e,CSE-104,9,-78.33,4.67,-78.33,9,4.67
86,20,36:20:f9:a1:88:62,CSE OFFICE,17,-67.0,3.88,-67.0,17,3.88
86,20,36:20:f9:a1:88:56,CSE OFFICE,15,-73.4,3.03,-73.4,15,3.03
86,20,60:63:4c:31:37:40,CSE-303,8,-72.5,3.87,-72.67,6,1.89
86,20,5c:e9:31:22:bb:0a,,2,-75.0,1.0,-75.0,2,1.0
86,20,26:2f:d0:88:4c:62,IAC,4,-76.75,1.92,-76.75,4,1.92
86,20,34:e8:94:10:7d:fa,Hall of Fame,15,-80.27,3.4,-80.86,14,2.67
86,20,c8:e7:d8:89:f1:a6,Imran_Fast Network_01708529844,5,-79.2,1.47,-79.2,5,1.47
86,20,bc:62:ce:6a:3a:2a,RBH 204,10,-82.5,1.96,-82.5,10,1.96
86,20,5c:e9:31:22:bf:96,,4,-82.25,3.56,-82.25,4,3.56
86,20,50:eb:f6:17:73:b8,SHAN,4,-81.25,3.96,-81.25,4,3.96
86,20,12:00:4d:03:42:79,Tatakae🥷,14,-80.29,4.01,-81.7,10,1.19
86,20,dc:62:79:93:9e:2a,Wisdom,1,-90.0,0.0,-90.0,1,0.0
86,20,18:0f:76:c3:06:8d,CSE-304,12,-64.5,3.25,-64.5,12,3.25
86,20,36:20:f9:a1:8b:8e,CSE OFFICE,10,-75.2,2.48,-75.2,10,2.48
86,20,00:22:b0:05:f3:51,CSE-108,18,-72.5,5.95,-72.5,18,5.95
86,20,2e:87:ba:35:8b:ea,,2,-86.5,3.5,-86.5,2,3.5
86,20,9c:53:22:81:ff:f2,CSE -4thT,1,-90.0,0.0,-90.0,1,0.0
86,20,34:60:f9:a1:88:56,,5,-73.8,5.15,-73.8,5,5.15
86,20,34:60:f9:a1:88:62,,9,-68.56,4.97,-67.0,8,2.45
86,20,34:60:f9:a1:8b:8e,,1,-76.0,0.0,-76.0,1,0.0
86,20,5e:a9:31:22:be:d6,CSE-LAB,6,-78.5,2.87,-78.5,6,2.87
86,20,5c:e9:31:22:c8:de,,3,-77.0,1.63,-77.0,3,1.63
86,20,5c:e9:31:22:be:d6,,5,-76.8,2.32,-76.33,3,0.47
86,20,ca:ba:80:ff:83:1d,Ashis Birai’s iPhone,1,-88.0,0.0,-88.0,1,0.0
86,20,5e:a9:31:22:c8:de,CSE-LAB,2,-76.5,1.5,-76.5,2,1.5
86,20,cc:2d:21:3e:5b:b0,Room 202,1,-88.0,0.0,-88.0,1,0.0
86,20,10:62:eb:77:b7:42,CSE-G04,2,-87.5,1.5,-87.5,2,1.5
86,20,70:4c:a5:95:b2:d0,BUET-Free-WiFi,2,-89.0,1.0,-89.0,2,1.0
86,20,28:87:ba:35:8b:ea,4s,1,-86.0,0.0,-86.0,1,0.0
86,20,a2:53:22:81:ff:f2,,1,-88.0,0.0,-88.0,1,0.0
87,2,00:22:b0:05:f3:bc,CSE-204,2,-62.0,0.0,-62.0,2,0.0
87,2,bc:22:28:21:55:6e,CSE-104,2,-62.0,0.0,-62.0,2,0.0
87,2,5c:e8:d3:0a:1e:e0,Free,1,-72.0,0.0,-72.0,1,0.0
87,2,34:60:f9:a1:88:63,,1,-88.0,0.0,-88.0,1,0.0
87,2,60:63:4c:31:37:40,CSE-303,1,-50.0,0.0,-50.0,1,0.0
87,2,bc:22:28:21:09:21,,1,-62.0,0.0,-62.0,1,0.0
87,2,0e:d7:e8:9f:43:24,,1,-92.0,0.0,-92.0,1,0.0
87,2,70:4c:a5:64:bf:18,BUET-Free-WiFi,1,-67.0,0.0,-67.0,1,0.0
87,2,36:20:f9:a1:88:56,CSE OFFICE,1,-69.0,0.0,-69.0,1,0.0
87,2,36:62:f9:a1:88:63,CSE OFFICE,1,-86.0,0.0,-86.0,1,0.0
87,2,8e:fa:5f:79:06:05,Ei j eta amar wifi,1,-74.0,0.0,-74.0,1,0.0
87,2,,Free,1,-72.0,0.0,-72.0,1,0.0
88,17,8e:94:a9:8d:65:5b,vivo Y27s,8,-81.25,2.38,-81.25,8,2.38
88,17,2c:fe:e2:59:d0:c2,Horion_e9,17,-71.18,5.26,-71.18,17,5.26
88,17,60:63:4c:31:37:40,CSE-303,7,-49.57,3.16,-50.67,6,1.8
88,17,60:63:4c:31:37:48,dlink,17,-73.06,3.64,-71.58,12,1.11
88,17,6a:66:d2:07:a3:61,Juice Pila do. Mosambi Ka! 🥹,13,-72.77,4.96,-72.77,13,4.96
88,17,46:c4:90:f1:0a:2a,Galaxy S23 Ultra 8407,1,-69.0,0.0,-69.0,1,0.0
88,17,36:20:f9:a1:8b:8e,CSE OFFICE,1,-73.0,0.0,-73.0,1,0.0
88,17,34:e8:94:10:7d:fa,Hall of Fame,8,-65.5,4.64,-66.71,7,3.57
88,17,56:b0:f4:42:18:c1,narzo 50 Pro 5G,9,-75.89,4.31,-75.89,9,4.31
88,17,8e:fa:5f:79:06:05,Ei j eta amar wifi,2,-65.0,0.0,-65.0,2,0.0
88,17,8e:f6:fd:8d:6d:a4,POCO X3 Pro,17,-71.35,3.31,-71.35,17,3.31
88,17,02:df:3b:f6:97:11,CSE 9,3,-85.33,1.7,-85.33,3,1.7
88,17,0a:a4:66:4c:0e:b0,Redmi Note 10S,9,-80.78,1.93,-80.78,9,1.93
88,17,26:e4:72:86:6b:66,Torr20-tab,14,-78.64,3.22,-78.64,14,3.22
88,17,c2:3b:04:a2:01:1f,getIP().hackDevice(),17,-74.0,4.0,-73.31,16,2.99
88,17,aa:dc:7e:ea:37:18,moto edge 50 neo_3238,16,-72.75,3.6,-72.75,16,3.6
88,17,bc:62:ce:6a:3a:2a,RBH 204,15,-73.6,3.44,-73.46,13,2.21
88,17,5c:e9:31:22:bb:0a,,2,-59.0,0.0,-59.0,2,0.0
88,17,36:62:f9:a1:88:57,CSE OFFICE,14,-78.86,3.54,-78.86,14,3.54
88,17,56:f1:5f:72:68:1c,Horion_dx,17,-70.94,3.86,-70.94,17,3.86
88,17,00:22:b0:05:f3:bc,CSE-204,17,-53.18,6.19,-54.25,16,4.59
88,17,70:4c:a5:95:b2:d0,BUET-Free-WiFi,2,-84.0,0.0,-84.0,2,0.0
88,17,5e:a9:31:22:bb:0a,CSE-LAB,6,-64.17,3.18,-64.17,6,3.18
88,17,18:0f:76:c3:06:8d,CSE-304,17,-61.53,2.85,-61.53,17,2.85
88,17,10:62:eb:77:b7:42,CSE-G04,17,-71.76,3.64,-71.76,17,3.64
88,17,30:b5:c2:ea:5b:44,DataLab@BUET,10,-56.2,2.04,-56.2,10,2.04
88,17,70:4c:a5:95:a4:18,BUET-Free-WiFi,2,-80.0,4.0,-80.0,2,4.0
88,17,36:62:f9:a1:88:63,CSE OFFICE,7,-83.0,0.76,-83.0,7,0.76
88,17,fa:b5:62:5b:af:73,Redmi Note 10S,4,-70.75,5.8,-70.75,4,5.8
88,17,e6:03:58:bb:71:13,Norse Network,7,-62.14,4.09,-62.14,7,4.09
88,17,34:60:f9:a1:8b:8e,,1,-70.0,0.0,-70.0,1,0.0
88,17,c2:c4:fb:a2:01:1f,getIP().hackDevice(),1,-82.0,0.0,-82.0,1,0.0
88,17,f4:8c:eb:c5:c7:aa,EMC-504,1,-73.0,0.0,-73.0,1,0.0
88,17,36:20:f9:a1:88:56,CSE OFFICE,3,-56.33,0.47,-56.33,3,0.47
88,17,1e:61:b4:ac:79:f2,CSE-306BL,1,-77.0,0.0,-77.0,1,0.0
88,17,12:38:f1:f0:25:6e,OPPO F21 Pro,3,-73.67,0.47,-73.67,3,0.47
88,17,70:4c:a5:95:a4:19,eduroam,3,-79.0,1.41,-79.0,3,1.41
88,17,06:f7:98:a7:35:dd,Redmi Note 13 Pro,9,-71.89,2.73,-71.12,8,1.76
88,17,70:4c:a5:64:bf:18,BUET-Free-WiFi,5,-66.6,8.4,-66.6,5,8.4
88,17,36:54:e2:a6:bd:4b,Redmi Note 10 Pro,1,-80.0,0.0,-80.0,1,0.0
88,17,70:4c:a5:95:b2:d1,eduroam,1,-80.0,0.0,-80.0,1,0.0
88,17,5c:e8:d3:0a:1e:e0,Free,1,-68.0,0.0,-68.0,1,0.0
88,17,bc:22:28:21:55:6e,CSE-104,1,-71.0,0.0,-71.0,1,0.0
88,17,36:eb:28:75:d2:44,Tanveer Hossain's S23 Ultra,1,-73.0,0.0,-73.0,1,0.0
88,17,60:63:4c:31:37:60,CSE-306,1,-71.0,0.0,-71.0,1,0.0
88,17,1a:aa:2b:0a:98:c9,Ekta hotspot,1,-85.0,0.0,-85.0,1,0.0
88,17,24:2f:d0:88:39:a2,,1,-64.0,0.0,-64.0,1,0.0
88,17,26:2f:d0:88:39:a2,IAC,1,-62.0,0.0,-62.0,1,0.0
89,18,2c:fe:e2:59:d0:c2,Horion_e9,18,-76.78,3.6,-76.78,18,3.6
89,18,34:60:f9:a1:8b:8e,,1,-76.0,0.0,-76.0,1,0.0
89,18,60:63:4c:31:37:40,CSE-303,12,-57.75,2.42,-57.18,11,1.59
89,18,60:63:4c:31:37:48,dlink,18,-76.94,3.75,-76.94,18,3.75
89,18,06:f7:98:a7:35:dd,Redmi Note 13 Pro,18,-71.94,3.03,-71.06,16,1.78
89,18,6a:66:d2:07:a3:61,Juice Pila do. Mosambi Ka! 🥹,18,-76.22,3.21,-75.87,15,2.28
89,18,36:20:f9:a1:8b:8e,CSE OFFICE,1,-74.0,0.0,-74.0,1,0.0
89,18,56:b0:f4:42:18:c1,narzo 50 Pro 5G,13,-81.0,2.15,-81.0,13,2.15
89,18,c2:3b:04:a2:01:1f,getIP().hackDevice(),18,-80.83,3.66,-81.88,16,2.12
89,18,bc:62:ce:6a:3a:2a,RBH 204,17,-79.0,3.91,-79.0,17,3.91
89,18,36:62:f9:a1:88:57,CSE OFFICE,12,-82.67,1.75,-82.67,12,1.75
89,18,56:f1:5f:72:68:1c,Horion_dx,18,-76.06,1.93,-76.06,18,1.93
89,18,00:22:b0:05:f3:bc,CSE-204,18,-55.72,5.26,-55.72,18,5.26
89,18,e6:03:58:bb:71:13,Norse Network,4,-69.0,3.39,-69.0,4,3.39
89,18,18:0f:76:c3:06:8d,CSE-304,18,-67.06,2.04,-67.06,18,2.04
89,18,10:62:eb:77:b7:42,CSE-G04,18,-74.44,3.17,-73.93,15,2.02
89,18,8e:94:a9:8d:65:5b,vivo Y27s,13,-83.15,1.99,-83.15,13,1.99
89,18,e8:65:d4:52:b3:b0,Room709,2,-75.0,1.0,-75.0,2,1.0
89,18,1a:aa:2b:0a:98:c9,Ekta hotspot,6,-82.67,1.7,-82.67,6,1.7
89,18,98:25:4a:f1:3a:ed,1006 5G,1,-85.0,0.0,-85.0,1,0.0
89,18,cc:2d:21:67:fd:20,710,1,-81.0,0.0,-81.0,1,0.0
89,18,30:b5:c2:ea:5b:44,DataLab@BUET,14,-55.21,3.03,-55.21,14,3.03
89,18,28:3b:82:4d:c2:ee,801,1,-86.0,0.0,-86.0,1,0.0
89,18,34:e8:94:10:7d:fa,Hall of Fame,16,-57.5,4.72,-56.6,15,3.28
89,18,8e:f6:fd:8d:6d:a4,POCO X3 Pro,7,-72.29,8.17,-72.29,7,8.17
89,18,3e:52:a1:24:db:4a,,1,-76.0,0.0,-76.0,1,0.0
89,18,0a:a4:66:4c:0e:b0,Redmi Note 10S,10,-82.1,2.07,-82.1,10,2.07
89,18,3c:52:a1:c4:db:4a,palashi association,1,-71.0,0.0,-71.0,1,0.0
89,18,f4:8c:eb:c5:c7:aa,EMC-504,1,-72.0,0.0,-72.0,1,0.0
89,18,12:38:f1:f0:25:6e,OPPO F21 Pro,3,-70.67,3.4,-70.67,3,3.4
89,18,aa:dc:7e:ea:37:18,moto edge 50 neo_3238,12,-80.25,2.83,-80.25,12,2.83
89,18,1e:61:b4:ac:7a:1a,CSE-306BL,1,-73.0,0.0,-73.0,1,0.0
89,18,c8:3a:35:41:0e:e0,Room 706,4,-85.25,1.48,-85.25,4,1.48
89,18,bc:22:28:21:55:6e,CSE-104,2,-68.5,0.5,-68.5,2,0.5
89,18,0c:80:63:fb:72:74,Slow Wifi,1,-82.0,0.0,-82.0,1,0.0
89,18,70:4c:a5:64:bf:19,eduroam,1,-58.0,0.0,-58.0,1,0.0
89,18,ce:ad:71:f7:d6:3f,,1,-82.0,0.0,-82.0,1,0.0
89,18,cc:2d:21:b0:04:60,Room 206,1,-84.0,0.0,-84.0,1,0.0
89,18,5e:a9:31:22:bb:0a,CSE-LAB,4,-67.0,1.22,-67.0,4,1.22
89,18,c8:e7:d8:82:7e:dc,Room1003,1,-84.0,0.0,-84.0,1,0.0
89,18,60:63:4c:31:37:60,CSE-306,1,-83.0,0.0,-83.0,1,0.0
89,18,36:20:f9:a1:88:56,CSE OFFICE,7,-62.29,1.91,-62.29,7,1.91
89,18,70:4c:a5:64:bf:18,BUET-Free-WiFi,5,-66.4,3.14,-65.0,4,1.58
89,18,52:91:e3:a5:b4:bd,,3,-72.0,2.16,-72.0,3,2.16
89,18,8e:fa:5f:79:06:05,Ei j eta amar wifi,1,-71.0,0.0,-71.0,1,0.0
89,18,38:6b:1c:bd:16:2e,Suptti ,1,-87.0,0.0,-87.0,1,0.0
89,18,26:2f:d0:88:39:a2,IAC,1,-69.0,0.0,-69.0,1,0.0
89,18,70:4c:a5:95:a4:19,eduroam,1,-83.0,0.0,-83.0,1,0.0
89,18,70:4c:a5:95:a4:18,BUET-Free-WiFi,1,-85.0,0.0,-85.0,1,0.0
89,18,98:25:4a:9a:ef:ee,803,3,-78.67,1.25,-78.67,3,1.25
89,18,5e:a9:31:22:be:d6,CSE-LAB,1,-75.0,0.0,-75.0,1,0.0
89,18,02:df:3b:f6:97:11,CSE 9,1,-86.0,0.0,-86.0,1,0.0
89,18,5e:ea:31:22:bb:0b,CSE-LAB,1,-88.0,0.0,-88.0,1,0.0
89,18,bc:22:28:21:70:62,CSE-214,1,-71.0,0.0,-71.0,1,0.0
89,18,78:98:e8:38:3b:04,Arham 2.5G Network,1,-76.0,0.0,-76.0,1,0.0
89,18,5c:e9:31:22:be:d6,,1,-75.0,0.0,-75.0,1,0.0
89,18,cc:2d:21:3e:9d:18,Lapatta Ladies,1,-80.0,0.0,-80.0,1,0.0
89,18,50:91:e3:b5:b4:bd,Haimo,2,-76.0,1.0,-76.0,2,1.0
89,18,5c:e9:31:97:28:f4,Room no 1103,1,-83.0,0.0,-83.0,1,0.0
89,18,c8:e7:d8:82:65:0e,ROOM 406,1,-86.0,0.0,-86.0,1,0.0
89,18,c2:c4:fb:a2:01:1f,getIP().hackDevice(),1,-79.0,0.0,-79.0,1,0.0
89,18,a2:2f:c7:ce:a6:f0,realme 8 5G,1,-71.0,0.0,-71.0,1,0.0
89,18,48:22:54:85:15:6a,1108,1,-71.0,0.0,-71.0,1,0.0
89,18,0c:80:63:6f:74:12,Shakespeare,1,-88.0,0.0,-88.0,1,0.0
89,18,5c:e9:31:22:bb:0a,,1,-65.0,0.0,-65.0,1,0.0
90,18,2c:fe:e2:59:d0:c2,Horion_e9,18,-72.89,4.19,-72.89,18,4.19
90,18,34:60:f9:a1:8b:8e,,2,-59.0,2.0,-59.0,2,2.0
90,18,00:22:b0:05:f3:51,CSE-108,1,-68.0,0.0,-68.0,1,0.0
90,18,34:60:f9:a1:8b:8f,,4,-82.0,2.55,-82.0,4,2.55
90,18,60:63:4c:31:37:48,dlink,18,-74.61,3.87,-74.61,18,3.87
90,18,06:f7:98:a7:35:dd,Redmi Note 13 Pro,18,-72.28,4.47,-72.28,18,4.47
90,18,6a:66:d2:07:a3:61,Juice Pila do. Mosambi Ka! 🥹,16,-76.81,3.21,-76.81,16,3.21
90,18,36:54:e2:a6:bd:4b,Redmi Note 10 Pro,8,-77.88,2.15,-77.88,8,2.15
90,18,8e:de:e6:6b:ca:71,Galaxy M31CA71,12,-83.83,2.15,-83.33,9,0.67
90,18,36:20:f9:a1:8b:8e,CSE OFFICE,5,-60.6,1.85,-60.6,5,1.85
90,18,56:b0:f4:42:18:c1,narzo 50 Pro 5G,18,-71.39,4.0,-71.39,18,4.0
90,18,8e:f6:fd:8d:6d:a4,POCO X3 Pro,14,-78.71,3.35,-78.71,14,3.35
90,18,36:62:f9:a1:8b:8f,CSE OFFICE,6,-83.0,2.58,-84.0,5,1.41
90,18,02:df:3b:f6:97:11,CSE 9,7,-85.29,1.28,-84.83,6,0.69
90,18,60:63:4c:31:37:60,CSE-306,3,-62.67,5.91,-62.67,3,5.91
90,18,36:62:f9:a1:88:63,CSE OFFICE,10,-73.6,2.42,-73.6,10,2.42
90,18,c2:3b:04:a2:01:1f,getIP().hackDevice(),11,-84.36,1.82,-84.8,10,1.25
90,18,aa:dc:7e:ea:37:18,moto edge 50 neo_3238,14,-79.79,3.38,-81.0,12,1.63
90,18,bc:62:ce:6a:3a:2a,RBH 204,14,-80.93,1.98,-80.93,14,1.98
90,18,56:f1:5f:72:68:1c,Horion_dx,18,-67.22,4.13,-67.22,18,4.13
90,18,00:22:b0:05:f3:bc,CSE-204,18,-65.56,6.83,-65.56,18,6.83
90,18,18:0f:76:c3:06:8d,CSE-304,18,-57.17,3.2,-57.17,18,3.2
90,18,10:62:eb:77:b7:42,CSE-G04,18,-66.94,4.71,-66.94,18,4.71
90,18,1e:61:b4:ac:79:f3,CSE-306BL,7,-85.43,0.73,-85.43,7,0.73
90,18,bc:22:28:21:55:6e,CSE-104,6,-61.5,3.73,-61.5,6,3.73
90,18,70:4c:a5:64:bf:18,BUET-Free-WiFi,2,-62.5,1.5,-62.5,2,1.5
90,18,f4:8c:eb:c5:c7:aa,EMC-504,1,-77.0,0.0,-77.0,1,0.0
90,18,30:b5:c2:ea:5b:44,DataLab@BUET,4,-68.25,2.49,-68.25,4,2.49
90,18,5e:a9:31:22:be:d6,CSE-LAB,2,-64.5,4.5,-64.5,2,4.5
90,18,60:63:4c:31:37:40,CSE-303,6,-56.33,2.21,-57.2,5,1.17
90,18,5c:e9:31:22:be:d6,,1,-68.0,0.0,-68.0,1,0.0
90,18,70:4c:a5:64:bf:19,eduroam,2,-60.5,1.5,-60.5,2,1.5
90,18,5a:e2:a9:07:7f:d2,mehrab's Galaxy A12,2,-72.5,1.5,-72.5,2,1.5
90,18,fe:a6:d1:4e:1c:86,narzo 50,1,-85.0,0.0,-85.0,1,0.0
90,18,70:4c:a5:95:b2:d1,eduroam,4,-81.5,2.18,-81.5,4,2.18
90,18,1e:61:b4:ac:79:f2,CSE-306BL,4,-66.0,1.22,-66.0,4,1.22
90,18,f6:aa:13:bd:ca:80,realme GT NEO 2,1,-64.0,0.0,-64.0,1,0.0
90,18,60:63:4c:31:37:68,dlink,4,-85.5,1.5,-85.5,4,1.5
90,18,70:4c:a5:95:a4:18,BUET-Free-WiFi,1,-86.0,0.0,-86.0,1,0.0
90,18,bc:22:28:21:70:62,CSE-214,3,-69.33,2.62,-69.33,3,2.62
90,18,c0:25:e9:e1:86:24,Sadia-201,1,-83.0,0.0,-83.0,1,0.0
90,18,24:2f:d0:88:39:a2,,2,-77.5,4.5,-77.5,2,4.5
90,18,36:20:f9:a1:88:62,CSE OFFICE,5,-53.4,1.85,-53.4,5,1.85
90,18,26:2f:d0:88:4c:62,IAC,1,-77.0,0.0,-77.0,1,0.0
90,18,4a:c7:96:b2:45:e5,AndroidAP05E5,1,-79.0,0.0,-79.0,1,0.0
90,18,e2:3a:1d:9b:69:d1,realme 10,1,-72.0,0.0,-72.0,1,0.0
90,18,26:2f:d0:88:39:a2,IAC,1,-69.0,0.0,-69.0,1,0.0
90,18,0a:54:a5:5f:17:37,Galaxy S22C48A,2,-84.5,1.5,-84.5,2,1.5
90,18,d6:47:0a:99:1f:ed,চিযান বৌয়ান,3,-83.33,2.62,-83.33,3,2.62
90,18,bc:22:28:21:70:5f,CSE-214,1,-83.0,0.0,-83.0,1,0.0
90,18,0a:a4:66:4c:0e:b0,Redmi Note 10S,1,-85.0,0.0,-85.0,1,0.0
91,18,8e:94:a9:8d:65:5b,vivo Y27s,17,-82.41,2.0,-82.41,17,2.0
91,18,2c:fe:e2:59:d0:c2,Horion_e9,18,-66.0,4.68,-66.0,18,4.68
91,18,7a:5e:48:b5:31:55,Towfique's S23+,11,-80.36,2.9,-80.36,11,2.9
91,18,34:60:f9:a1:8b:8e,,1,-71.0,0.0,-71.0,1,0.0
91,18,60:63:4c:31:37:48,dlink,18,-70.0,3.5,-69.0,16,2.18
91,18,06:f7:98:a7:35:dd,Redmi Note 13 Pro,2,-69.0,6.0,-69.0,2,6.0
91,18,6a:66:d2:07:a3:61,Juice Pila do. Mosambi Ka! 🥹,18,-70.89,3.25,-71.2,15,2.14
91,18,0a:54:a5:5f:17:37,Galaxy S22C48A,14,-81.93,2.34,-81.93,14,2.34
91,18,56:b0:f4:42:18:c1,narzo 50 Pro 5G,17,-78.88,2.3,-78.88,17,2.3
91,18,8e:f6:fd:8d:6d:a4,POCO X3 Pro,18,-72.72,4.07,-72.72,18,4.07
91,18,5c:e8:d3:0a:1e:e0,Free,5,-65.4,3.01,-66.75,4,1.48
91,18,bc:22:28:21:70:5f,CSE-214,4,-85.25,0.83,-85.25,4,0.83
91,18,0a:a4:66:4c:0e:b0,Redmi Note 10S,17,-80.88,2.72,-81.25,16,2.36
91,18,26:e4:72:86:6b:66,Torr20-tab,9,-81.78,1.87,-81.78,9,1.87
91,18,ea:14:d3:c7:80:b4,Galaxy S22 Ultra 172F,12,-77.67,3.06,-77.6,10,2.01
91,18,36:62:f9:a1:88:63,CSE OFFICE,16,-78.25,3.01,-78.25,16,3.01
91,18,c2:3b:04:a2:01:1f,getIP().hackDevice(),18,-80.39,3.82,-80.39,18,3.82
91,18,aa:dc:7e:ea:37:18,moto edge 50 neo_3238,18,-73.0,4.37,-73.0,18,4.37
91,18,bc:62:ce:6a:3a:2a,RBH 204,18,-80.44,2.11,-80.44,18,2.11
91,18,56:f1:5f:72:68:1c,Horion_dx,18,-72.56,3.52,-72.56,18,3.52
91,18,36:20:f9:a1:88:56,CSE OFFICE,4,-58.75,3.03,-58.75,4,3.03
91,18,00:22:b0:05:f3:bc,CSE-204,18,-61.56,2.29,-61.56,18,2.29
91,18,5e:a9:31:22:bb:0a,CSE-LAB,2,-66.0,3.0,-66.0,2,3.0
91,18,18:0f:76:c3:06:8d,CSE-304,18,-55.06,3.81,-54.53,17,3.22
91,18,10:62:eb:77:b7:42,CSE-G04,18,-69.33,3.16,-69.33,18,3.16
91,18,60:63:4c:31:37:40,CSE-303,11,-50.55,3.06,-50.55,11,3.06
91,18,8e:de:e6:6b:ca:71,Galaxy M31CA71,5,-86.4,1.36,-87.0,4,0.71
91,18,bc:22:28:21:55:6e,CSE-104,6,-61.17,1.57,-61.17,6,1.57
91,18,70:4c:a5:95:af:70,BUET-Free-WiFi,6,-80.83,1.67,-80.83,6,1.67
91,18,5e:a9:31:22:be:d6,CSE-LAB,2,-68.0,1.0,-68.0,2,1.0
91,18,36:20:f9:a1:8b:8e,CSE OFFICE,3,-65.33,2.05,-65.33,3,2.05
91,18,70:4c:a5:95:af:71,eduroam,8,-80.25,1.64,-80.25,8,1.64
91,18,34:e8:94:10:7d:fa,Hall of Fame,5,-73.2,1.17,-73.2,5,1.17
91,18,70:4c:a5:95:b2:d1,eduroam,3,-79.0,1.63,-79.0,3,1.63
91,18,02:df:3b:f6:97:11,CSE 9,12,-82.67,2.43,-82.67,12,2.43
91,18,36:20:f9:a1:88:62,CSE OFFICE,2,-59.0,2.0,-59.0,2,2.0
91,18,fa:b5:62:5b:af:73,Redmi Note 10S,3,-73.33,0.47,-73.33,3,0.47
91,18,36:62:f9:a1:88:57,CSE OFFICE,3,-82.0,0.82,-82.0,3,0.82
91,18,70:4c:a5:95:b2:d0,BUET-Free-WiFi,6,-81.83,2.48,-81.83,6,2.48
91,18,1e:61:b4:ac:79:f2,CSE-306BL,5,-66.8,1.6,-66.8,5,1.6
91,18,30:b5:c2:ea:5b:44,DataLab@BUET,2,-65.5,2.5,-65.5,2,2.5
91,18,bc:22:28:21:70:62,CSE-214,3,-63.0,2.16,-63.0,3,2.16
91,18,46:c4:90:f1:0a:2a,Galaxy S23 Ultra 8407,2,-70.0,0.0,-70.0,2,0.0
91,18,24:2f:d0:88:39:a2,,2,-67.0,4.0,-67.0,2,4.0
91,18,5c:e9:31:22:be:d6,,2,-69.5,0.5,-69.5,2,0.5
91,18,bc:22:28:21:09:22,,3,-60.67,2.62,-60.67,3,2.62
91,18,8e:fa:5f:79:06:05,Ei j eta amar wifi,1,-63.0,0.0,-63.0,1,0.0
91,18,c2:c4:fb:a2:01:1f,getIP().hackDevice(),1,-76.0,0.0,-76.0,1,0.0
91,18,bc:22:28:21:09:24,CSE-205,1,-54.0,0.0,-54.0,1,0.0
91,18,e6:03:58:bb:71:13,Norse Network,1,-68.0,0.0,-68.0,1,0.0
91,18,70:4c:a5:64:bc:60,BUET-Free-WiFi,1,-71.0,0.0,-71.0,1,0.0
91,18,70:4c:a5:64:bf:19,eduroam,1,-65.0,0.0,-65.0,1,0.0
91,18,70:4c:a5:d3:60:40,BUET-Free-WiFi,1,-85.0,0.0,-85.0,1,0.0
91,18,c0:25:e9:e1:86:24,Sadia-201,1,-87.0,0.0,-87.0,1,0.0
92,20,60:63:4c:31:37:40,CSE-303,20,-57.4,4.54,-57.4,20,4.54
92,20,18:0f:76:c3:06:8d,CSE-304,15,-54.0,4.55,-53.11,9,0.57
92,20,bc:22:28:21:55:6e,CSE-104,17,-67.18,6.16,-66.0,16,4.09
92,20,00:22:b0:05:f3:bc,CSE-204,20,-66.5,5.57,-66.5,20,5.57
92,20,36:20:f9:a1:88:62,CSE OFFICE,19,-57.47,8.47,-56.33,18,7.14
92,20,10:62:eb:77:b7:42,CSE-G04,7,-73.86,5.74,-75.83,6,3.34
92,20,70:4c:a5:64:bf:19,eduroam,17,-70.0,3.36,-68.57,14,1.35
92,20,5e:a9:31:22:bb:0a,CSE-LAB,13,-71.08,2.95,-71.08,13,2.95
92,20,70:4c:a5:64:bf:18,BUET-Free-WiFi,14,-69.79,5.89,-68.38,13,3.15
92,20,26:2f:d0:88:39:a2,IAC,3,-79.33,5.44,-79.33,3,5.44
92,20,30:b5:c2:ea:5b:44,DataLab@BUET,9,-71.11,3.11,-71.11,9,3.11
92,20,00:22:b0:05:f3:51,CSE-108,15,-70.8,2.93,-70.29,14,2.28
92,20,70:4c:a5:64:bc:61,eduroam,11,-80.18,2.79,-80.18,11,2.79
92,20,70:4c:a5:95:92:f0,BUET-Free-WiFi,7,-82.71,2.19,-83.5,6,1.12
92,20,1e:61:b4:ac:7a:1a,CSE-306BL,12,-79.75,3.56,-79.75,12,3.56
92,20,bc:62:ce:6a:3a:2a,RBH 204,11,-84.82,1.27,-84.82,11,1.27
92,20,34:60:f9:a1:88:62,,10,-55.1,4.74,-55.1,10,4.74
92,20,1c:61:b4:9c:79:f2,,6,-75.17,6.39,-75.17,6,6.39
92,20,1e:61:b4:ac:79:f2,CSE-306BL,13,-73.46,4.8,-73.46,13,4.8
92,20,36:20:f9:a1:8b:8e,CSE OFFICE,10,-69.6,7.64,-66.12,8,2.26
92,20,60:63:4c:31:37:60,CSE-306,16,-69.69,3.64,-69.64,11,0.64
92,20,12:00:4d:03:42:79,Tatakae🥷,12,-62.42,4.55,-62.3,10,2.93
92,20,36:20:f9:a1:88:56,CSE OFFICE,8,-69.88,4.26,-69.88,8,4.26
92,20,1c:61:b4:9c:7a:1a,,6,-77.5,2.5,-77.5,6,2.5
92,20,cc:2d:21:3e:5b:b0,Room 202,2,-82.5,4.5,-82.5,2,4.5
92,20,5c:e9:31:22:c8:de,,4,-75.0,3.61,-75.0,4,3.61
92,20,70:4c:a5:64:bc:60,BUET-Free-WiFi,4,-80.0,1.87,-80.0,4,1.87
92,20,24:2f:d0:88:39:a2,,3,-85.33,0.47,-85.33,3,0.47
92,20,70:4c:a5:95:92:f1,eduroam,5,-82.2,3.43,-82.2,5,3.43
92,20,9c:c9:eb:50:1a:04,CSE-405,2,-89.0,0.0,-89.0,2,0.0
92,20,5c:e9:31:22:bb:0a,,2,-65.0,4.0,-65.0,2,4.0
92,20,34:e8:94:10:7d:fa,Hall of Fame,4,-83.75,1.64,-83.75,4,1.64
92,20,bc:22:28:21:09:ba,CSE-206,5,-68.2,2.23,-69.25,4,0.83
92,20,5e:a9:31:22:bf:96,CSE-LAB,3,-78.0,0.82,-78.0,3,0.82
92,20,5c:e9:31:22:bf:96,,4,-81.75,2.38,-81.75,4,2.38
92,20,bc:22:28:21:70:62,CSE-214,5,-79.4,1.36,-79.0,3,0.0
92,20,00:22:3f:e4:8d:80,EEE Room231,7,-88.14,1.73,-88.14,7,1.73
92,20,cc:2d:21:36:d7:90,Savage-us,2,-87.5,0.5,-87.5,2,0.5
92,20,5e:a9:31:22:be:d6,CSE-LAB,6,-70.83,2.48,-71.8,5,1.33
92,20,9a:25:4a:0e:36:5e,CSE- G11&G12,1,-83.0,0.0,-83.0,1,0.0
92,20,98:25:4a:0e:36:5e,,2,-86.5,2.5,-86.5,2,2.5
92,20,5c:e9:31:22:be:d6,,3,-64.67,4.92,-64.67,3,4.92
92,20,5e:a9:31:22:c8:de,CSE-LAB,4,-72.25,0.43,-72.25,4,0.43
92,20,34:60:f9:a1:88:56,,1,-75.0,0.0,-75.0,1,0.0
92,20,3e:52:a1:24:db:4a,,1,-81.0,0.0,-81.0,1,0.0
92,20,66:83:e7:4e:54:6a,,1,-85.0,0.0,-85.0,1,0.0
92,20,be:ed:be:10:4e:dc,Shabab's Galaxy A52,1,-88.0,0.0,-88.0,1,0.0
92,20,34:60:f9:a1:8b:8e,,1,-66.0,0.0,-66.0,1,0.0
93,20,12:00:4d:03:42:79,Tatakae🥷,20,-56.95,2.48,-56.95,20,2.48
93,20,10:62:eb:77:b7:42,CSE-G04,2,-69.0,9.0,-69.0,2,9.0
93,20,18:0f:76:c3:06:8d,CSE-304,15,-61.6,2.27,-61.6,15,2.27
93,20,5e:a9:31:22:be:d6,CSE-LAB,4,-73.75,6.02,-73.75,4,6.02
93,20,30:b5:c2:ea:5b:44,DataLab@BUET,19,-62.0,2.73,-62.0,19,2.73
93,20,70:4c:a5:64:bf:18,BUET-Free-WiFi,9,-70.56,3.13,-70.56,9,3.13
93,20,00:22:b0:05:f3:bc,CSE-204,20,-63.4,4.2,-63.4,20,4.2
93,20,70:4c:a5:64:bf:19,eduroam,17,-72.18,2.85,-72.18,17,2.85
93,20,34:e8:94:10:7d:fa,Hall of Fame,18,-72.72,3.48,-71.75,16,2.25
93,20,1c:61:b4:9c:79:f2,,7,-79.0,2.33,-79.0,7,2.33
93,20,1e:61:b4:ac:7a:1a,CSE-306BL,4,-81.5,0.87,-81.5,4,0.87
93,20,70:4c:a5:64:bc:61,eduroam,12,-83.25,2.24,-83.25,12,2.24
93,20,60:63:4c:31:37:40,CSE-303,17,-59.18,3.36,-59.62,16,2.93
93,20,36:20:f9:a1:88:56,CSE OFFICE,14,-69.21,2.43,-69.62,13,2.02
93,20,5c:e9:31:22:bb:0a,,7,-72.29,2.6,-72.29,7,2.6
93,20,5e:a9:31:22:bb:0a,CSE-LAB,9,-73.22,4.92,-73.22,9,4.92
93,20,60:63:4c:31:37:60,CSE-306,9,-78.78,4.18,-78.78,9,4.18
93,20,90:6a:94:f9:b6:f5,CSE-314,1,-82.0,0.0,-82.0,1,0.0
93,20,bc:62:ce:6a:3a:2a,RBH 204,15,-78.4,5.25,-78.4,15,5.25
93,20,70:4c:a5:95:92:f1,eduroam,3,-84.0,0.82,-84.0,3,0.82
93,20,5c:e9:31:97:28:f4,Room no 1103,2,-83.5,0.5,-83.5,2,0.5
93,20,1e:61:b4:ac:79:f2,CSE-306BL,10,-78.5,3.83,-78.5,10,3.83
93,20,bc:22:28:21:55:6e,CSE-104,13,-70.62,2.1,-70.62,13,2.1
93,20,00:22:b0:05:f3:51,CSE-108,11,-79.73,3.33,-79.73,11,3.33
93,20,a4:2b:b0:01:15:2c,ROOM-503,1,-81.0,0.0,-81.0,1,0.0
93,20,1c:61:b4:9c:7a:1a,,6,-83.83,2.11,-83.83,6,2.11
93,20,3e:52:a1:24:db:4a,,1,-89.0,0.0,-89.0,1,0.0
93,20,36:20:f9:a1:88:62,CSE OFFICE,10,-65.5,5.16,-66.78,9,3.64
93,20,26:2f:d0:88:39:a2,IAC,2,-76.5,3.5,-76.5,2,3.5
93,20,36:20:f9:a1:8b:8e,CSE OFFICE,5,-78.6,3.01,-78.6,5,3.01
93,20,70:4c:a5:95:92:f0,BUET-Free-WiFi,3,-82.67,1.89,-82.67,3,1.89
93,20,bc:22:28:21:09:ba,CSE-206,7,-72.14,3.36,-72.14,7,3.36
93,20,70:4c:a5:95:b6:01,eduroam,1,-90.0,0.0,-90.0,1,0.0
93,20,70:4c:a5:64:bc:60,BUET-Free-WiFi,2,-83.5,0.5,-83.5,2,0.5
93,20,60:63:4c:ac:0c:cb,BTCL_WiFi_15/B,2,-88.0,0.0,-88.0,2,0.0
93,20,60:63:4c:ab:f6:6b,EEE_Teachers_WiFi,1,-89.0,0.0,-89.0,1,0.0
93,20,be:ed:be:10:4e:dc,Shabab's Galaxy A52,6,-79.67,3.2,-79.67,6,3.2
93,20,24:2f:d0:88:4c:62,,1,-82.0,0.0,-82.0,1,0.0
93,20,78:98:e8:38:3b:04,Arham 2.5G Network,1,-89.0,0.0,-89.0,1,0.0
93,20,34:60:f9:a1:88:62,,1,-65.0,0.0,-65.0,1,0.0
93,20,12:99:b1:da:35:37,Galaxy M12 834E,1,-88.0,0.0,-88.0,1,0.0
93,20,c0:25:e9:e1:86:24,Sadia-201,1,-88.0,0.0,-88.0,1,0.0
93,20,28:3b:82:4d:c2:ee,801 roomies,1,-88.0,0.0,-88.0,1,0.0
93,20,5c:e9:31:22:be:d6,,2,-83.0,2.0,-83.0,2,2.0
93,20,c8:e7:d8:89:f1:a6,Imran_Fast Network_01708529844,1,-90.0,0.0,-90.0,1,0.0
93,20,24:2f:d0:88:39:a2,,2,-75.5,0.5,-75.5,2,0.5
93,20,48:22:54:85:15:6a,Room no. 1108,1,-84.0,0.0,-84.0,1,0.0
93,20,5c:e9:31:22:c8:de,,1,-85.0,0.0,-85.0,1,0.0
93,20,2e:87:ba:35:8b:ea,,1,-85.0,0.0,-85.0,1,0.0
93,20,60:83:e7:4e:54:6a,BUET_EEE234,1,-79.0,0.0,-79.0,1,0.0
93,20,5c:e9:31:22:bf:96,,1,-85.0,0.0,-85.0,1,0.0
93,20,cc:2d:21:4e:ae:60,Sidolli 708,1,-82.0,0.0,-82.0,1,0.0
94,20,74:da:88:f6:5d:8c,Mimi,14,-86.5,1.59,-86.23,13,1.31
94,20,60:63:4c:31:37:48,dlink,20,-76.0,1.38,-76.0,12,0.0
94,20,70:4c:a5:64:bc:60,BUET-Free-WiFi,16,-83.62,0.99,-83.47,15,0.81
94,20,5c:e9:31:22:be:d6,,2,-79.0,0.0,-79.0,2,0.0
94,20,70:4c:a5:64:bc:61,eduroam,20,-84.05,1.36,-84.05,20,1.36
94,20,30:b5:c2:ea:5b:44,DataLab@BUET,12,-55.75,2.55,-55.75,12,2.55
94,20,bc:22:28:21:09:b7,CSE-206,19,-79.47,1.46,-79.47,19,1.46
94,20,34:e8:94:10:7d:fa,Hall of Fame,12,-69.08,5.01,-70.45,11,2.19
94,20,50:91:e3:b5:b4:bd,Haimo,1,-86.0,0.0,-86.0,1,0.0
94,20,12:99:b1:da:35:37,Galaxy M12 834E,1,-88.0,0.0,-88.0,1,0.0
94,20,84:d8:1b:92:d7:fa,Room-906,16,-85.0,1.5,-85.0,16,1.5
94,20,26:2f:d0:88:39:a2,IAC,1,-77.0,0.0,-77.0,1,0.0
94,20,bc:22:28:21:09:ba,CSE-206,20,-68.1,2.28,-67.68,19,1.42
94,20,be:ed:be:10:4e:dc,Shabab's Galaxy A52,20,-73.4,3.75,-72.5,18,2.69
94,20,36:20:f9:a1:88:56,CSE OFFICE,11,-66.55,2.54,-67.2,10,1.54
94,20,7a:da:88:f6:5d:8c,,14,-85.93,1.62,-86.5,12,0.65
94,20,60:63:4c:31:37:40,CSE-303,8,-61.12,1.62,-61.12,8,1.62
94,20,34:60:f9:a1:88:57,,8,-84.25,0.66,-84.25,8,0.66
94,20,34:60:f9:a1:88:63,,7,-84.29,0.88,-84.2,5,0.4
94,20,70:4c:a5:64:bf:18,BUET-Free-WiFi,12,-66.5,1.12,-66.27,11,0.86
94,20,70:4c:a5:64:bf:19,eduroam,7,-66.29,1.58,-66.29,7,1.58
94,20,bc:22:28:21:09:b8,,7,-79.14,0.99,-79.14,7,0.99
94,20,a4:2b:b0:01:15:2c,ROOM-503,4,-80.5,1.12,-80.5,4,1.12
94,20,cc:2d:21:f9:ee:e8,Princesses _606,2,-80.0,0.0,-80.0,2,0.0
94,20,00:22:b0:05:f3:bc,CSE-204,18,-57.17,3.29,-57.17,18,3.29
94,20,bc:22:28:21:55:6e,CSE-104,5,-76.6,1.62,-76.6,5,1.62
94,20,5e:a9:31:22:bb:0a,CSE-LAB,8,-67.12,2.15,-67.86,7,0.99
94,20,ac:15:a2:84:3d:1a,CSE_OBE_CELL,3,-82.67,1.25,-82.67,3,1.25
94,20,cc:2d:21:67:fd:20,Room no 710,5,-87.0,0.63,-87.0,3,0.0
94,20,28:3b:82:4d:c2:ee,801 roomies,1,-87.0,0.0,-87.0,1,0.0
94,20,cc:2d:21:37:0c:98,Room 705,4,-84.0,1.41,-84.0,4,1.41
94,20,1c:61:b4:9c:79:f2,,3,-83.33,0.94,-83.33,3,0.94
94,20,34:60:f9:6c:f3:02,Nahiyan,4,-83.75,1.09,-83.75,4,1.09
94,20,36:20:f9:a1:88:62,CSE OFFICE,1,-71.0,0.0,-71.0,1,0.0
94,20,00:22:b0:05:f3:51,CSE-108,3,-81.67,0.47,-81.67,3,0.47
94,20,34:60:f9:a1:88:62,,2,-71.0,1.0,-71.0,2,1.0
94,20,54:af:97:71:b9:9d,EEE-240,1,-85.0,0.0,-85.0,1,0.0
94,20,cc:2d:21:36:d7:90,Savage-us,5,-70.2,1.33,-70.75,4,0.83
94,20,20:23:51:9c:f5:ae,,1,-87.0,0.0,-87.0,1,0.0
94,20,36:62:f9:a1:88:63,CSE OFFICE,7,-84.57,0.73,-84.57,7,0.73
94,20,5c:e9:31:22:bb:0a,,3,-68.0,0.0,-68.0,3,0.0
94,20,36:62:f9:a1:88:57,CSE OFFICE,7,-84.0,0.76,-84.0,7,0.76
94,20,1c:61:b4:9c:7a:1a,,4,-79.25,0.83,-79.25,4,0.83
94,20,78:98:e8:38:3b:04,Arham 2.5G Network,1,-87.0,0.0,-87.0,1,0.0
94,20,5c:e9:31:22:c8:de,,2,-86.5,1.5,-86.5,2,1.5
94,20,4c:ed:fb:d1:5a:d8,Room no.912,1,-84.0,0.0,-84.0,1,0.0
94,20,bc:62:ce:6a:3a:2a,RBH 204,6,-84.17,2.67,-84.5,4,0.5
94,20,00:1e:2a:ba:c8:20,CSE-401,3,-76.0,0.82,-76.0,3,0.82
94,20,60:63:4c:31:37:60,CSE-306,2,-72.5,0.5,-72.5,2,0.5
94,20,ac:15:a2:4c:49:9a,Paradise ,1,-83.0,0.0,-83.0,1,0.0
94,20,5c:e9:31:97:28:f4,Room no 1103,2,-83.0,3.0,-83.0,2,3.0
94,20,1e:61:b4:ac:7a:1a,CSE-306BL,3,-79.0,0.82,-79.0,3,0.82
94,20,26:2f:d0:88:4c:62,IAC,1,-87.0,0.0,-87.0,1,0.0
94,20,90:6a:94:f9:b6:f5,CSE-314,1,-85.0,0.0,-85.0,1,0.0
94,20,34:60:f9:a1:88:56,,3,-65.33,0.47,-65.33,3,0.47
94,20,1e:61:b4:ac:79:f2,CSE-306BL,1,-66.0,0.0,-66.0,1,0.0
94,20,5e:a9:31:22:c8:de,CSE-LAB,1,-82.0,0.0,-82.0,1,0.0
94,20,24:2f:d0:88:39:a2,,1,-87.0,0.0,-87.0,1,0.0
94,20,ac:15:a2:60:2b:fc,Sharmin ,1,-87.0,0.0,-87.0,1,0.0
94,20,bc:22:28:21:55:6b,CSE-104,1,-85.0,0.0,-85.0,1,0.0
94,20,cc:2d:21:3e:9d:18,Lapatta Ladies,1,-84.0,0.0,-84.0,1,0.0
94,20,9a:62:f6:0b:eb:84,,1,-86.0,0.0,-86.0,1,0.0
94,20,60:83:e7:4e:54:6a,BUET_EEE234,1,-86.0,0.0,-86.0,1,0.0
94,20,30:de:4b:71:f7:09,Abid,1,-87.0,0.0,-87.0,1,0.0
94,20,3c:52:a1:c4:db:4a,palashi association,1,-86.0,0.0,-86.0,1,0.0
94,20,10:62:eb:77:b7:42,CSE-G04,1,-78.0,0.0,-78.0,1,0.0
94,20,66:83:e7:4e:54:6a,,1,-82.0,0.0,-82.0,1,0.0
95,20,1e:61:b4:ac:79:f2,CSE-306BL,16,-69.44,4.74,-71.0,14,2.42
95,20,60:63:4c:31:37:40,CSE-303,20,-58.35,2.24,-58.47,15,0.72
95,20,00:22:b0:05:f3:51,CSE-108,17,-74.88,3.18,-74.88,17,3.18
95,20,1e:61:b4:ac:7a:1a,CSE-306BL,11,-74.45,3.2,-74.45,11,3.2
95,20,60:63:4c:31:37:48,dlink,20,-67.55,0.92,-67.37,19,0.48
95,20,b0:19:21:15:12:3e,Second Home 310,4,-85.75,1.48,-85.75,4,1.48
95,20,f2:1f:ea:6b:fb:06,hawk,17,-65.24,5.02,-65.24,17,5.02
95,20,5c:e9:31:22:be:d6,,5,-75.6,1.36,-75.0,4,0.71
95,20,70:4c:a5:64:bc:61,eduroam,3,-81.67,2.62,-81.67,3,2.62
95,20,70:4c:a5:64:bf:18,BUET-Free-WiFi,10,-70.1,2.02,-69.56,9,1.26
95,20,70:4c:a5:64:bf:19,eduroam,11,-70.0,1.35,-70.0,7,0.0
95,20,bc:22:28:21:09:b8,,8,-72.38,3.39,-73.57,7,1.29
95,20,bc:22:28:21:09:b7,CSE-206,18,-73.83,2.34,-74.29,17,1.4
95,20,5e:a9:31:22:be:d6,CSE-LAB,8,-76.12,1.27,-76.12,8,1.27
95,20,36:20:f9:a1:8b:8e,CSE OFFICE,1,-69.0,0.0,-69.0,1,0.0
95,20,1c:61:b4:9c:79:f2,,14,-72.0,1.93,-72.75,12,0.6
95,20,34:e8:94:10:7d:fa,Hall of Fame,7,-75.0,4.96,-75.0,7,4.96
95,20,bc:22:28:21:70:5f,CSE-214,1,-85.0,0.0,-85.0,1,0.0
95,20,5e:a9:31:22:c8:de,CSE-LAB,10,-79.9,2.81,-80.78,9,1.03
95,20,bc:22:28:21:55:6c,,7,-66.57,2.26,-66.57,7,2.26
95,20,60:63:4c:31:37:60,CSE-306,20,-65.05,2.8,-65.53,19,1.93
95,20,36:20:f9:a1:88:62,CSE OFFICE,18,-53.61,1.06,-53.47,17,0.92
95,20,36:62:f9:a1:88:63,CSE OFFICE,17,-76.12,1.81,-75.69,16,0.58
95,20,60:63:4c:31:37:68,dlink,17,-84.59,0.6,-84.59,17,0.6
95,20,bc:62:ce:6a:3a:2a,RBH 204,13,-80.0,1.92,-80.0,13,1.92
95,20,5c:e9:31:22:bb:0a,,10,-68.6,0.66,-68.6,10,0.66
95,20,bc:22:28:21:09:ba,CSE-206,16,-71.38,3.3,-72.13,15,1.54
95,20,00:22:b0:05:f3:bc,CSE-204,18,-66.44,1.5,-66.24,17,1.26
95,20,bc:22:28:21:55:6e,CSE-104,19,-56.0,3.01,-55.12,17,0.58
95,20,5e:a9:31:22:bb:0a,CSE-LAB,12,-70.33,2.62,-71.4,10,1.2
95,20,18:0f:76:c3:06:8d,CSE-304,16,-54.38,1.27,-54.38,16,1.27
95,20,10:62:eb:77:b7:42,CSE-G04,7,-66.86,2.7,-65.83,6,1.07
95,20,bc:22:28:21:70:60,,1,-85.0,0.0,-85.0,1,0.0
95,20,24:2f:d0:88:4c:62,,2,-72.0,4.0,-72.0,2,4.0
95,20,ac:15:a2:84:3d:1a,CSE_OBE_CELL,4,-83.75,0.83,-83.75,4,0.83
95,20,7a:da:88:f6:5d:8c,,5,-79.0,6.32,-79.0,5,6.32
95,20,34:60:f9:a1:88:63,,9,-75.44,0.5,-75.44,9,0.5
95,20,30:b5:c2:ea:5b:44,DataLab@BUET,14,-59.93,3.75,-59.17,12,0.55
95,20,24:2f:d0:88:39:a2,,7,-68.71,0.88,-68.8,5,0.4
95,20,bc:22:28:21:55:6b,CSE-104,18,-65.5,0.96,-65.29,17,0.46
95,20,5c:e9:31:22:bf:96,,4,-80.75,1.64,-80.75,4,1.64
95,20,a4:2b:b0:01:15:2c,ROOM-503,6,-79.33,2.21,-79.33,6,2.21
95,20,26:2f:d0:88:39:a2,IAC,7,-69.57,0.49,-69.57,7,0.49
95,20,36:20:f9:a1:88:56,CSE OFFICE,18,-60.67,1.05,-60.67,18,1.05
95,20,1c:61:b4:9c:7a:1a,,10,-73.5,4.74,-74.78,9,2.94
95,20,e8:65:d4:52:b3:b0,ROOM-709,2,-71.0,0.0,-71.0,2,0.0
95,20,34:60:f9:a1:88:56,,10,-60.4,1.96,-60.4,10,1.96
95,20,34:60:f9:a1:88:62,,14,-53.43,1.45,-53.08,13,0.73
95,20,12:99:b1:da:35:37,Galaxy M12 834E,7,-83.43,1.29,-83.43,7,1.29
95,20,74:da:88:f6:5d:8c,Mimi,3,-83.67,0.94,-83.67,3,0.94
95,20,00:1e:2a:ba:c8:20,CSE-401,3,-81.33,0.47,-81.33,3,0.47
95,20,e0:1c:fc:a8:de:0c,Rome,4,-82.25,3.11,-82.25,4,3.11
95,20,34:60:f9:a1:8b:8e,,2,-73.5,0.5,-73.5,2,0.5
95,20,34:60:f9:a1:88:57,,3,-85.33,0.47,-85.33,3,0.47
95,20,36:62:f9:a1:88:57,CSE OFFICE,6,-85.17,1.07,-85.17,6,1.07
95,20,60:63:4c:ac:0c:cb,BTCL_WiFi_15/B,6,-85.17,1.34,-85.17,6,1.34
95,20,2e:87:ba:35:8b:ea,,1,-83.0,0.0,-83.0,1,0.0
95,20,70:4c:a5:64:bc:60,BUET-Free-WiFi,2,-84.0,0.0,-84.0,2,0.0
95,20,c8:e7:d8:86:0c:9e,Room- 808,1,-90.0,0.0,-90.0,1,0.0
95,20,78:98:e8:38:3b:04,Arham 2.5G Network,2,-87.5,0.5,-87.5,2,0.5
95,20,80:af:ca:11:95:ea,Graduate Lobby,3,-86.0,0.82,-86.0,3,0.82
95,20,5e:a9:31:22:bf:96,CSE-LAB,2,-78.5,2.5,-78.5,2,2.5
95,20,22:23:51:ac:f5:ae,Saiful,3,-85.67,0.47,-85.67,3,0.47
95,20,5c:e9:31:22:c8:de,,1,-80.0,0.0,-80.0,1,0.0
95,20,cc:2d:21:36:d7:90,Savage-us,4,-72.75,0.83,-72.75,4,0.83
95,20,20:23:51:9c:f5:ae,,2,-81.0,2.0,-81.0,2,2.0
95,20,28:87:ba:35:8b:ea,4s,1,-86.0,0.0,-86.0,1,0.0
95,20,50:eb:f6:17:73:b8,SHAN,1,-85.0,0.0,-85.0,1,0.0
95,20,bc:22:28:20:b9:f6,CSE-503,1,-85.0,0.0,-85.0,1,0.0
95,20,82:af:ca:21:95:ea,,1,-87.0,0.0,-87.0,1,0.0
95,20,cc:2d:21:3e:5b:b0,Room 202,1,-89.0,0.0,-89.0,1,0.0
96,20,70:4c:a5:95:92:f0,BUET-Free-WiFi,2,-82.5,1.5,-82.5,2,1.5
96,20,60:63:4c:31:37:40,CSE-303,20,-53.2,0.93,-53.32,19,0.8
96,20,00:22:b0:05:f3:51,CSE-108,11,-79.91,1.62,-79.91,11,1.62
96,20,34:60:f9:a1:88:57,,5,-83.8,0.75,-83.8,5,0.75
96,20,60:63:4c:31:37:48,dlink,20,-67.25,0.54,-67.25,20,0.54
96,20,78:98:e8:38:3b:04,Arham 2.5G Network,11,-87.09,1.62,-87.09,11,1.62
96,20,70:4c:a5:64:bc:60,BUET-Free-WiFi,5,-77.6,2.8,-77.6,5,2.8
96,20,34:60:f9:a1:88:62,,5,-60.6,0.8,-60.6,5,0.8
96,20,f2:1f:ea:6b:fb:06,hawk,18,-62.33,4.88,-61.76,17,4.4
96,20,34:60:f9:a1:88:63,,7,-82.43,1.5,-82.8,5,0.4
96,20,70:4c:a5:64:bc:61,eduroam,9,-79.11,2.73,-80.0,8,1.12
96,20,70:4c:a5:64:bf:18,BUET-Free-WiFi,2,-71.5,6.5,-71.5,2,6.5
96,20,70:4c:a5:64:bf:19,eduroam,2,-69.0,6.0,-69.0,2,6.0
96,20,30:b5:c2:ea:5b:44,DataLab@BUET,20,-56.8,1.69,-56.8,20,1.69
96,20,bc:22:28:21:09:b7,CSE-206,19,-77.16,1.09,-77.39,18,0.49
96,20,1c:61:b4:9c:79:f2,,7,-75.0,1.31,-74.5,6,0.5
96,20,5e:a9:31:22:c8:de,CSE-LAB,9,-81.44,1.07,-81.44,9,1.07
96,20,24:2f:d0:88:39:a2,,7,-60.0,3.21,-58.83,6,1.57
96,20,bc:22:28:21:55:6b,CSE-104,20,-76.55,0.97,-76.68,19,0.8
96,20,60:63:4c:31:37:60,CSE-306,16,-67.19,2.6,-67.19,16,2.6
96,20,36:20:f9:a1:88:62,CSE OFFICE,9,-60.33,1.63,-60.33,9,1.63
96,20,36:62:f9:a1:88:63,CSE OFFICE,7,-82.57,1.18,-82.8,5,0.4
96,20,bc:62:ce:6a:3a:2a,RBH 204,1,-74.0,0.0,-74.0,1,0.0
96,20,5c:e9:31:22:bb:0a,,13,-70.15,1.61,-70.15,13,1.61
96,20,26:2f:d0:88:39:a2,IAC,18,-58.83,2.06,-58.83,18,2.06
96,20,36:62:f9:a1:88:57,CSE OFFICE,10,-83.6,0.8,-83.6,10,0.8
96,20,bc:22:28:21:09:ba,CSE-206,19,-67.58,0.75,-67.58,19,0.75
96,20,be:ed:be:10:4e:dc,Shabab's Galaxy A52,2,-78.5,6.5,-78.5,2,6.5
96,20,36:20:f9:a1:88:56,CSE OFFICE,16,-59.25,2.05,-58.87,15,1.45
96,20,00:22:b0:05:f3:bc,CSE-204,20,-62.75,2.14,-62.75,20,2.14
96,20,bc:22:28:21:55:6e,CSE-104,20,-62.75,0.89,-62.63,19,0.74
96,20,5e:a9:31:22:bb:0a,CSE-LAB,11,-70.73,1.96,-71.2,10,1.33
96,20,18:0f:76:c3:06:8d,CSE-304,18,-55.0,0.88,-55.25,16,0.56
96,20,10:62:eb:77:b7:42,CSE-G04,10,-70.4,0.92,-70.0,8,0.5
96,20,48:22:54:85:15:6a,Room no. 1108,4,-85.5,1.5,-85.5,4,1.5
96,20,70:4c:a5:95:b6:01,eduroam,4,-83.0,0.0,-83.0,4,0.0
96,20,52:91:e3:a5:b4:bd,,3,-86.33,0.94,-86.33,3,0.94
96,20,36:20:f9:a1:8b:8e,CSE OFFICE,2,-72.5,0.5,-72.5,2,0.5
96,20,34:e8:94:10:7d:fa,Hall of Fame,16,-62.81,2.92,-62.81,16,2.92
96,20,e0:1c:fc:a8:de:0c,Rome,4,-82.25,2.17,-82.25,4,2.17
96,20,5c:e9:31:22:bf:96,,7,-81.86,1.73,-81.33,6,1.25
96,20,60:63:4c:7b:06:62,Zaeen-Zarir-Tultul,4,-85.5,0.5,-85.5,4,0.5
96,20,70:4c:a5:95:b2:d1,eduroam,2,-86.0,0.0,-86.0,2,0.0
96,20,c8:e7:d8:86:0c:9e,Room- 808,1,-85.0,0.0,-85.0,1,0.0
96,20,ac:15:a2:84:3d:1a,CSE_OBE_CELL,2,-86.5,0.5,-86.5,2,0.5
96,20,60:63:4c:ac:0c:cb,BTCL_WiFi_15/B,4,-82.0,2.55,-82.0,4,2.55
96,20,5e:a9:31:22:be:d6,CSE-LAB,12,-77.58,1.38,-77.27,11,0.96
96,20,34:60:f9:a1:88:56,,11,-59.82,1.4,-59.82,11,1.4
96,20,00:1e:2a:ba:c8:20,CSE-401,5,-66.4,3.88,-65.0,3,0.0
96,20,5c:e9:31:22:be:d6,,9,-77.0,1.05,-77.0,5,0.0
96,20,bc:22:28:21:09:b8,,8,-77.25,0.43,-77.0,6,0.0
96,20,28:87:ba:8d:5c:e6,BRINTA-10,8,-85.75,1.2,-85.75,8,1.2
96,20,12:99:b1:da:35:37,Galaxy M12 834E,5,-86.0,0.89,-86.0,5,0.89
96,20,b4:b0:24:06:ba:46,DSMC-TP-Link,6,-85.0,1.15,-85.0,6,1.15
96,20,e8:65:d4:94:60:68,Room no 1001,3,-86.33,2.36,-86.33,3,2.36
96,20,22:23:51:ac:f5:ae,Saiful,1,-86.0,0.0,-86.0,1,0.0
96,20,1e:61:b4:ac:79:f2,CSE-306BL,8,-74.0,1.12,-74.0,8,1.12
96,20,5c:e9:31:22:c8:de,,5,-81.4,0.8,-81.4,5,0.8
96,20,bc:22:28:20:b9:f6,CSE-503,1,-86.0,0.0,-86.0,1,0.0
96,20,bc:22:28:21:55:6c,,7,-76.86,0.99,-76.86,7,0.99
96,20,60:63:4c:ab:f6:6b,EEE_Teachers_WiFi,3,-86.67,2.05,-86.67,3,2.05
96,20,1c:61:b4:9c:7a:1a,,8,-82.0,1.32,-81.57,7,0.73
96,20,1e:61:b4:ac:7a:1a,CSE-306BL,7,-81.57,1.76,-82.17,6,1.07
96,20,5e:a9:31:22:bf:96,CSE-LAB,4,-83.5,0.5,-83.5,4,0.5
96,20,70:4c:a5:95:b6:00,BUET-Free-WiFi,3,-83.0,0.82,-83.0,3,0.82
96,20,a4:2b:b0:01:15:2c,ROOM-503,4,-80.5,2.5,-80.5,4,2.5
96,20,70:4c:a5:95:b2:d0,BUET-Free-WiFi,1,-87.0,0.0,-87.0,1,0.0
96,20,80:af:ca:11:95:ea,Graduate Lobby,1,-82.0,0.0,-82.0,1,0.0
96,20,34:60:f9:a1:8b:8e,,1,-69.0,0.0,-69.0,1,0.0
96,20,28:87:ba:35:8b:ea,4s,1,-87.0,0.0,-87.0,1,0.0
96,20,3e:52:a1:24:db:4a,,1,-86.0,0.0,-86.0,1,0.0
96,20,f6:f1:eb:90:57:e8,Redmi Note 10S,1,-88.0,0.0,-88.0,1,0.0
96,20,9c:c9:eb:50:1a:04,CSE-405,3,-88.0,0.0,-88.0,3,0.0
96,20,26:2f:d0:88:4c:62,IAC,1,-83.0,0.0,-83.0,1,0.0
96,20,50:eb:f6:17:73:b8,SHAN,2,-87.5,1.5,-87.5,2,1.5
96,20,cc:2d:21:f9:ee:e8,Princesses _606,2,-84.5,0.5,-84.5,2,0.5
96,20,20:23:51:9c:f5:ae,,1,-84.0,0.0,-84.0,1,0.0
96,20,74:da:88:f6:5d:8c,Mimi,1,-89.0,0.0,-89.0,1,0.0
97,20,e8:65:d4:94:60:68,Room no 1001,2,-85.0,0.0,-85.0,2,0.0
97,20,60:63:4c:31:37:40,CSE-303,14,-53.93,1.33,-53.93,14,1.33
97,20,00:22:b0:05:f3:51,CSE-108,5,-79.4,2.94,-79.4,5,2.94
97,20,1e:61:b4:ac:7a:1a,CSE-306BL,16,-80.62,1.45,-80.62,16,1.45
97,20,34:60:f9:a1:88:57,,2,-79.0,0.0,-79.0,2,0.0
97,20,60:63:4c:31:37:48,dlink,20,-72.15,0.96,-72.0,13,0.0
97,20,78:98:e8:38:3b:04,Arham 2.5G Network,11,-85.36,0.77,-85.36,11,0.77
97,20,f2:1f:ea:6b:fb:06,hawk,2,-63.0,0.0,-63.0,2,0.0
97,20,34:60:f9:a1:88:62,,15,-67.53,1.54,-67.29,14,1.28
97,20,34:60:f9:a1:88:63,,2,-85.0,0.0,-85.0,2,0.0
97,20,70:4c:a5:64:bf:18,BUET-Free-WiFi,16,-71.31,2.99,-72.25,12,1.48
97,20,70:4c:a5:64:bf:19,eduroam,6,-68.83,3.58,-68.83,6,3.58
97,20,30:b5:c2:ea:5b:44,DataLab@BUET,18,-61.22,1.9,-61.22,18,1.9
97,20,cc:2d:21:4e:ae:60,Sidolli 708,2,-82.0,0.0,-82.0,2,0.0
97,20,bc:22:28:21:09:b7,CSE-206,20,-75.35,1.53,-75.53,17,0.78
97,20,5e:a9:31:22:be:d6,CSE-LAB,2,-71.0,0.0,-71.0,2,0.0
97,20,50:d4:f7:9b:ed:46,HAMEEM,2,-85.0,0.0,-85.0,2,0.0
97,20,36:20:f9:a1:8b:8e,CSE OFFICE,5,-75.2,0.98,-75.2,5,0.98
97,20,34:e8:94:10:7d:fa,Hall of Fame,20,-64.85,4.96,-64.85,20,4.96
97,20,cc:2d:21:36:d7:90,Savage-us,2,-74.0,0.0,-74.0,2,0.0
97,20,bc:22:28:21:55:6b,CSE-104,2,-82.0,0.0,-82.0,2,0.0
97,20,60:63:4c:31:37:60,CSE-306,7,-75.86,2.03,-75.86,7,2.03
97,20,36:20:f9:a1:88:62,CSE OFFICE,11,-68.09,2.5,-68.09,11,2.5
97,20,36:62:f9:a1:88:63,CSE OFFICE,3,-85.0,0.0,-85.0,3,0.0
97,20,bc:62:ce:6a:3a:2a,RBH 204,11,-80.0,1.21,-80.0,11,1.21
97,20,5c:e9:31:22:bb:0a,,4,-66.25,1.79,-66.25,4,1.79
97,20,36:62:f9:a1:88:57,CSE OFFICE,20,-77.3,1.38,-76.94,18,0.91
97,20,bc:22:28:21:09:ba,CSE-206,20,-70.3,1.82,-70.28,18,1.19
97,20,26:2f:d0:88:4c:62,IAC,3,-85.0,0.0,-85.0,3,0.0
97,20,be:ed:be:10:4e:dc,Shabab's Galaxy A52,20,-75.05,1.12,-75.05,20,1.12
97,20,36:20:f9:a1:88:56,CSE OFFICE,19,-55.21,4.3,-53.44,16,1.41
97,20,cc:2d:21:14:ab:60,Sree♥️,2,-87.0,0.0,-87.0,2,0.0
97,20,00:22:b0:05:f3:bc,CSE-204,20,-53.05,5.77,-53.05,20,5.77
97,20,bc:22:28:21:55:6e,CSE-104,19,-67.37,1.18,-67.15,13,0.36
97,20,5e:a9:31:22:bb:0a,CSE-LAB,4,-66.75,2.28,-66.75,4,2.28
97,20,18:0f:76:c3:06:8d,CSE-304,6,-63.83,2.19,-63.83,6,2.19
97,20,1e:61:b4:ac:79:f2,CSE-306BL,1,-77.0,0.0,-77.0,1,0.0
97,20,74:da:88:f6:5d:8c,Mimi,17,-85.29,1.87,-85.57,14,0.9
97,20,34:60:f9:a1:88:56,,16,-54.0,2.45,-53.85,13,1.03
97,20,5c:e9:31:22:c8:de,,6,-81.17,1.77,-80.4,5,0.49
97,20,70:4c:a5:64:bc:61,eduroam,17,-83.59,1.19,-83.44,16,1.06
97,20,bc:22:28:21:09:b8,,18,-75.72,1.15,-75.44,16,0.86
97,20,28:3b:82:4d:c2:ee,801 roomies,6,-86.83,0.69,-86.83,6,0.69
97,20,5e:a9:31:22:c8:de,CSE-LAB,14,-81.0,1.31,-81.0,14,1.31
97,20,12:99:b1:da:35:37,Galaxy M12 834E,4,-87.25,1.3,-87.25,4,1.3
97,20,7a:da:88:f6:5d:8c,,16,-84.81,2.01,-85.2,15,1.38
97,20,70:4c:a5:64:bc:60,BUET-Free-WiFi,10,-83.0,1.55,-83.0,10,1.55
97,20,00:1e:2a:ba:c8:20,CSE-401,2,-79.0,2.0,-79.0,2,2.0
97,20,70:4c:a5:95:b6:01,eduroam,4,-86.0,1.22,-86.0,4,1.22
97,20,28:87:ba:35:8b:ea,4s,4,-84.0,0.71,-84.0,4,0.71
97,20,1c:61:b4:9c:7a:1a,,13,-80.77,0.97,-80.77,13,0.97
97,20,70:4c:a5:95:a4:18,BUET-Free-WiFi,1,-91.0,0.0,-91.0,1,0.0
97,20,70:4c:a5:95:92:f1,eduroam,3,-85.33,2.05,-85.33,3,2.05
97,20,5c:e9:31:22:be:d6,,4,-79.75,1.92,-79.75,4,1.92
97,20,c8:e7:d8:82:59:3c,Room 704,7,-86.0,1.51,-86.0,7,1.51
97,20,5c:e9:31:22:bf:96,,11,-82.91,1.44,-82.91,11,1.44
97,20,5e:a9:31:22:bf:96,CSE-LAB,9,-83.0,0.67,-83.0,5,0.0
97,20,cc:2d:21:67:fd:20,Room no 710,7,-86.43,0.9,-86.43,7,0.9
97,20,54:af:97:71:b9:9d,EEE-240,1,-86.0,0.0,-86.0,1,0.0
97,20,10:62:eb:77:b7:42,CSE-G04,2,-75.5,0.5,-75.5,2,0.5
97,20,e8:65:d4:52:b3:b0,ROOM-709,3,-79.0,2.94,-79.0,3,2.94
97,20,bc:22:28:20:b9:f6,CSE-503,1,-88.0,0.0,-88.0,1,0.0
97,20,84:d8:1b:92:d7:fa,Room-906,1,-86.0,0.0,-86.0,1,0.0
97,20,c0:25:2f:b1:a3:7a,Md. Himel Hasan,2,-87.5,0.5,-87.5,2,0.5
97,20,d4:5d:64:1b:40:e4,Asma Sultana,2,-88.0,1.0,-88.0,2,1.0
97,20,c8:e7:d8:82:8d:42,Fairy & ghost,1,-87.0,0.0,-87.0,1,0.0
97,20,70:4c:a5:95:92:f0,BUET-Free-WiFi,1,-85.0,0.0,-85.0,1,0.0
98,20,e8:65:d4:52:b3:b0,ROOM-709,2,-74.0,3.0,-74.0,2,3.0
98,20,7a:da:88:f6:5d:8c,,19,-84.16,3.41,-84.89,18,1.45
98,20,60:63:4c:31:37:40,CSE-303,12,-60.75,1.01,-61.0,7,0.0
98,20,74:da:88:f6:5d:8c,Mimi,19,-85.68,2.41,-86.17,18,1.3
98,20,60:63:4c:31:37:48,dlink,20,-76.25,0.62,-76.0,14,0.0
98,20,70:4c:a5:64:bc:60,BUET-Free-WiFi,14,-84.0,0.85,-84.15,13,0.66
98,20,34:60:f9:a1:88:62,,4,-69.25,0.83,-69.25,4,0.83
98,20,70:4c:a5:64:bc:61,eduroam,20,-83.85,0.96,-83.85,20,0.96
98,20,70:4c:a5:64:bf:18,BUET-Free-WiFi,8,-68.88,2.47,-69.0,5,0.0
98,20,70:4c:a5:64:bf:19,eduroam,4,-69.0,2.35,-69.0,4,2.35
98,20,cc:2d:21:67:fd:20,Room no 710,18,-85.5,1.26,-85.44,16,0.79
98,20,30:b5:c2:ea:5b:44,DataLab@BUET,17,-55.24,2.88,-56.07,15,1.88
98,20,bc:22:28:21:09:b8,,10,-75.8,1.72,-76.22,9,1.23
98,20,bc:22:28:21:09:b7,CSE-206,19,-75.63,2.13,-75.82,17,0.71
98,20,60:83:e7:4e:54:6a,BUET_EEE234,1,-81.0,0.0,-81.0,1,0.0
98,20,34:e8:94:10:7d:fa,Hall of Fame,18,-55.06,1.39,-55.06,18,1.39
98,20,c8:e7:d8:82:59:3c,Room 704,2,-87.0,1.0,-87.0,2,1.0
98,20,cc:2d:21:36:d7:90,Savage-us,6,-76.17,2.41,-76.17,6,2.41
98,20,5c:e9:31:22:bf:96,,2,-85.5,1.5,-85.5,2,1.5
98,20,36:20:f9:a1:88:62,CSE OFFICE,3,-63.67,6.18,-63.67,3,6.18
98,20,36:62:f9:a1:88:63,CSE OFFICE,1,-87.0,0.0,-87.0,1,0.0
98,20,5e:a9:31:22:bf:96,CSE-LAB,3,-83.33,2.62,-83.33,3,2.62
98,20,bc:62:ce:6a:3a:2a,RBH 204,3,-83.33,0.94,-83.33,3,0.94
98,20,36:62:f9:a1:88:57,CSE OFFICE,19,-79.16,0.67,-79.0,13,0.0
98,20,bc:22:28:21:09:ba,CSE-206,20,-70.25,1.58,-70.58,19,0.67
98,20,be:ed:be:10:4e:dc,Shabab's Galaxy A52,20,-83.1,2.1,-83.1,20,2.1
98,20,36:20:f9:a1:88:56,CSE OFFICE,13,-60.46,3.86,-60.46,13,3.86
98,20,cc:2d:21:14:ab:60,Sree♥️,1,-85.0,0.0,-85.0,1,0.0
98,20,00:22:b0:05:f3:bc,CSE-204,19,-57.95,3.36,-58.5,18,2.48
98,20,bc:22:28:21:55:6e,CSE-104,13,-73.69,1.68,-73.69,13,1.68
98,20,5e:a9:31:22:bb:0a,CSE-LAB,6,-63.67,1.8,-64.4,5,0.8
98,20,bc:22:28:21:70:60,,1,-84.0,0.0,-84.0,1,0.0
98,20,ac:15:a2:84:3d:1a,CSE_OBE_CELL,3,-81.67,0.47,-81.67,3,0.47
98,20,34:60:f9:a1:88:56,,4,-64.0,0.71,-64.0,4,0.71
98,20,5c:e9:31:22:be:d6,,5,-79.4,0.49,-79.4,5,0.49
98,20,50:d4:f7:9b:ed:46,HAMEEM,1,-81.0,0.0,-81.0,1,0.0
98,20,36:20:f9:a1:8b:8e,CSE OFFICE,2,-78.0,2.0,-78.0,2,2.0
98,20,ac:15:a2:4c:49:9a,Paradise ,5,-87.4,1.02,-87.4,5,1.02
98,20,e8:48:b8:4e:b9:a2,Creative girls,15,-86.6,2.52,-87.54,13,0.84
98,20,1e:61:b4:ac:7a:1a,CSE-306BL,4,-85.5,0.87,-85.5,4,0.87
98,20,4c:ed:fb:d1:5a:d8,Room no.912,2,-84.5,0.5,-84.5,2,0.5
98,20,5e:a9:31:22:c8:de,CSE-LAB,3,-80.67,0.47,-80.67,3,0.47
98,20,66:83:e7:4e:54:6a,,2,-85.0,2.0,-85.0,2,2.0
98,20,60:63:4c:31:37:60,CSE-306,2,-76.0,5.0,-76.0,2,5.0
98,20,5c:e9:31:22:bb:0a,,2,-63.5,0.5,-63.5,2,0.5
98,20,1c:61:b4:9c:7a:1a,,3,-84.0,0.82,-84.0,3,0.82
98,20,18:0f:76:c3:06:8d,CSE-304,1,-64.0,0.0,-64.0,1,0.0
98,20,50:d4:f7:15:d1:ee,Corona virus,2,-87.0,0.0,-87.0,2,0.0
98,20,78:98:e8:38:3b:04,Arham 2.5G Network,1,-86.0,0.0,-86.0,1,0.0
98,20,84:d8:1b:92:d7:fa,Room-906,11,-86.18,0.72,-86.18,11,0.72
98,20,28:3b:82:4d:c2:ee,801 roomies,1,-86.0,0.0,-86.0,1,0.0
98,20,e8:65:d4:94:60:68,Room no 1001,1,-89.0,0.0,-89.0,1,0.0
98,20,1c:61:b4:9c:79:f2,,4,-82.0,1.87,-82.0,4,1.87
98,20,34:60:f9:6c:f3:02,Nahiyan,3,-85.0,0.82,-85.0,3,0.82
98,20,34:60:f9:a1:88:57,,4,-79.0,0.71,-79.0,4,0.71
98,20,bc:22:28:21:55:6c,,4,-84.25,0.83,-84.25,4,0.83
98,20,bc:22:28:21:55:6b,CSE-104,3,-84.0,0.0,-84.0,3,0.0
98,20,cc:2d:21:f9:ee:e8,Princesses _606,2,-85.5,1.5,-85.5,2,1.5
98,20,1e:61:b4:ac:79:f2,CSE-306BL,1,-82.0,0.0,-82.0,1,0.0
98,20,f2:8b:25:5c:f1:42,M10,1,-87.0,0.0,-87.0,1,0.0
98,20,5c:e9:31:97:28:f4,Room no 1103,1,-82.0,0.0,-82.0,1,0.0
98,20,24:2f:d0:88:4c:62,,2,-82.0,1.0,-82.0,2,1.0
98,20,26:2f:d0:88:39:a2,IAC,2,-75.5,0.5,-75.5,2,0.5
98,20,24:2f:d0:88:39:a2,,2,-75.5,0.5,-75.5,2,0.5
98,20,5c:e9:31:22:c8:de,,1,-86.0,0.0,-86.0,1,0.0
99,20,b8:3a:08:dd:a2:98,Room no. 306,5,-86.8,0.98,-87.0,3,0.0
99,20,1e:61:b4:ac:79:f2,CSE-306BL,4,-72.0,1.87,-72.0,4,1.87
99,20,7a:da:88:f6:5d:8c,,20,-82.75,3.03,-82.75,20,3.03
99,20,1e:61:b4:ac:7a:1a,CSE-306BL,2,-82.0,1.0,-82.0,2,1.0
99,20,74:da:88:f6:5d:8c,Mimi,19,-83.37,2.78,-83.72,18,2.4
99,20,60:63:4c:31:37:48,dlink,20,-71.65,1.15,-71.47,19,0.88
99,20,70:4c:a5:64:bc:60,BUET-Free-WiFi,20,-75.1,0.83,-75.21,19,0.69
99,20,5c:e9:31:22:c8:de,,3,-78.67,1.25,-78.67,3,1.25
99,20,70:4c:a5:64:bc:61,eduroam,20,-74.75,1.37,-74.75,20,1.37
99,20,cc:2d:21:3e:5b:b0,Room 202,1,-84.0,0.0,-84.0,1,0.0
99,20,bc:22:28:21:09:b7,CSE-206,18,-76.83,0.96,-77.0,17,0.69
99,20,24:2f:d0:88:39:a2,,2,-67.5,3.5,-67.5,2,3.5
99,20,bc:22:28:21:55:6b,CSE-104,19,-61.11,0.72,-61.11,19,0.72
99,20,36:62:f9:a1:88:63,CSE OFFICE,15,-78.0,1.26,-78.21,14,1.01
99,20,12:99:b1:da:35:37,Galaxy M12 834E,2,-87.0,1.0,-87.0,2,1.0
99,20,60:63:4c:31:37:68,dlink,20,-84.9,0.89,-84.9,20,0.89
99,20,bc:22:28:21:09:ba,CSE-206,20,-74.55,2.4,-74.55,20,2.4
99,20,be:ed:be:10:4e:dc,Shabab's Galaxy A52,20,-83.55,3.29,-84.11,19,2.29
99,20,00:22:b0:05:f3:bc,CSE-204,16,-67.0,2.87,-67.67,15,1.3
99,20,bc:22:28:21:55:6e,CSE-104,18,-51.0,1.6,-50.65,17,0.68
99,20,60:63:4c:31:37:40,CSE-303,11,-51.36,2.64,-51.36,11,2.64
99,20,70:4c:a5:64:bf:18,BUET-Free-WiFi,13,-66.85,3.7,-66.78,9,1.81
99,20,30:b5:c2:ea:5b:44,DataLab@BUET,10,-63.8,1.83,-63.8,10,1.83
99,20,36:20:f9:a1:88:56,CSE OFFICE,8,-67.0,0.87,-67.0,5,0.0
99,20,10:62:eb:77:b7:42,CSE-G04,15,-57.33,1.19,-57.33,15,1.19
99,20,60:63:4c:ab:f6:6b,EEE_Teachers_WiFi,2,-88.5,1.5,-88.5,2,1.5
99,20,18:0f:76:c3:06:8d,CSE-304,8,-57.0,2.0,-56.43,7,1.4
99,20,00:22:b0:05:f3:51,CSE-108,3,-80.0,2.94,-80.0,3,2.94
99,20,34:60:f9:a1:8b:8f,,6,-83.67,0.75,-83.67,6,0.75
99,20,34:60:f9:a1:88:62,,5,-58.8,1.33,-58.25,4,0.83
99,20,34:60:f9:a1:88:63,,4,-78.75,0.43,-78.75,4,0.43
99,20,bc:22:28:21:09:b8,,6,-77.17,0.37,-77.0,5,0.0
99,20,36:62:f9:a1:8b:8f,CSE OFFICE,4,-84.25,0.83,-84.25,4,0.83
99,20,bc:22:28:21:55:6c,,6,-61.17,0.69,-61.17,6,0.69
99,20,5e:a9:31:22:bb:0a,CSE-LAB,1,-78.0,0.0,-78.0,1,0.0
99,20,cc:2d:21:36:d7:90,Savage-us,3,-82.33,2.62,-82.33,3,2.62
99,20,60:63:4c:31:37:60,CSE-306,5,-70.2,1.72,-71.0,4,0.71
99,20,36:20:f9:a1:88:62,CSE OFFICE,8,-58.75,2.73,-58.75,8,2.73
99,20,a4:2b:b0:01:15:2c,ROOM-503,4,-80.25,1.09,-80.25,4,1.09
99,20,5c:e9:31:22:bb:0a,,1,-72.0,0.0,-72.0,1,0.0
99,20,1c:61:b4:9c:7a:1a,,2,-81.0,1.0,-81.0,2,1.0
99,20,70:4c:a5:95:92:f1,eduroam,1,-82.0,0.0,-82.0,1,0.0
99,20,60:63:4c:ac:0c:cb,BTCL_WiFi_15/B,1,-87.0,0.0,-87.0,1,0.0
99,20,5e:a9:31:22:c8:de,CSE-LAB,3,-78.33,0.94,-78.33,3,0.94
99,20,66:83:e7:4e:54:6a,,1,-84.0,0.0,-84.0,1,0.0
99,20,00:1e:2a:ba:c8:20,CSE-401,1,-81.0,0.0,-81.0,1,0.0
99,20,70:4c:a5:64:bf:19,eduroam,6,-67.17,0.9,-67.17,6,0.9
99,20,34:e8:94:10:7d:fa,Hall of Fame,4,-74.75,5.12,-74.75,4,5.12
99,20,2e:87:ba:35:8b:ea,,1,-86.0,0.0,-86.0,1,0.0
99,20,e6:cc:23:77:cd:dd,Galaxy A50,1,-85.0,0.0,-85.0,1,0.0
99,20,70:4c:a5:d3:60:41,eduroam,6,-85.0,1.0,-85.4,5,0.49
99,20,24:2f:d0:88:4c:62,,3,-79.33,1.25,-79.33,3,1.25
99,20,1e:52:21:8f:f4:6b,Mohiuddin111,1,-88.0,0.0,-88.0,1,0.0
99,20,70:4c:a5:d3:60:40,BUET-Free-WiFi,4,-84.75,0.83,-84.75,4,0.83
99,20,5e:a9:31:22:bf:96,CSE-LAB,1,-83.0,0.0,-83.0,1,0.0
99,20,70:4c:a5:95:92:f0,BUET-Free-WiFi,1,-84.0,0.0,-84.0,1,0.0
99,20,78:98:e8:38:3b:04,Arham 2.5G Network,2,-86.0,0.0,-86.0,2,0.0
99,20,1c:61:b4:9c:79:f2,,2,-75.0,2.0,-75.0,2,2.0
99,20,34:60:f9:a1:88:57,,1,-84.0,0.0,-84.0,1,0.0
99,20,36:62:f9:a1:88:57,CSE OFFICE,1,-85.0,0.0,-85.0,1,0.0
99,20,70:4c:a5:95:b6:01,eduroam,1,-80.0,0.0,-80.0,1,0.0
99,20,36:20:f9:a1:8b:8e,CSE OFFICE,1,-69.0,0.0,-69.0,1,0.0
100,20,7a:da:88:f6:5d:8c,,20,-81.05,2.18,-81.32,19,1.89
100,20,70:4c:a5:95:92:f1,eduroam,3,-83.0,1.63,-83.0,3,1.63
100,20,60:63:4c:31:37:40,CSE-303,15,-58.33,2.02,-57.93,14,1.39
100,20,60:63:4c:ac:0c:cb,BTCL_WiFi_15/B,2,-89.5,0.5,-89.5,2,0.5
100,20,74:da:88:f6:5d:8c,Mimi,20,-80.7,2.3,-80.7,20,2.3
100,20,60:63:4c:31:37:48,dlink,20,-71.3,1.05,-71.33,18,0.47
100,20,70:4c:a5:64:bc:60,BUET-Free-WiFi,20,-74.2,1.03,-74.2,20,1.03
100,20,5c:e9:31:22:c8:de,,5,-80.0,0.63,-80.0,3,0.0
100,20,70:4c:a5:64:bc:61,eduroam,20,-74.35,0.96,-74.47,19,0.82
100,20,30:b5:c2:ea:5b:44,DataLab@BUET,14,-58.29,1.71,-58.29,14,1.71
100,20,18:d6:c7:ab:26:90,402,1,-85.0,0.0,-85.0,1,0.0
100,20,d4:6e:0e:87:57:c2,Ame505,1,-87.0,0.0,-87.0,1,0.0
100,20,bc:22:28:21:09:b7,CSE-206,16,-77.69,1.26,-77.69,16,1.26
100,20,1c:61:b4:9c:79:f2,,7,-78.43,1.05,-78.43,7,1.05
100,20,bc:22:28:21:55:6b,CSE-104,7,-78.57,0.73,-78.57,7,0.73
100,20,36:20:f9:a1:88:62,CSE OFFICE,10,-58.1,2.39,-57.44,9,1.42
100,20,36:62:f9:a1:88:63,CSE OFFICE,20,-74.2,1.36,-74.0,12,0.0
100,20,bc:62:ce:6a:3a:2a,RBH 204,5,-80.6,2.42,-81.75,4,0.83
100,20,36:62:f9:a1:88:57,CSE OFFICE,20,-79.85,0.73,-79.85,20,0.73
100,20,2e:87:ba:35:8b:ea,,1,-79.0,0.0,-79.0,1,0.0
100,20,bc:22:28:21:09:ba,CSE-206,20,-69.75,1.34,-69.29,17,0.82
100,20,be:ed:be:10:4e:dc,Shabab's Galaxy A52,20,-84.7,1.55,-84.7,20,1.55
100,20,00:e0:4c:94:c8:f8,Room514,1,-84.0,0.0,-84.0,1,0.0
100,20,00:22:b0:05:f3:bc,CSE-204,20,-63.7,2.08,-63.7,20,2.08
100,20,bc:22:28:21:55:6e,CSE-104,14,-69.29,1.44,-69.29,14,1.44
100,20,70:4c:a5:95:a4:19,eduroam,1,-84.0,0.0,-84.0,1,0.0
100,20,78:98:e8:38:3b:04,Arham 2.5G Network,5,-85.0,0.89,-85.0,5,0.89
100,20,70:4c:a5:64:bf:18,BUET-Free-WiFi,10,-66.4,5.0,-66.4,10,5.0
100,20,cc:2d:21:37:0c:98,Room 705,2,-84.0,2.0,-84.0,2,2.0
100,20,5e:a9:31:22:c8:de,CSE-LAB,3,-79.0,0.82,-79.0,3,0.82
100,20,5e:a9:31:22:bf:96,CSE-LAB,3,-84.0,0.82,-84.0,3,0.82
100,20,60:63:4c:ab:f6:6b,EEE_Teachers_WiFi,2,-87.0,0.0,-87.0,2,0.0
100,20,5e:a9:31:22:bb:0a,CSE-LAB,1,-71.0,0.0,-71.0,1,0.0
100,20,1e:61:b4:ac:7a:1a,CSE-306BL,3,-82.67,0.94,-82.67,3,0.94
100,20,00:22:b0:05:f3:51,CSE-108,5,-80.4,5.24,-80.4,5,5.24
100,20,34:60:f9:a1:88:57,,3,-80.33,0.47,-80.33,3,0.47
100,20,34:60:f9:a1:88:62,,3,-59.0,2.16,-59.0,3,2.16
100,20,34:60:f9:a1:88:63,,4,-73.75,0.43,-73.75,4,0.43
100,20,00:1e:2a:ba:c8:20,CSE-401,1,-72.0,0.0,-72.0,1,0.0
100,20,bc:22:28:21:09:b8,,5,-78.6,1.74,-78.6,5,1.74
100,20,34:e8:94:10:7d:fa,Hall of Fame,7,-69.86,5.49,-69.86,7,5.49
100,20,cc:2d:21:36:d7:90,Savage-us,4,-74.75,2.77,-74.75,4,2.77
100,20,bc:22:28:21:55:6c,,1,-78.0,0.0,-78.0,1,0.0
100,20,3c:52:a1:c4:db:4a,palashi association,1,-81.0,0.0,-81.0,1,0.0
100,20,5c:e9:31:22:bb:0a,,1,-73.0,0.0,-73.0,1,0.0
100,20,cc:2d:21:f9:ee:e8,Princesses _606,1,-85.0,0.0,-85.0,1,0.0
100,20,1c:61:b4:9c:7a:1a,,5,-78.6,2.42,-79.75,4,0.83
100,20,5c:e9:31:22:be:d6,,1,-74.0,0.0,-74.0,1,0.0
100,20,5e:a9:31:22:be:d6,CSE-LAB,1,-73.0,0.0,-73.0,1,0.0
100,20,18:0f:76:c3:06:8d,CSE-304,4,-59.25,1.09,-59.25,4,1.09
100,20,70:4c:a5:64:bf:19,eduroam,5,-66.8,4.35,-66.8,5,4.35
100,20,36:20:f9:a1:88:56,CSE OFFICE,5,-59.8,3.66,-59.8,5,3.66
100,20,60:63:4c:31:37:60,CSE-306,2,-66.5,5.5,-66.5,2,5.5
100,20,f4:a4:54:87:35:58,BTCL,1,-88.0,0.0,-88.0,1,0.0
100,20,12:99:b1:da:35:37,Galaxy M12 834E,9,-86.22,1.99,-87.0,6,0.0
100,20,36:20:f9:a1:8b:8e,CSE OFFICE,1,-73.0,0.0,-73.0,1,0.0
100,20,d4:5d:64:1b:40:e4,Asma Sultana,1,-82.0,0.0,-82.0,1,0.0
100,20,34:60:f9:a1:8b:8e,,2,-55.5,1.5,-55.5,2,1.5
100,20,24:2f:d0:88:4c:62,,1,-85.0,0.0,-85.0,1,0.0
100,20,10:62:eb:77:b7:42,CSE-G04,1,-74.0,0.0,-74.0,1,0.0
100,20,60:63:4c:31:37:68,dlink,2,-88.0,0.0,-88.0,2,0.0
100,20,34:60:f9:6c:f3:02,Nahiyan,1,-88.0,0.0,-88.0,1,0.0
100,20,66:83:e7:4e:54:6a,,1,-88.0,0.0,-88.0,1,0.0
100,20,24:2f:d0:88:39:a2,,1,-69.0,0.0,-69.0,1,0.0
100,20,26:2f:d0:88:39:a2,IAC,2,-69.5,0.5,-69.5,2,0.5
101,20,7a:da:88:f6:5d:8c,,16,-84.25,3.58,-85.85,13,1.23
101,20,c8:d3:a3:21:82:88,CSE-118,4,-87.25,0.83,-87.25,4,0.83
101,20,60:63:4c:31:37:40,CSE-303,12,-54.42,2.53,-53.73,11,1.14
101,20,74:da:88:f6:5d:8c,Mimi,15,-84.13,3.54,-84.93,14,1.98
101,20,60:63:4c:31:37:48,dlink,20,-63.05,0.38,-63.0,17,0.0
101,20,70:4c:a5:64:bc:60,BUET-Free-WiFi,18,-77.28,1.04,-77.41,17,0.91
101,20,70:4c:a5:64:bc:61,eduroam,20,-77.65,1.65,-77.61,18,0.49
101,20,30:b5:c2:ea:5b:44,DataLab@BUET,13,-57.31,3.24,-57.31,13,3.24
101,20,18:d6:c7:ab:26:90,402,1,-85.0,0.0,-85.0,1,0.0
101,20,bc:22:28:21:09:b7,CSE-206,19,-73.89,1.41,-73.67,18,1.05
101,20,5e:a9:31:22:be:d6,CSE-LAB,3,-69.67,5.79,-69.67,3,5.79
101,20,1c:61:b4:9c:79:f2,,5,-80.0,2.1,-80.0,5,2.1
101,20,36:20:f9:a1:88:62,CSE OFFICE,5,-60.6,1.62,-60.6,5,1.62
101,20,12:99:b1:da:35:37,Galaxy M12 834E,2,-85.5,1.5,-85.5,2,1.5
101,20,60:63:4c:31:37:68,dlink,11,-86.09,1.5,-86.5,10,0.81
101,20,bc:62:ce:6a:3a:2a,RBH 204,2,-79.0,6.0,-79.0,2,6.0
101,20,36:62:f9:a1:88:57,CSE OFFICE,20,-78.85,1.24,-79.06,17,0.64
101,20,bc:22:28:21:09:ba,CSE-206,20,-69.7,1.14,-69.67,18,0.67
101,20,be:ed:be:10:4e:dc,Shabab's Galaxy A52,20,-82.35,2.2,-82.35,20,2.2
101,20,36:20:f9:a1:88:56,CSE OFFICE,15,-56.2,0.98,-56.18,11,0.39
101,20,cc:2d:21:14:ab:60,Sree♥️,1,-86.0,0.0,-86.0,1,0.0
101,20,00:22:b0:05:f3:bc,CSE-204,20,-55.9,1.34,-55.9,20,1.34
101,20,bc:22:28:21:55:6e,CSE-104,8,-76.12,1.54,-76.57,7,1.05
101,20,70:4c:a5:95:a4:19,eduroam,2,-85.0,0.0,-85.0,2,0.0
101,20,70:4c:a5:95:a4:18,BUET-Free-WiFi,1,-84.0,0.0,-84.0,1,0.0
101,20,24:2f:d0:88:4c:62,,4,-82.25,1.3,-82.25,4,1.3
101,20,0c:80:63:ea:5d:6a,Roomies 1102,3,-83.67,4.03,-83.67,3,4.03
101,20,00:22:b0:05:f3:51,CSE-108,8,-81.62,2.29,-81.62,8,2.29
101,20,1e:61:b4:ac:7a:1a,CSE-306BL,5,-84.4,0.49,-84.4,5,0.49
101,20,90:6a:94:f9:b6:f5,CSE-314,2,-81.5,1.5,-81.5,2,1.5
101,20,34:60:f9:a1:88:57,,9,-78.33,1.41,-78.75,8,0.83
101,20,34:60:f9:a1:88:63,,9,-83.11,0.99,-83.11,9,0.99
101,20,bc:22:28:21:09:b8,,9,-74.56,1.42,-74.12,8,0.78
101,20,bc:22:28:21:55:6c,,7,-83.29,0.45,-83.29,7,0.45
101,20,5c:e9:31:22:bb:0a,,8,-67.75,1.39,-67.75,8,1.39
101,20,c8:e7:d8:86:0c:9e,Room- 808,1,-81.0,0.0,-81.0,1,0.0
101,20,5c:e9:31:22:c8:de,,1,-85.0,0.0,-85.0,1,0.0
101,20,34:e8:94:10:7d:fa,Hall of Fame,14,-68.07,2.55,-68.07,14,2.55
101,20,5e:a9:31:22:c8:de,CSE-LAB,1,-83.0,0.0,-83.0,1,0.0
101,20,84:d8:1b:92:d7:fa,Room-906,12,-84.33,3.5,-85.44,9,0.68
101,20,5c:e9:31:97:28:f4,Room no 1103,4,-73.75,0.43,-73.75,4,0.43
101,20,18:0f:76:c3:06:8d,CSE-304,2,-62.5,1.5,-62.5,2,1.5
101,20,0c:80:63:fb:72:74,Slow Wifi,1,-86.0,0.0,-86.0,1,0.0
101,20,70:4c:a5:95:92:f1,eduroam,2,-85.5,1.5,-85.5,2,1.5
101,20,34:60:f9:a1:88:56,,1,-57.0,0.0,-57.0,1,0.0
101,20,34:60:f9:6c:f3:02,Nahiyan,2,-86.5,0.5,-86.5,2,0.5
101,20,5c:e9:31:22:bf:96,,1,-82.0,0.0,-82.0,1,0.0
101,20,36:62:f9:a1:88:63,CSE OFFICE,10,-82.6,1.11,-82.89,9,0.74
101,20,5e:a9:31:22:bf:96,CSE-LAB,1,-83.0,0.0,-83.0,1,0.0
101,20,d4:5d:64:1b:40:e4,Asma Sultana,1,-85.0,0.0,-85.0,1,0.0
101,20,60:63:4c:ab:f6:6b,EEE_Teachers_WiFi,2,-88.0,0.0,-88.0,2,0.0
101,20,34:60:f9:a1:88:62,,5,-59.6,1.36,-59.0,4,0.71
101,20,cc:2d:21:36:d7:90,Savage-us,7,-74.86,1.88,-74.86,7,1.88
101,20,60:63:4c:31:37:60,CSE-306,3,-68.67,4.03,-68.67,3,4.03
101,20,34:60:f9:a1:8b:8e,,2,-73.5,1.5,-73.5,2,1.5
101,20,bc:22:28:21:55:6b,CSE-104,4,-83.5,0.5,-83.5,4,0.5
101,20,10:62:eb:77:b7:42,CSE-G04,2,-64.5,1.5,-64.5,2,1.5
101,20,70:4c:a5:64:bf:19,eduroam,3,-69.33,0.47,-69.33,3,0.47
101,20,b4:b0:24:06:ba:46,DSMC-TP-Link,1,-82.0,0.0,-82.0,1,0.0
101,20,26:2f:d0:88:4c:62,IAC,1,-84.0,0.0,-84.0,1,0.0
101,20,cc:2d:21:f9:ee:e8,Princesses _606,1,-84.0,0.0,-84.0,1,0.0
101,20,70:4c:a5:64:bf:18,BUET-Free-WiFi,2,-67.5,0.5,-67.5,2,0.5
102,20,ac:15:a2:84:3d:1a,CSE_OBE_CELL,1,-76.0,0.0,-76.0,1,0.0
102,20,7a:da:88:f6:5d:8c,,20,-83.15,2.52,-83.47,19,2.14
102,20,60:63:4c:31:37:40,CSE-303,12,-63.75,2.01,-64.27,11,1.05
102,20,ac:15:a2:60:2c:ee,Flowers 106,1,-86.0,0.0,-86.0,1,0.0
102,20,74:da:88:f6:5d:8c,Mimi,19,-82.74,2.83,-83.42,12,0.49
102,20,60:63:4c:31:37:48,dlink,20,-79.4,0.97,-79.26,19,0.78
102,20,70:4c:a5:64:bc:60,BUET-Free-WiFi,20,-79.7,2.1,-80.05,19,1.47
102,20,70:4c:a5:64:bc:61,eduroam,20,-79.9,2.14,-80.26,19,1.48
102,20,70:4c:a5:64:bf:18,BUET-Free-WiFi,6,-66.5,2.63,-67.6,5,1.02
102,20,f4:a4:54:87:35:58,BTCL,1,-84.0,0.0,-84.0,1,0.0
102,20,cc:2d:21:67:fd:20,Room no 710,2,-85.5,0.5,-85.5,2,0.5
102,20,30:b5:c2:ea:5b:44,DataLab@BUET,12,-57.42,2.1,-57.42,12,2.1
102,20,bc:22:28:21:09:b7,CSE-206,16,-78.5,1.06,-78.5,16,1.06
102,20,34:e8:94:10:7d:fa,Hall of Fame,16,-57.62,0.78,-57.62,16,0.78
102,20,36:20:f9:a1:88:62,CSE OFFICE,2,-69.0,5.0,-69.0,2,5.0
102,20,36:62:f9:a1:88:57,CSE OFFICE,20,-79.25,1.22,-79.17,18,0.76
102,20,bc:22:28:21:09:ba,CSE-206,20,-71.9,1.58,-71.9,20,1.58
102,20,be:ed:be:10:4e:dc,Shabab's Galaxy A52,20,-78.75,2.45,-78.75,20,2.45
102,20,36:20:f9:a1:88:56,CSE OFFICE,13,-60.23,1.42,-60.73,11,0.86
102,20,cc:2d:21:9c:77:b0,Creativity 406,1,-84.0,0.0,-84.0,1,0.0
102,20,c8:e7:d8:82:7d:54,Tilottoma1002,1,-85.0,0.0,-85.0,1,0.0
102,20,cc:2d:21:14:ab:60,Sree♥️,2,-83.0,0.0,-83.0,2,0.0
102,20,00:22:b0:05:f3:bc,CSE-204,19,-57.37,1.95,-57.37,19,1.95
102,20,bc:22:28:21:55:6e,CSE-104,9,-77.78,3.12,-77.78,9,3.12
102,20,18:0f:76:c3:06:8d,CSE-304,1,-60.0,0.0,-60.0,1,0.0
102,20,ae:15:a2:70:2c:ee,Baby,1,-85.0,0.0,-85.0,1,0.0
102,20,e8:65:d4:94:60:68,Room no 1001,5,-80.6,1.62,-80.6,5,1.62
102,20,1e:61:b4:ac:79:f2,CSE-306BL,1,-76.0,0.0,-76.0,1,0.0
102,20,70:4c:a5:64:bf:19,eduroam,5,-67.8,1.17,-67.8,5,1.17
102,20,1c:61:b4:9c:79:f2,,3,-78.33,0.94,-78.33,3,0.94
102,20,b4:b0:24:06:ba:46,DSMC-TP-Link,1,-84.0,0.0,-84.0,1,0.0
102,20,26:2f:d0:88:39:a2,IAC,1,-80.0,0.0,-80.0,1,0.0
102,20,5e:a9:31:22:bb:0a,CSE-LAB,4,-71.25,1.48,-71.25,4,1.48
102,20,28:87:ba:8d:5c:e6,BRINTA-10,1,-84.0,0.0,-84.0,1,0.0
102,20,34:60:f9:6c:f3:02,Nahiyan,2,-85.5,0.5,-85.5,2,0.5
102,20,84:d8:1b:92:d7:fa,Room-906,2,-88.0,1.0,-88.0,2,1.0
102,20,1e:61:b4:ac:7a:1a,CSE-306BL,7,-81.86,2.53,-82.83,6,0.9
102,20,34:60:f9:a1:88:57,,4,-78.75,0.43,-78.75,4,0.43
102,20,bc:22:28:21:09:b8,,8,-78.12,1.05,-78.12,8,1.05
102,20,ac:15:a2:4c:49:9a,Paradise ,7,-86.71,3.28,-88.0,6,1.0
102,20,cc:2d:21:3e:9d:18,Lapatta Ladies,5,-85.8,0.75,-85.8,5,0.75
102,20,bc:22:28:21:55:6c,,4,-85.25,1.09,-85.25,4,1.09
102,20,0c:80:63:b5:ec:68,শেষের কবিতা ,13,-87.85,0.77,-88.0,8,0.0
102,20,10:62:eb:77:b7:42,CSE-G04,3,-71.67,1.25,-71.67,3,1.25
102,20,24:2f:d0:88:4c:62,,2,-86.0,0.0,-86.0,2,0.0
102,20,70:4c:a5:95:92:f0,BUET-Free-WiFi,3,-85.67,0.94,-85.67,3,0.94
102,20,00:22:b0:05:f3:51,CSE-108,3,-81.33,3.86,-81.33,3,3.86
102,20,34:60:f9:a1:88:62,,3,-73.33,0.94,-73.33,3,0.94
102,20,cc:2d:21:36:d7:90,Savage-us,4,-73.25,5.63,-73.25,4,5.63
102,20,60:63:4c:31:37:60,CSE-306,2,-71.0,2.0,-71.0,2,2.0
102,20,78:98:e8:38:3b:04,Arham 2.5G Network,2,-83.5,4.5,-83.5,2,4.5
102,20,5c:e9:31:22:be:d6,,5,-79.0,0.63,-79.0,3,0.0
102,20,5e:a9:31:22:c8:de,CSE-LAB,4,-85.5,1.5,-85.5,4,1.5
102,20,24:2f:d0:88:39:a2,,1,-80.0,0.0,-80.0,1,0.0
102,20,bc:62:ce:6a:3a:2a,RBH 204,8,-79.0,1.12,-79.0,6,0.58
102,20,e8:65:d4:52:b3:b0,ROOM-709,3,-75.67,1.25,-75.67,3,1.25
102,20,34:60:f9:a1:88:56,,5,-60.6,0.8,-60.6,5,0.8
102,20,1c:61:b4:9c:7a:1a,,5,-83.2,0.4,-83.0,4,0.0
102,20,c8:e7:d8:86:0c:9e,Room- 808,3,-86.67,1.25,-86.67,3,1.25
102,20,d4:5d:64:1b:40:e4,Asma Sultana,2,-86.0,1.0,-86.0,2,1.0
102,20,5c:e9:31:97:28:f4,Room no 1103,3,-79.67,1.25,-79.67,3,1.25
102,20,5c:e9:31:22:c8:de,,1,-85.0,0.0,-85.0,1,0.0
102,20,00:1e:2a:ba:c8:20,CSE-401,4,-69.0,0.71,-69.0,4,0.71
102,20,5e:a9:31:22:bf:96,CSE-LAB,2,-84.5,4.5,-84.5,2,4.5
102,20,50:d4:f7:9b:ed:46,HAMEEM,1,-90.0,0.0,-90.0,1,0.0
102,20,bc:22:28:21:55:6b,CSE-104,1,-84.0,0.0,-84.0,1,0.0
102,20,5c:e9:31:22:bb:0a,,1,-71.0,0.0,-71.0,1,0.0
102,20,cc:2d:21:f9:ee:e8,Princesses _606,1,-86.0,0.0,-86.0,1,0.0
